[Licensing::Module] Trying to connect to existing licensing client channel...
[Licensing::IpcConnector] Successfully connected to: "LicenseClient-saulo" at "2026-08-06T16:01:14.4380765Z"
Built from '6000.5/staging' branch; Version is '6000.5.1f1 (0d9463e84828) revision 889955'; Using compiler version '194234433'; Build Type 'Release'
OS: 'Windows 11  (10.0.26200) Professional' Language: 'pt' Physical Memory: 16167 MB
BatchMode: 0, IsHumanControllingUs: 1, StartBugReporterOnCrash: 1, Is64bit: 1
System  architecture: x64
Process architecture: x64
Date: 2026-08-06T16:01:14Z

COMMAND LINE ARGUMENTS:
C:\Program Files\Unity\Hub\Editor\6000.5.1f1\Editor\Unity.exe
-projectpath
C:\Projetos\IC_Proccess_Simulation
-acceptSoftwareTermsForThisRunOnly
-useHub
-hubIPC
-cloudEnvironment
production
-licensingIpc
LicenseClient-saulo
-hubSessionId
9d91373e-de62-410b-b87b-2cafbeb714ea
-accessToken
CIIMQ28GhitJLbYVZz3wy5abeDjgA5AsJoiR2Fmh9tk004f
Successfully changed project path to: C:\Projetos\IC_Proccess_Simulation
C:/Projetos/IC_Proccess_Simulation
[UnityMemory] Configuration Parameters - Can be set up in boot.config
    "memorysetup-temp-allocator-size-gi-baking-worker=262144"
    "memorysetup-temp-allocator-size-gi-baking-worker=262144"
    "memorysetup-temp-allocator-size-gi-baking-worker=262144"
    "memorysetup-temp-allocator-size-gi-baking-worker=262144"
    "memorysetup-temp-allocator-size-gi-baking-worker=262144"
    "memorysetup-temp-allocator-size-nav-mesh-worker=65536"
    "memorysetup-temp-allocator-size-audio-worker=65536"
    "memorysetup-temp-allocator-size-cloud-worker=32768"
    "memorysetup-temp-allocator-size-gfx=262144"
    "memorysetup-temp-allocator-size-preload-manager=33554432"
    "memorysetup-allocator-temp-initial-block-size-main=262144"
    "memorysetup-allocator-temp-initial-block-size-worker=262144"
    "memorysetup-temp-allocator-size-job-worker=262144"
    "memorysetup-temp-allocator-size-background-worker=32768"
    "memorysetup-bucket-allocator-granularity=16"
    "memorysetup-bucket-allocator-bucket-count=8"
    "memorysetup-bucket-allocator-block-size=33554432"
    "memorysetup-bucket-allocator-block-count=8"
    "memorysetup-main-allocator-block-size=16777216"
    "memorysetup-thread-allocator-block-size=16777216"
    "memorysetup-main-allocator-mimalloc-enabled=0"
    "memorysetup-gfx-main-allocator-block-size=16777216"
    "memorysetup-gfx-thread-allocator-block-size=16777216"
    "memorysetup-cache-allocator-block-size=4194304"
    "memorysetup-typetree-allocator-block-size=2097152"
    "memorysetup-profiler-bucket-allocator-granularity=16"
    "memorysetup-profiler-bucket-allocator-bucket-count=8"
    "memorysetup-profiler-bucket-allocator-block-size=33554432"
    "memorysetup-profiler-bucket-allocator-block-count=8"
    "memorysetup-profiler-allocator-block-size=16777216"
    "memorysetup-profiler-editor-allocator-block-size=1048576"
    "memorysetup-temp-allocator-size-main=16777216"
    "memorysetup-job-temp-allocator-block-size=2097152"
    "memorysetup-job-temp-allocator-block-size-background=1048576"
    "memorysetup-job-temp-allocator-reduction-small-platforms=262144"
Player connection [12980]  Target information:

Player connection [12980]  * "[IP] 192.168.15.93 [Port] 55504 [Flags] 2 [Guid] 2856997924 [EditorId] 2856997924 [Version] 1048832 [Id] WindowsEditor(7,Saulo) [Debug] 1 [PackageName] WindowsEditor [ProjectName] Editor" 

Player connection [12980] Host joined multi-casting on [225.0.0.222:54997]...
Player connection [12980] Host joined alternative multi-casting on [225.0.0.222:34997]...
Input System module state changed to: Initialized.
[Physics::Module] Initialized fallback backend.
[Physics::Module] Id: 0xdecafbad
[Licensing::Client] Error: HandshakeResponse reported an error:
	ResponseCode: 505
	ResponseStatus: Unsupported protocol version '1.18.1'.
[Licensing::Module] Error: Failed to handshake to channel: "LicenseClient-saulo"
[Licensing::IpcConnector] LicenseClient-saulo channel disconnected successfully.
[Licensing::IpcConnector] Channel LicenseClient-saulo-6000.5.1 doesn't exist
[Licensing::Module] Successfully launched the LicensingClient (PId: 1496)
[Package Manager] Connected to IPC stream "Upm-14060" after 0.3 seconds.
[Licensing::Module] Licensing is not yet initialized.
Starting IPC server.
Waiting for clients to connect on \\.\pipe\Unity-LicenseClient-saulo-6000.5.1, press Ctrl-C to exit.
[Licensing::IpcConnector] Successfully connected to: "LicenseClient-saulo-6000.5.1" at "2026-08-06T16:01:20.0617872Z"
[Licensing::Client] Code 10 while verifying Licensing Client signature (process Id: 1496, path: "C:/Program Files/Unity/Hub/Editor/6000.5.1f1/Editor/Data/Resources/Licensing/Client/Unity.Licensing.Client.exe")
[Licensing::Module] LicensingClient has failed validation; ignoring
[Licensing::Client] Handshaking with LicensingClient:
  Version:                 1.18.1+9fbee8e
  Session Id:              8113fa0a87d7495b89579a9d802292ef
  Correlation Id:          ee92abe606f68bf3860ffbaabc772226
  External correlation Id: 8695307941523190765
  Machine Id:              V3xl/KFzp8KB5h0c5OHsIFv/LLw=
[Licensing::Module] Successfully connected to LicensingClient on channel: "LicenseClient-saulo-6000.5.1" (connect: 4.37s, validation: 0.44s, handshake: 0.01s)
[Licensing::IpcConnector] Successfully connected to: "LicenseClient-saulo-6000.5.1-notifications" at "2026-08-06T16:01:20.5098028Z"
[Licensing::Module] Connected to LicensingClient (PId: 1496, launch time: 0.01, total connection time: 4.82s)
[Licensing::Client] Successfully updated the access token
[Licensing::Module] Successfully updated the access token CIIMQ28Ghi...
[Licensing::Client] Successfully resolved entitlement details
[Licensing::Module] License group:
  Id: 4674135502901-saulojorentij-UnityProStuXXXX
  Product: Unity Student
  Type: Assigned
  Expiration: 2026-10-25T14:28:37Z
[Licensing::Client] Successfully updated license, isAsync: True, time: 0.01
[Licensing::Client] Successfully resolved entitlement details
[Licensing::Module] Licensing Background thread has ended after 6.11s
[Licensing::Module] Licensing is initialized (took 4.76s).
[Licensing::Client] Successfully resolved entitlement details
Library Redirect Path: Library/
[Physics::Module] Selected backend.
[Physics::Module] Name: PhysX
[Physics::Module] Id: 0xf2b8ea05
[Physics::Module] SDK Version: 4.1.2
[Physics::Module] Integration Version: 1.0.0
[Physics::Module] Threading Mode: Multi-Threaded
Artifact Garbage Collection - Removed 49 unused hashed content files
Initialize engine version: 6000.5.1f1 (0d9463e84828)
[Subsystems] Discovering subsystems at path C:/Program Files/Unity/Hub/Editor/6000.5.1f1/Editor/Data/Resources/UnitySubsystems
[Subsystems] Discovering subsystems at path C:/Projetos/IC_Proccess_Simulation/Assets
[D3D12 Device Filter] Vendor Name: NVIDIA
[D3D12 Device Filter] Device Name: NVIDIA GeForce RTX 4060 Ti
[D3D12 Device Filter] Driver Version: 32.0.16.1074
[D3D12 Device Filter] Feature Level: 12.2
[D3D12 Device Filter] Graphics Memory: 7949 MB
[D3D12 Device Filter] Processor Count: 24
[D3D12 Device Filter] Device Type: Discrete
GfxDevice: creating device client; kGfxThreadingModeSplitJobs
d3d12: failed to query info queue interface (0x80004002).
Direct3D:
    Version:         Direct3D 12 [level 12.2]
    Renderer:        NVIDIA GeForce RTX 4060 Ti (ID=0x2803)
    Vendor:          NVIDIA
    VRAM:            7949 MB
    App VRAM Budget: 7181 MB
    Driver:          32.0.16.1074
Initialize mono
Mono path[0] = 'C:/Program Files/Unity/Hub/Editor/6000.5.1f1/Editor/Data/Managed'
Mono path[1] = 'C:/Program Files/Unity/Hub/Editor/6000.5.1f1/Editor/Data/BCLExtensions/runtime/netstandard2.1'
Mono path[2] = 'C:/Program Files/Unity/Hub/Editor/6000.5.1f1/Editor/Data/MonoBleedingEdge/lib/mono/unityjit-win32'
Mono config path = 'C:/Program Files/Unity/Hub/Editor/6000.5.1f1/Editor/Data/MonoBleedingEdge/etc'
Using monoOptions --debugger-agent=transport=dt_socket,embedding=1,server=y,suspend=n,address=127.0.0.1:56060
CodeReloadManager initialized
ImportWorker Server TCP listen port: 0
AcceleratorClientConnectionCallback - disconnected - :0
Begin MonoManager ReloadAssembly
Registering precompiled unity dll's ...
Register platform support module: C:/Program Files/Unity/Hub/Editor/6000.5.1f1/Editor/Data/PlaybackEngines/WebGLSupport/UnityEditor.WebGL.Extensions.dll
Register platform support module: C:/Program Files/Unity/Hub/Editor/6000.5.1f1/Editor/Data/PlaybackEngines/MacStandaloneSupport/UnityEditor.OSXStandalone.Extensions.dll
Register platform support module: C:/Program Files/Unity/Hub/Editor/6000.5.1f1/Editor/Data/PlaybackEngines/WindowsStandaloneSupport/UnityEditor.WindowsStandalone.Extensions.dll
[Licensing::Client] Successfully resolved entitlement details
Register platform support module: C:/Program Files/Unity/Hub/Editor/6000.5.1f1/Editor/Data/PlaybackEngines/MetroSupport/UnityEditor.UWP.Extensions.dll
Registered in 0.004173 seconds.
Native extension for UWP target not found
Native extension for WindowsStandalone target not found
Native extension for OSXStandalone target not found
Native extension for WebGL target not found
Package Manager log level set to [2]
ScheduleIndexationOnStartup MainProcess:False IndexOnStartup:True
Mono: successfully reloaded assembly
- Finished resetting the current domain, in  0.362 seconds
Domain Reload Profiling: 1054ms
	BeginReloadAssembly (118ms)
		CreateAndSetChildDomain (21ms)
	RebuildCommonClasses (4ms)
	RebuildNativeTypeToScriptingClass (12ms)
	initialDomainReloadingComplete (56ms)
	LoadAllAssembliesAndSetupDomain (500ms)
		LoadAssemblies (95ms)
		AnalyzeDomain (438ms)
			TypeCache.Refresh (436ms)
				TypeCache.ScanAssembly (425ms)
	FinalizeReload (364ms)
		SetupLoadedEditorAssemblies (0ms)
			InitializePlatformSupportModulesInManaged (50ms)
			BeforeProcessingInitializeOnLoad (73ms)
			ProcessInitializeOnLoadAttributes (79ms)
			ProcessInitializeOnLoadMethodAttributes (100ms)
[Licensing::Client] Successfully resolved entitlement details
Application.AssetDatabase Initial Refresh Start
[Package Manager] Restoring resolved packages state from cache
[Licensing::Client] Successfully resolved entitlement details
[Package Manager] Registered 64 packages:
  Packages from [https://packages.unity.com]:
    com.unity.cinemachine@3.1.7 (location: C:\Projetos\IC_Proccess_Simulation\Library\PackageCache\com.unity.cinemachine@f3f96bcb59af)
    com.unity.collab-proxy@2.12.4 (location: C:\Projetos\IC_Proccess_Simulation\Library\PackageCache\com.unity.collab-proxy@0b1559bcd34e)
    com.unity.inputsystem@1.19.0 (location: C:\Projetos\IC_Proccess_Simulation\Library\PackageCache\com.unity.inputsystem@21a28c3a6c83)
    com.unity.timeline@1.8.12 (location: C:\Projetos\IC_Proccess_Simulation\Library\PackageCache\com.unity.timeline@8cd8509afae5)
    com.unity.visualscripting@1.9.11 (location: C:\Projetos\IC_Proccess_Simulation\Library\PackageCache\com.unity.visualscripting@8bed5ad90189)
    com.unity.ide.visualstudio@2.0.26 (location: C:\Projetos\IC_Proccess_Simulation\Library\PackageCache\com.unity.ide.visualstudio@a99d56dec63f)
    com.unity.ide.rider@3.0.38 (location: C:\Projetos\IC_Proccess_Simulation\Library\PackageCache\com.unity.ide.rider@1f60b3138684)
    com.unity.editorcoroutines@1.1.0 (location: C:\Projetos\IC_Proccess_Simulation\Library\PackageCache\com.unity.editorcoroutines@87a15ed012c2)
    com.unity.performance.profile-analyzer@1.4.0 (location: C:\Projetos\IC_Proccess_Simulation\Library\PackageCache\com.unity.performance.profile-analyzer@2bb26871883c)
    com.unity.testtools.codecoverage@1.3.0 (location: C:\Projetos\IC_Proccess_Simulation\Library\PackageCache\com.unity.testtools.codecoverage@19a841221620)
    com.unity.splines@2.9.0 (location: C:\Projetos\IC_Proccess_Simulation\Library\PackageCache\com.unity.splines@e6e1d5900acc)
    com.unity.searcher@4.9.4 (location: C:\Projetos\IC_Proccess_Simulation\Library\PackageCache\com.unity.searcher@d45a78918735)
    com.unity.burst@1.8.29 (location: C:\Projetos\IC_Proccess_Simulation\Library\PackageCache\com.unity.burst@6bb9aca3ef38)
    com.unity.settings-manager@2.1.1 (location: C:\Projetos\IC_Proccess_Simulation\Library\PackageCache\com.unity.settings-manager@0b8638c5ce86)
    com.unity.nuget.mono-cecil@1.11.6 (location: C:\Projetos\IC_Proccess_Simulation\Library\PackageCache\com.unity.nuget.mono-cecil@ecb9724e46ff)
    com.unity.test-framework.performance@3.5.0 (location: C:\Projetos\IC_Proccess_Simulation\Library\PackageCache\com.unity.test-framework.performance@8b56083ec0f0)
  Built-in packages:
    com.unity.feature.development@1.0.2 (location: C:\Projetos\IC_Proccess_Simulation\Library\PackageCache\com.unity.feature.development@767aadbc6eb7)
    com.unity.multiplayer.center@1.0.1 (location: C:\Projetos\IC_Proccess_Simulation\Library\PackageCache\com.unity.multiplayer.center@b860850997d0)
    com.unity.render-pipelines.high-definition@17.5.0 (location: C:\Projetos\IC_Proccess_Simulation\Library\PackageCache\com.unity.render-pipelines.high-definition@e2046ebe9d3f)
    com.unity.ugui@2.5.0 (location: C:\Projetos\IC_Proccess_Simulation\Library\PackageCache\com.unity.ugui@4f9b15fd1386)
    com.unity.modules.accessibility@1.0.0 (location: C:\Projetos\IC_Proccess_Simulation\Library\PackageCache\com.unity.modules.accessibility)
    com.unity.modules.adaptiveperformance@1.0.0 (location: C:\Projetos\IC_Proccess_Simulation\Library\PackageCache\com.unity.modules.adaptiveperformance)
    com.unity.modules.ai@1.0.0 (location: C:\Projetos\IC_Proccess_Simulation\Library\PackageCache\com.unity.modules.ai)
    com.unity.modules.androidjni@1.0.0 (location: C:\Projetos\IC_Proccess_Simulation\Library\PackageCache\com.unity.modules.androidjni)
    com.unity.modules.animation@1.0.0 (location: C:\Projetos\IC_Proccess_Simulation\Library\PackageCache\com.unity.modules.animation)
    com.unity.modules.assetbundle@1.0.0 (location: C:\Projetos\IC_Proccess_Simulation\Library\PackageCache\com.unity.modules.assetbundle)
    com.unity.modules.audio@1.0.0 (location: C:\Projetos\IC_Proccess_Simulation\Library\PackageCache\com.unity.modules.audio)
    com.unity.modules.cloth@1.0.0 (location: C:\Projetos\IC_Proccess_Simulation\Library\PackageCache\com.unity.modules.cloth)
    com.unity.modules.director@1.0.0 (location: C:\Projetos\IC_Proccess_Simulation\Library\PackageCache\com.unity.modules.director)
    com.unity.modules.imageconversion@1.0.0 (location: C:\Projetos\IC_Proccess_Simulation\Library\PackageCache\com.unity.modules.imageconversion)
    com.unity.modules.imgui@1.0.0 (location: C:\Projetos\IC_Proccess_Simulation\Library\PackageCache\com.unity.modules.imgui)
    com.unity.modules.jsonserialize@1.0.0 (location: C:\Projetos\IC_Proccess_Simulation\Library\PackageCache\com.unity.modules.jsonserialize)
    com.unity.modules.particlesystem@1.0.0 (location: C:\Projetos\IC_Proccess_Simulation\Library\PackageCache\com.unity.modules.particlesystem)
    com.unity.modules.physics@1.0.0 (location: C:\Projetos\IC_Proccess_Simulation\Library\PackageCache\com.unity.modules.physics)
    com.unity.modules.physics2d@1.0.0 (location: C:\Projetos\IC_Proccess_Simulation\Library\PackageCache\com.unity.modules.physics2d)
    com.unity.modules.physicscore2d@1.0.0 (location: C:\Projetos\IC_Proccess_Simulation\Library\PackageCache\com.unity.modules.physicscore2d)
    com.unity.modules.screencapture@1.0.0 (location: C:\Projetos\IC_Proccess_Simulation\Library\PackageCache\com.unity.modules.screencapture)
    com.unity.modules.terrain@1.0.0 (location: C:\Projetos\IC_Proccess_Simulation\Library\PackageCache\com.unity.modules.terrain)
    com.unity.modules.terrainphysics@1.0.0 (location: C:\Projetos\IC_Proccess_Simulation\Library\PackageCache\com.unity.modules.terrainphysics)
    com.unity.modules.tilemap@1.0.0 (location: C:\Projetos\IC_Proccess_Simulation\Library\PackageCache\com.unity.modules.tilemap)
    com.unity.modules.ui@1.0.0 (location: C:\Projetos\IC_Proccess_Simulation\Library\PackageCache\com.unity.modules.ui)
    com.unity.modules.uielements@1.0.0 (location: C:\Projetos\IC_Proccess_Simulation\Library\PackageCache\com.unity.modules.uielements)
    com.unity.modules.umbra@1.0.0 (location: C:\Projetos\IC_Proccess_Simulation\Library\PackageCache\com.unity.modules.umbra)
    com.unity.modules.unityanalytics@1.0.0 (location: C:\Projetos\IC_Proccess_Simulation\Library\PackageCache\com.unity.modules.unityanalytics)
    com.unity.modules.unitywebrequest@1.0.0 (location: C:\Projetos\IC_Proccess_Simulation\Library\PackageCache\com.unity.modules.unitywebrequest)
    com.unity.modules.unitywebrequestassetbundle@1.0.0 (location: C:\Projetos\IC_Proccess_Simulation\Library\PackageCache\com.unity.modules.unitywebrequestassetbundle)
    com.unity.modules.unitywebrequestaudio@1.0.0 (location: C:\Projetos\IC_Proccess_Simulation\Library\PackageCache\com.unity.modules.unitywebrequestaudio)
    com.unity.modules.unitywebrequesttexture@1.0.0 (location: C:\Projetos\IC_Proccess_Simulation\Library\PackageCache\com.unity.modules.unitywebrequesttexture)
    com.unity.modules.unitywebrequestwww@1.0.0 (location: C:\Projetos\IC_Proccess_Simulation\Library\PackageCache\com.unity.modules.unitywebrequestwww)
    com.unity.modules.vectorgraphics@1.0.0 (location: C:\Projetos\IC_Proccess_Simulation\Library\PackageCache\com.unity.modules.vectorgraphics)
    com.unity.modules.vehicles@1.0.0 (location: C:\Projetos\IC_Proccess_Simulation\Library\PackageCache\com.unity.modules.vehicles)
    com.unity.modules.video@1.0.0 (location: C:\Projetos\IC_Proccess_Simulation\Library\PackageCache\com.unity.modules.video)
    com.unity.modules.wind@1.0.0 (location: C:\Projetos\IC_Proccess_Simulation\Library\PackageCache\com.unity.modules.wind)
    com.unity.modules.xr@1.0.0 (location: C:\Projetos\IC_Proccess_Simulation\Library\PackageCache\com.unity.modules.xr)
    com.unity.modules.subsystems@1.0.0 (location: C:\Projetos\IC_Proccess_Simulation\Library\PackageCache\com.unity.modules.subsystems)
    com.unity.modules.hierarchycore@1.0.0 (location: C:\Projetos\IC_Proccess_Simulation\Library\PackageCache\com.unity.modules.hierarchycore)
    com.unity.render-pipelines.core@17.5.0 (location: C:\Projetos\IC_Proccess_Simulation\Library\PackageCache\com.unity.render-pipelines.core@d7ce3ed2cd80)
    com.unity.shadergraph@17.5.0 (location: C:\Projetos\IC_Proccess_Simulation\Library\PackageCache\com.unity.shadergraph@2df19e8719bc)
    com.unity.visualeffectgraph@17.5.0 (location: C:\Projetos\IC_Proccess_Simulation\Library\PackageCache\com.unity.visualeffectgraph@0c8858222b12)
    com.unity.render-pipelines.high-definition-config@17.5.0 (location: C:\Projetos\IC_Proccess_Simulation\Library\PackageCache\com.unity.render-pipelines.high-definition-config@77f033cbf9c5)
    com.unity.test-framework@1.7.0 (location: C:\Projetos\IC_Proccess_Simulation\Library\PackageCache\com.unity.test-framework@f3e6c9a02477)
    com.unity.collections@6.5.0 (location: C:\Projetos\IC_Proccess_Simulation\Library\PackageCache\com.unity.collections@a43cabe808ca)
    com.unity.ext.nunit@2.1.0 (location: C:\Projetos\IC_Proccess_Simulation\Library\PackageCache\com.unity.ext.nunit@44f7d31723bd)
    com.unity.mathematics@1.4.0 (location: C:\Projetos\IC_Proccess_Simulation\Library\PackageCache\com.unity.mathematics@981956d94fb6)
[Subsystems] No new subsystems found in resolved package list.
[Package Manager] Done registering packages in 0.04 seconds
[Package Manager] Done resolving packages in 2.73 seconds
[Licensing::Client] Successfully resolved entitlement details
[Package Manager] Registered 64 packages:
  Packages from [https://packages.unity.com]:
    com.unity.cinemachine@3.1.7 (location: C:\Projetos\IC_Proccess_Simulation\Library\PackageCache\com.unity.cinemachine@f3f96bcb59af)
    com.unity.collab-proxy@2.12.4 (location: C:\Projetos\IC_Proccess_Simulation\Library\PackageCache\com.unity.collab-proxy@0b1559bcd34e)
    com.unity.inputsystem@1.19.0 (location: C:\Projetos\IC_Proccess_Simulation\Library\PackageCache\com.unity.inputsystem@21a28c3a6c83)
    com.unity.timeline@1.8.12 (location: C:\Projetos\IC_Proccess_Simulation\Library\PackageCache\com.unity.timeline@8cd8509afae5)
    com.unity.visualscripting@1.9.11 (location: C:\Projetos\IC_Proccess_Simulation\Library\PackageCache\com.unity.visualscripting@8bed5ad90189)
    com.unity.ide.visualstudio@2.0.26 (location: C:\Projetos\IC_Proccess_Simulation\Library\PackageCache\com.unity.ide.visualstudio@a99d56dec63f)
    com.unity.ide.rider@3.0.38 (location: C:\Projetos\IC_Proccess_Simulation\Library\PackageCache\com.unity.ide.rider@1f60b3138684)
    com.unity.editorcoroutines@1.1.0 (location: C:\Projetos\IC_Proccess_Simulation\Library\PackageCache\com.unity.editorcoroutines@87a15ed012c2)
    com.unity.performance.profile-analyzer@1.4.0 (location: C:\Projetos\IC_Proccess_Simulation\Library\PackageCache\com.unity.performance.profile-analyzer@2bb26871883c)
    com.unity.testtools.codecoverage@1.3.0 (location: C:\Projetos\IC_Proccess_Simulation\Library\PackageCache\com.unity.testtools.codecoverage@19a841221620)
    com.unity.splines@2.9.0 (location: C:\Projetos\IC_Proccess_Simulation\Library\PackageCache\com.unity.splines@e6e1d5900acc)
    com.unity.searcher@4.9.4 (location: C:\Projetos\IC_Proccess_Simulation\Library\PackageCache\com.unity.searcher@d45a78918735)
    com.unity.burst@1.8.29 (location: C:\Projetos\IC_Proccess_Simulation\Library\PackageCache\com.unity.burst@6bb9aca3ef38)
    com.unity.settings-manager@2.1.1 (location: C:\Projetos\IC_Proccess_Simulation\Library\PackageCache\com.unity.settings-manager@0b8638c5ce86)
    com.unity.nuget.mono-cecil@1.11.6 (location: C:\Projetos\IC_Proccess_Simulation\Library\PackageCache\com.unity.nuget.mono-cecil@ecb9724e46ff)
    com.unity.test-framework.performance@3.5.0 (location: C:\Projetos\IC_Proccess_Simulation\Library\PackageCache\com.unity.test-framework.performance@8b56083ec0f0)
  Built-in packages:
    com.unity.feature.development@1.0.2 (location: C:\Projetos\IC_Proccess_Simulation\Library\PackageCache\com.unity.feature.development@767aadbc6eb7)
    com.unity.multiplayer.center@1.0.1 (location: C:\Projetos\IC_Proccess_Simulation\Library\PackageCache\com.unity.multiplayer.center@b860850997d0)
    com.unity.render-pipelines.high-definition@17.5.0 (location: C:\Projetos\IC_Proccess_Simulation\Library\PackageCache\com.unity.render-pipelines.high-definition@e2046ebe9d3f)
    com.unity.ugui@2.5.0 (location: C:\Projetos\IC_Proccess_Simulation\Library\PackageCache\com.unity.ugui@4f9b15fd1386)
    com.unity.modules.accessibility@1.0.0 (location: C:\Projetos\IC_Proccess_Simulation\Library\PackageCache\com.unity.modules.accessibility)
    com.unity.modules.adaptiveperformance@1.0.0 (location: C:\Projetos\IC_Proccess_Simulation\Library\PackageCache\com.unity.modules.adaptiveperformance)
    com.unity.modules.ai@1.0.0 (location: C:\Projetos\IC_Proccess_Simulation\Library\PackageCache\com.unity.modules.ai)
    com.unity.modules.androidjni@1.0.0 (location: C:\Projetos\IC_Proccess_Simulation\Library\PackageCache\com.unity.modules.androidjni)
    com.unity.modules.animation@1.0.0 (location: C:\Projetos\IC_Proccess_Simulation\Library\PackageCache\com.unity.modules.animation)
    com.unity.modules.assetbundle@1.0.0 (location: C:\Projetos\IC_Proccess_Simulation\Library\PackageCache\com.unity.modules.assetbundle)
    com.unity.modules.audio@1.0.0 (location: C:\Projetos\IC_Proccess_Simulation\Library\PackageCache\com.unity.modules.audio)
    com.unity.modules.cloth@1.0.0 (location: C:\Projetos\IC_Proccess_Simulation\Library\PackageCache\com.unity.modules.cloth)
    com.unity.modules.director@1.0.0 (location: C:\Projetos\IC_Proccess_Simulation\Library\PackageCache\com.unity.modules.director)
    com.unity.modules.imageconversion@1.0.0 (location: C:\Projetos\IC_Proccess_Simulation\Library\PackageCache\com.unity.modules.imageconversion)
    com.unity.modules.imgui@1.0.0 (location: C:\Projetos\IC_Proccess_Simulation\Library\PackageCache\com.unity.modules.imgui)
    com.unity.modules.jsonserialize@1.0.0 (location: C:\Projetos\IC_Proccess_Simulation\Library\PackageCache\com.unity.modules.jsonserialize)
    com.unity.modules.particlesystem@1.0.0 (location: C:\Projetos\IC_Proccess_Simulation\Library\PackageCache\com.unity.modules.particlesystem)
    com.unity.modules.physics@1.0.0 (location: C:\Projetos\IC_Proccess_Simulation\Library\PackageCache\com.unity.modules.physics)
    com.unity.modules.physics2d@1.0.0 (location: C:\Projetos\IC_Proccess_Simulation\Library\PackageCache\com.unity.modules.physics2d)
    com.unity.modules.physicscore2d@1.0.0 (location: C:\Projetos\IC_Proccess_Simulation\Library\PackageCache\com.unity.modules.physicscore2d)
    com.unity.modules.screencapture@1.0.0 (location: C:\Projetos\IC_Proccess_Simulation\Library\PackageCache\com.unity.modules.screencapture)
    com.unity.modules.terrain@1.0.0 (location: C:\Projetos\IC_Proccess_Simulation\Library\PackageCache\com.unity.modules.terrain)
    com.unity.modules.terrainphysics@1.0.0 (location: C:\Projetos\IC_Proccess_Simulation\Library\PackageCache\com.unity.modules.terrainphysics)
    com.unity.modules.tilemap@1.0.0 (location: C:\Projetos\IC_Proccess_Simulation\Library\PackageCache\com.unity.modules.tilemap)
    com.unity.modules.ui@1.0.0 (location: C:\Projetos\IC_Proccess_Simulation\Library\PackageCache\com.unity.modules.ui)
    com.unity.modules.uielements@1.0.0 (location: C:\Projetos\IC_Proccess_Simulation\Library\PackageCache\com.unity.modules.uielements)
    com.unity.modules.umbra@1.0.0 (location: C:\Projetos\IC_Proccess_Simulation\Library\PackageCache\com.unity.modules.umbra)
    com.unity.modules.unityanalytics@1.0.0 (location: C:\Projetos\IC_Proccess_Simulation\Library\PackageCache\com.unity.modules.unityanalytics)
    com.unity.modules.unitywebrequest@1.0.0 (location: C:\Projetos\IC_Proccess_Simulation\Library\PackageCache\com.unity.modules.unitywebrequest)
    com.unity.modules.unitywebrequestassetbundle@1.0.0 (location: C:\Projetos\IC_Proccess_Simulation\Library\PackageCache\com.unity.modules.unitywebrequestassetbundle)
    com.unity.modules.unitywebrequestaudio@1.0.0 (location: C:\Projetos\IC_Proccess_Simulation\Library\PackageCache\com.unity.modules.unitywebrequestaudio)
    com.unity.modules.unitywebrequesttexture@1.0.0 (location: C:\Projetos\IC_Proccess_Simulation\Library\PackageCache\com.unity.modules.unitywebrequesttexture)
    com.unity.modules.unitywebrequestwww@1.0.0 (location: C:\Projetos\IC_Proccess_Simulation\Library\PackageCache\com.unity.modules.unitywebrequestwww)
    com.unity.modules.vectorgraphics@1.0.0 (location: C:\Projetos\IC_Proccess_Simulation\Library\PackageCache\com.unity.modules.vectorgraphics)
    com.unity.modules.vehicles@1.0.0 (location: C:\Projetos\IC_Proccess_Simulation\Library\PackageCache\com.unity.modules.vehicles)
    com.unity.modules.video@1.0.0 (location: C:\Projetos\IC_Proccess_Simulation\Library\PackageCache\com.unity.modules.video)
    com.unity.modules.wind@1.0.0 (location: C:\Projetos\IC_Proccess_Simulation\Library\PackageCache\com.unity.modules.wind)
    com.unity.modules.xr@1.0.0 (location: C:\Projetos\IC_Proccess_Simulation\Library\PackageCache\com.unity.modules.xr)
    com.unity.modules.subsystems@1.0.0 (location: C:\Projetos\IC_Proccess_Simulation\Library\PackageCache\com.unity.modules.subsystems)
    com.unity.modules.hierarchycore@1.0.0 (location: C:\Projetos\IC_Proccess_Simulation\Library\PackageCache\com.unity.modules.hierarchycore)
    com.unity.render-pipelines.core@17.5.0 (location: C:\Projetos\IC_Proccess_Simulation\Library\PackageCache\com.unity.render-pipelines.core@d7ce3ed2cd80)
    com.unity.shadergraph@17.5.0 (location: C:\Projetos\IC_Proccess_Simulation\Library\PackageCache\com.unity.shadergraph@2df19e8719bc)
    com.unity.visualeffectgraph@17.5.0 (location: C:\Projetos\IC_Proccess_Simulation\Library\PackageCache\com.unity.visualeffectgraph@0c8858222b12)
    com.unity.render-pipelines.high-definition-config@17.5.0 (location: C:\Projetos\IC_Proccess_Simulation\Library\PackageCache\com.unity.render-pipelines.high-definition-config@77f033cbf9c5)
    com.unity.test-framework@1.7.0 (location: C:\Projetos\IC_Proccess_Simulation\Library\PackageCache\com.unity.test-framework@f3e6c9a02477)
    com.unity.collections@6.5.0 (location: C:\Projetos\IC_Proccess_Simulation\Library\PackageCache\com.unity.collections@a43cabe808ca)
    com.unity.ext.nunit@2.1.0 (location: C:\Projetos\IC_Proccess_Simulation\Library\PackageCache\com.unity.ext.nunit@44f7d31723bd)
    com.unity.mathematics@1.4.0 (location: C:\Projetos\IC_Proccess_Simulation\Library\PackageCache\com.unity.mathematics@981956d94fb6)
[Subsystems] No new subsystems found in resolved package list.
[Package Manager] Done registering packages in 0.00 seconds
AcceleratorClientConnectionCallback - disconnected - :0
[ScriptCompilation] Requested script compilation because: Assembly Definition File(s) changed
[ScriptCompilation] Requested script compilation because: AssetDatabase observed changes in script compilation related files
Assembly for Assembly Definition File 'Assets/Tests/PlayMode/IndustrialSim.PlayMode.Tests.asmdef' will not be compiled, because it has no scripts associated with it.
UnityEngine.Debug:ExtractStackTraceNoAlloc (byte*,int,string)
UnityEngine.StackTraceUtility:ExtractStackTrace ()
UnityEngine.DebugLogHandler:Internal_Log (UnityEngine.LogType,UnityEngine.LogOption,string,UnityEngine.Object)
UnityEngine.DebugLogHandler:LogFormat (UnityEngine.LogType,UnityEngine.Object,string,object[])
UnityEngine.Logger:LogFormat (UnityEngine.LogType,string,object[])
UnityEngine.Debug:LogWarningFormat (string,object[])
UnityEditor.Scripting.ScriptCompilation.EditorCompilation:WarnIfThereAreAssembliesWithoutAnyScripts (UnityEditor.Scripting.ScriptCompilation.ScriptAssemblySettings,UnityEditor.Scripting.ScriptCompilation.ScriptAssembly[])
UnityEditor.Scripting.ScriptCompilation.EditorCompilation:CompileScriptsWithSettings (UnityEditor.Scripting.ScriptCompilation.ScriptAssemblySettings)
UnityEditor.Scripting.ScriptCompilation.EditorCompilation:CompileScripts (UnityEditor.Scripting.ScriptCompilation.EditorScriptCompilationOptions,UnityEditor.BuildTarget,int,string[])
UnityEditor.Scripting.ScriptCompilation.EditorCompilationInterface/<>c__DisplayClass21_0:<CompileScripts>b__0 ()
UnityEditor.Scripting.ScriptCompilation.EditorCompilationInterface:EmitExceptionAsError<UnityEditor.Scripting.ScriptCompilation.EditorCompilation/CompileStatus> (System.Func`1<UnityEditor.Scripting.ScriptCompilation.EditorCompilation/CompileStatus>,UnityEditor.Scripting.ScriptCompilation.EditorCompilation/CompileStatus)
UnityEditor.Scripting.ScriptCompilation.EditorCompilationInterface:CompileScripts (UnityEditor.Scripting.ScriptCompilation.EditorScriptCompilationOptions,UnityEditor.BuildTarget,int,string[])

info: Microsoft.Hosting.Lifetime[14]
      Now listening on: http://localhost:80
info: Microsoft.Hosting.Lifetime[0]
      Application started. Press Ctrl+C to shut down.
info: Microsoft.Hosting.Lifetime[0]
      Hosting environment: Production
info: Microsoft.Hosting.Lifetime[0]
      Content root path: C:\Projetos\IC_Proccess_Simulation
info: Microsoft.AspNetCore.Hosting.Diagnostics[1]
      Request starting HTTP/2 POST http://ilpp/UnityILPP.PostProcessing/Ping - application/grpc -
info: Microsoft.AspNetCore.Routing.EndpointMiddleware[0]
      Executing endpoint 'gRPC - /UnityILPP.PostProcessing/Ping'
info: Microsoft.AspNetCore.Routing.EndpointMiddleware[1]
      Executed endpoint 'gRPC - /UnityILPP.PostProcessing/Ping'
info: Microsoft.AspNetCore.Hosting.Diagnostics[2]
      Request finished HTTP/2 POST http://ilpp/UnityILPP.PostProcessing/Ping - 200 - application/grpc 22.3741ms
Starting: C:\Program Files\Unity\Hub\Editor\6000.5.1f1\Editor\Data\Tools\BuildPipeline\bee_backend.exe --ipc --defer-dag-verification --dagfile="Library/Bee/1900b0aE.dag" --continue-on-failure --profile="Library/Bee/backend1.traceevents" ScriptAssemblies
WorkingDir: C:/Projetos/IC_Proccess_Simulation
info: Microsoft.AspNetCore.Hosting.Diagnostics[1]
      Request starting HTTP/2 POST http://ilpp/UnityILPP.PostProcessing/ConfigurePostProcessors - application/grpc -
info: Microsoft.AspNetCore.Routing.EndpointMiddleware[0]
      Executing endpoint 'gRPC - /UnityILPP.PostProcessing/ConfigurePostProcessors'
warn: Unity.ILPP.Runner.PostProcessingAssemblyLoadContext[0]
      Assembly system.runtime.interopservices.windowsruntime has duplicate hint path. Ignoring "C:\Program Files\Unity\Hub\Editor\6000.5.1f1\Editor\Data\UnityReferenceAssemblies\unity-4.8-api\Facades\System.Runtime.InteropServices.WindowsRuntime.dll" in favor of "C:\Program Files\Unity\Hub\Editor\6000.5.1f1\Editor\Data\NetStandard\Extensions\2.0.0\System.Runtime.InteropServices.WindowsRuntime.dll"
warn: Unity.ILPP.Runner.PostProcessingAssemblyLoadContext[0]
      Assembly system.componentmodel.composition has duplicate hint path. Ignoring "C:\Program Files\Unity\Hub\Editor\6000.5.1f1\Editor\Data\UnityReferenceAssemblies\unity-4.8-api\System.ComponentModel.Composition.dll" in favor of "C:\Program Files\Unity\Hub\Editor\6000.5.1f1\Editor\Data\NetStandard\compat\2.1.0\shims\netfx\System.ComponentModel.Composition.dll"
info: Unity.ILPP.Runner.PostProcessingAssemblyLoadContext[0]
      Resolved Unity.Burst.Cecil, Version=0.11.6.0, Culture=neutral, PublicKeyToken=50cebf1cceb9d05e with Library\PackageCache\com.unity.burst@6bb9aca3ef38\Unity.Burst.CodeGen\Unity.Burst.Cecil.dll
info: Unity.ILPP.Runner.PostProcessingAssemblyLoadContext[0]
      Resolved Mono.Cecil, Version=0.11.5.0, Culture=neutral, PublicKeyToken=50cebf1cceb9d05e with Library\PackageCache\com.unity.nuget.mono-cecil@ecb9724e46ff\Mono.Cecil.dll
info: Microsoft.AspNetCore.Routing.EndpointMiddleware[1]
      Executed endpoint 'gRPC - /UnityILPP.PostProcessing/ConfigurePostProcessors'
info: Microsoft.AspNetCore.Hosting.Diagnostics[2]
      Request finished HTTP/2 POST http://ilpp/UnityILPP.PostProcessing/ConfigurePostProcessors - 200 - application/grpc 559.5232ms
ExitCode: 0 Duration: 1s532ms
[745/954    0s] ILPP-Configuration Library/ilpp-configuration.nevergeneratedoutput
[950/954    1s] Csc Library/Bee/artifacts/1900b0aE.dag/IndustrialSim.UnityRuntime.dll (+2 others)
*** Tundra build success (1.50 seconds), 2 items updated, 954 evaluated
AssetDatabase: script compilation time: 2.230357s
Begin MonoManager ReloadAssembly
Total cache size 134027684
Total cache size after purge 134027684, took 00:00:00.1019266
'Packages/com.unity.cinemachine/Editor/Editors/CinemachineVirtualCameraBaseEditor.cs' contains partial class of Unity.Object, exactly 1 of the partial classes needs to be in a file with the same filename. This is to know the one that can be referenced from ie. GameObjects
'Packages/com.unity.cinemachine/Editor/Obsolete/CinemachineVirtualCameraBaseEditor.cs' contains partial class of Unity.Object, exactly 1 of the partial classes needs to be in a file with the same filename. This is to know the one that can be referenced from ie. GameObjects
Importing 'GUID: 00000000000000004000000000000000 - Path: ProjectSettings/ProjectSettings.asset' with importer (LibraryAssetImporter)
Imported 'GUID: 00000000000000004000000000000000' -> (Import Result ID: 'ecfe0ebffc62482e3022cb39871aec32') in 0.012 seconds [static dependencies only]. Details - ImportResultOutputID=276a810dac73e1f29404d5e5f692e214 DependenciesID=af27c5351cc64d60435eb0c69029f5c5 StaticDependenciesID=4f4f44c9a2fa75d6f03ebbab11039c8f 
Importing 'GUID: 32f2486860512944a9aca105d9923a82 - Path: Assets/Prefabs' with importer (DefaultImporter)
Imported 'GUID: 32f2486860512944a9aca105d9923a82' -> (Import Result ID: '40fe9660a1a80c5aa6937c78bfa7ea3d') in 0.003 seconds [static dependencies only]. Details - ImportResultOutputID=e561592b15714eb207705e571e496cb8 DependenciesID=87bbac26f33f6fda30fb53e274355133 StaticDependenciesID=dcdc0590b23a4dd494bcef24df7809a6 
Importing 'GUID: bc9cc1da63a43a7448ada3165a11198d - Path: Assets/Input' with importer (DefaultImporter)
Imported 'GUID: bc9cc1da63a43a7448ada3165a11198d' -> (Import Result ID: '79e7f5703241f80eca25d94a50d2ad24') in 0.001 seconds [static dependencies only]. Details - ImportResultOutputID=ca2a6034d895c9062b9e45ba6a2fc7fa DependenciesID=8d79e82b47a331b4d34961ce2b324fd8 StaticDependenciesID=d31a2d911468632cf75f3b31737ab9ae 
Importing 'GUID: ff5c4cf523d82f444bbd1f75dfbd86ed - Path: Assets/Prefabs/Player' with importer (DefaultImporter)
Imported 'GUID: ff5c4cf523d82f444bbd1f75dfbd86ed' -> (Import Result ID: 'da73c72d389312419e0c4f4b8b5da40d') in 0.002 seconds [static dependencies only]. Details - ImportResultOutputID=7e7e7512f00a92460b6a2514186069f3 DependenciesID=3b8278fa02f4e3a64bd81d76368482ba StaticDependenciesID=42feb9e2d4fe5ca7b238d9e4bb179428 
Importing 'GUID: c90a7ec85e47a864bb698cef82334a2f - Path: Assets/Scripts/UnityRuntime/Player' with importer (DefaultImporter)
Imported 'GUID: c90a7ec85e47a864bb698cef82334a2f' -> (Import Result ID: 'bb81d7ed3c693874c3f68ac9bbe92b33') in 0.000 seconds [static dependencies only]. Details - ImportResultOutputID=ba2be130d9b5245ef0dda41f03c78874 DependenciesID=9d0960c644534a52ef22d8b7b95e7860 StaticDependenciesID=08aeb4297b3bc3765260d02662547662 
Importing 'GUID: c718362a9eb442841aa81c616a3cd784 - Path: Assets/Scripts/UnityRuntime/IndustrialSim.UnityRuntime.asmdef' with importer (AssemblyDefinitionImporter)
Imported 'GUID: c718362a9eb442841aa81c616a3cd784' -> (Import Result ID: 'bb64ce288f735da2c7a9f227ec61e544') in 0.002 seconds [static dependencies only]. Details - ImportResultOutputID=3f1a3bd6ae83d8f869f9970708828869 DependenciesID=96c5a9e1ffc005c3965683f1d11178b4 StaticDependenciesID=49f243f9f674ec5d8d9d0285da96ad74 
Refreshing native plugins compatible for Editor in 2.04 ms, found 4 plugins.
Native extension for UWP target not found
Native extension for WindowsStandalone target not found
Native extension for OSXStandalone target not found
Native extension for WebGL target not found
ScheduleIndexationOnStartup MainProcess:True IndexOnStartup:True
Mono: successfully reloaded assembly
- Finished resetting the current domain, in  3.275 seconds
Domain Reload Profiling: 4084ms
	BeginReloadAssembly (182ms)
		DisableScriptedObjects (24ms)
		CreateAndSetChildDomain (29ms)
	RebuildCommonClasses (6ms)
	RebuildNativeTypeToScriptingClass (12ms)
	initialDomainReloadingComplete (51ms)
	LoadAllAssembliesAndSetupDomain (557ms)
		LoadAssemblies (293ms)
		AnalyzeDomain (254ms)
			TypeCache.Refresh (183ms)
				TypeCache.ScanAssembly (171ms)
			BuildScriptInfoCaches (62ms)
			ResolveRequiredComponents (7ms)
	FinalizeReload (3276ms)
		SetupLoadedEditorAssemblies (0ms)
			InitializePlatformSupportModulesInManaged (8ms)
			BeforeProcessingInitializeOnLoad (69ms)
			ProcessInitializeOnLoadAttributes (2573ms)
			ProcessInitializeOnLoadMethodAttributes (452ms)
			AfterProcessingInitializeOnLoad (5ms)
		AwakeInstancesAfterBackupRestoration (16ms)
Importing 'GUID: 460413cec7ffcbc40a1e44a530fb670a - Path: Assets/Scenes/MathTest.unity' with importer (DefaultImporter)
Imported 'GUID: 460413cec7ffcbc40a1e44a530fb670a' -> (Import Result ID: '71a3143f0eb0199fd53f08f5bd924f15') in 0.002 seconds [static dependencies only]. Details - ImportResultOutputID=680d2e664be8deb15235647ac656d403 DependenciesID=8d4e14c58fed0095ee804eb28bb60ec6 StaticDependenciesID=487a7fa1150247ee255038e7a80e4ec8 
Importing 'GUID: 41de4953236e9024592b1f00e74e7fc6 - Path: Assets/Models/BoilerTank/Materials/0.792157_0.819608_0.933333_0.000000_0.000000.mat' with importer (NativeFormatImporter)
Imported 'GUID: 41de4953236e9024592b1f00e74e7fc6' -> (Import Result ID: 'ee1dfcf14f706bdd3f04ffffb1b25458') in 0.001 seconds [static dependencies only]. Details - ImportResultOutputID=8ef3fb14bd708594c53244449f8d1389 DependenciesID=cf1c6c43632cab0a892b5909aeb9b77a StaticDependenciesID=94dc7b20d70ee7740dbbbbad56b981ec 
Importing 'GUID: c8195c75e89b7694ea5b18d7cf5d3d4f - Path: Assets/Models/BoilerTank/BoilerTank.fbx' with importer (FBXImporter)
d3d12: upload buffer was too small for the requested resource! Size: 16777216. Requested: 28653360.
A polygon of Mesh 'GIB Linde.338' in Assets/Models/BoilerTank/BoilerTank.fbx is self-intersecting and has been discarded.
A polygon of Mesh 'GIB Linde.338' in Assets/Models/BoilerTank/BoilerTank.fbx is self-intersecting and has been discarded.
A polygon of Mesh 'GIB Linde.338' in Assets/Models/BoilerTank/BoilerTank.fbx is self-intersecting and has been discarded.
A polygon of Mesh 'GIB Linde.338' in Assets/Models/BoilerTank/BoilerTank.fbx is self-intersecting and has been discarded.
A polygon of Mesh 'GIB Linde.338' in Assets/Models/BoilerTank/BoilerTank.fbx is self-intersecting and has been discarded.
A polygon of Mesh 'GIB Linde.338' in Assets/Models/BoilerTank/BoilerTank.fbx is self-intersecting and has been discarded.
A polygon of Mesh 'GIB Linde.338' in Assets/Models/BoilerTank/BoilerTank.fbx is self-intersecting and has been discarded.
A polygon of Mesh 'GIB Linde.338' in Assets/Models/BoilerTank/BoilerTank.fbx is self-intersecting and has been discarded.
A polygon of Mesh 'GIB Linde.338' in Assets/Models/BoilerTank/BoilerTank.fbx is self-intersecting and has been discarded.
A polygon of Mesh 'GIB Linde.338' in Assets/Models/BoilerTank/BoilerTank.fbx is self-intersecting and has been discarded.
A polygon of Mesh 'GIB Linde.338' in Assets/Models/BoilerTank/BoilerTank.fbx is self-intersecting and has been discarded.
A polygon of Mesh 'GIB Linde.338' in Assets/Models/BoilerTank/BoilerTank.fbx is self-intersecting and has been discarded.
A polygon of Mesh 'GIB Linde.338' in Assets/Models/BoilerTank/BoilerTank.fbx is self-intersecting and has been discarded.
A polygon of Mesh 'GIB Linde.338' in Assets/Models/BoilerTank/BoilerTank.fbx is self-intersecting and has been discarded.
A polygon of Mesh 'GIB Linde.338' in Assets/Models/BoilerTank/BoilerTank.fbx is self-intersecting and has been discarded.
A polygon of Mesh 'GIB Linde.338' in Assets/Models/BoilerTank/BoilerTank.fbx is self-intersecting and has been discarded.
A polygon of Mesh 'GIB Linde.338' in Assets/Models/BoilerTank/BoilerTank.fbx is self-intersecting and has been discarded.
A polygon of Mesh 'GIB Linde.338' in Assets/Models/BoilerTank/BoilerTank.fbx is self-intersecting and has been discarded.
A polygon of Mesh 'GIB Linde.338' in Assets/Models/BoilerTank/BoilerTank.fbx is self-intersecting and has been discarded.
A polygon of Mesh 'GIB Linde.338' in Assets/Models/BoilerTank/BoilerTank.fbx is self-intersecting and has been discarded.
A polygon of Mesh 'GIB Linde.338' in Assets/Models/BoilerTank/BoilerTank.fbx is self-intersecting and has been discarded.
A polygon of Mesh 'GIB Linde.338' in Assets/Models/BoilerTank/BoilerTank.fbx is self-intersecting and has been discarded.
A polygon of Mesh 'GIB Linde.338' in Assets/Models/BoilerTank/BoilerTank.fbx is self-intersecting and has been discarded.
A polygon of Mesh 'GIB Linde.338' in Assets/Models/BoilerTank/BoilerTank.fbx is self-intersecting and has been discarded.
A polygon of Mesh 'GIB Linde.338' in Assets/Models/BoilerTank/BoilerTank.fbx is self-intersecting and has been discarded.
A polygon of Mesh 'GIB Linde.338' in Assets/Models/BoilerTank/BoilerTank.fbx is self-intersecting and has been discarded.
A polygon of Mesh 'GIB Linde.338' in Assets/Models/BoilerTank/BoilerTank.fbx is self-intersecting and has been discarded.
A polygon of Mesh 'GIB Linde.338' in Assets/Models/BoilerTank/BoilerTank.fbx is self-intersecting and has been discarded.
A polygon of Mesh 'GIB Linde.338' in Assets/Models/BoilerTank/BoilerTank.fbx is self-intersecting and has been discarded.
A polygon of Mesh 'GIB Linde.338' in Assets/Models/BoilerTank/BoilerTank.fbx is self-intersecting and has been discarded.
A polygon of Mesh 'GIB Linde.338' in Assets/Models/BoilerTank/BoilerTank.fbx is self-intersecting and has been discarded.
A polygon of Mesh 'GIB Linde.338' in Assets/Models/BoilerTank/BoilerTank.fbx is self-intersecting and has been discarded.
A polygon of Mesh 'GIB Linde.338' in Assets/Models/BoilerTank/BoilerTank.fbx is self-intersecting and has been discarded.
A polygon of Mesh 'GIB Linde.338' in Assets/Models/BoilerTank/BoilerTank.fbx is self-intersecting and has been discarded.
A polygon of Mesh 'GIB Linde.338' in Assets/Models/BoilerTank/BoilerTank.fbx is self-intersecting and has been discarded.
A polygon of Mesh 'GIB Linde.338' in Assets/Models/BoilerTank/BoilerTank.fbx is self-intersecting and has been discarded.
A polygon of Mesh 'GIB Linde.338' in Assets/Models/BoilerTank/BoilerTank.fbx is self-intersecting and has been discarded.
A polygon of Mesh 'GIB Linde.338' in Assets/Models/BoilerTank/BoilerTank.fbx is self-intersecting and has been discarded.
A polygon of Mesh 'GIB Linde.338' in Assets/Models/BoilerTank/BoilerTank.fbx is self-intersecting and has been discarded.
A polygon of Mesh 'GIB Linde.338' in Assets/Models/BoilerTank/BoilerTank.fbx is self-intersecting and has been discarded.
A polygon of Mesh 'GIB Linde.338' in Assets/Models/BoilerTank/BoilerTank.fbx is self-intersecting and has been discarded.
A polygon of Mesh 'GIB Linde.338' in Assets/Models/BoilerTank/BoilerTank.fbx is self-intersecting and has been discarded.
A polygon of Mesh 'GIB Linde.338' in Assets/Models/BoilerTank/BoilerTank.fbx is self-intersecting and has been discarded.
A polygon of Mesh 'GIB Linde.338' in Assets/Models/BoilerTank/BoilerTank.fbx is self-intersecting and has been discarded.
A polygon of Mesh 'GIB Linde.338' in Assets/Models/BoilerTank/BoilerTank.fbx is self-intersecting and has been discarded.
A polygon of Mesh 'GIB Linde.338' in Assets/Models/BoilerTank/BoilerTank.fbx is self-intersecting and has been discarded.
A polygon of Mesh 'GIB Linde.338' in Assets/Models/BoilerTank/BoilerTank.fbx is self-intersecting and has been discarded.
A polygon of Mesh 'GIB Linde.338' in Assets/Models/BoilerTank/BoilerTank.fbx is self-intersecting and has been discarded.
A polygon of Mesh 'GIB Linde.338' in Assets/Models/BoilerTank/BoilerTank.fbx is self-intersecting and has been discarded.
A polygon of Mesh 'GIB Linde.338' in Assets/Models/BoilerTank/BoilerTank.fbx is self-intersecting and has been discarded.
A polygon of Mesh 'GIB Linde.338' in Assets/Models/BoilerTank/BoilerTank.fbx is self-intersecting and has been discarded.
A polygon of Mesh 'GIB Linde.338' in Assets/Models/BoilerTank/BoilerTank.fbx is self-intersecting and has been discarded.
A polygon of Mesh 'GIB Linde.338' in Assets/Models/BoilerTank/BoilerTank.fbx is self-intersecting and has been discarded.
A polygon of Mesh 'GIB Linde.338' in Assets/Models/BoilerTank/BoilerTank.fbx is self-intersecting and has been discarded.
A polygon of Mesh 'GIB Linde.338' in Assets/Models/BoilerTank/BoilerTank.fbx is self-intersecting and has been discarded.
A polygon of Mesh 'GIB Linde.338' in Assets/Models/BoilerTank/BoilerTank.fbx is self-intersecting and has been discarded.
A polygon of Mesh 'GIB Linde.338' in Assets/Models/BoilerTank/BoilerTank.fbx is self-intersecting and has been discarded.
A polygon of Mesh 'GIB Linde.338' in Assets/Models/BoilerTank/BoilerTank.fbx is self-intersecting and has been discarded.
A polygon of Mesh 'GIB Linde.338' in Assets/Models/BoilerTank/BoilerTank.fbx is self-intersecting and has been discarded.
A polygon of Mesh 'GIB Linde.338' in Assets/Models/BoilerTank/BoilerTank.fbx is self-intersecting and has been discarded.
A polygon of Mesh 'GIB Linde.338' in Assets/Models/BoilerTank/BoilerTank.fbx is self-intersecting and has been discarded.
A polygon of Mesh 'GIB Linde.338' in Assets/Models/BoilerTank/BoilerTank.fbx is self-intersecting and has been discarded.
A polygon of Mesh 'GIB Linde.338' in Assets/Models/BoilerTank/BoilerTank.fbx is self-intersecting and has been discarded.
A polygon of Mesh 'GIB Linde.338' in Assets/Models/BoilerTank/BoilerTank.fbx is self-intersecting and has been discarded.
A polygon of Mesh 'GIB Linde.338' in Assets/Models/BoilerTank/BoilerTank.fbx is self-intersecting and has been discarded.
A polygon of Mesh 'GIB Linde.338' in Assets/Models/BoilerTank/BoilerTank.fbx is self-intersecting and has been discarded.
A polygon of Mesh 'GIB Linde.338' in Assets/Models/BoilerTank/BoilerTank.fbx is self-intersecting and has been discarded.
A polygon of Mesh 'GIB Linde.338' in Assets/Models/BoilerTank/BoilerTank.fbx is self-intersecting and has been discarded.
A polygon of Mesh 'GIB Linde.338' in Assets/Models/BoilerTank/BoilerTank.fbx is self-intersecting and has been discarded.
A polygon of Mesh 'GIB Linde.338' in Assets/Models/BoilerTank/BoilerTank.fbx is self-intersecting and has been discarded.
A polygon of Mesh 'GIB Linde.338' in Assets/Models/BoilerTank/BoilerTank.fbx is self-intersecting and has been discarded.
A polygon of Mesh 'GIB Linde.338' in Assets/Models/BoilerTank/BoilerTank.fbx is self-intersecting and has been discarded.
A polygon of Mesh 'GIB Linde.338' in Assets/Models/BoilerTank/BoilerTank.fbx is self-intersecting and has been discarded.
A polygon of Mesh 'GIB Linde.338' in Assets/Models/BoilerTank/BoilerTank.fbx is self-intersecting and has been discarded.
A polygon of Mesh 'GIB Linde.338' in Assets/Models/BoilerTank/BoilerTank.fbx is self-intersecting and has been discarded.
A polygon of Mesh 'GIB Linde.338' in Assets/Models/BoilerTank/BoilerTank.fbx is self-intersecting and has been discarded.
A polygon of Mesh 'GIB Linde.338' in Assets/Models/BoilerTank/BoilerTank.fbx is self-intersecting and has been discarded.
A polygon of Mesh 'GIB Linde.338' in Assets/Models/BoilerTank/BoilerTank.fbx is self-intersecting and has been discarded.
A polygon of Mesh 'GIB Linde.338' in Assets/Models/BoilerTank/BoilerTank.fbx is self-intersecting and has been discarded.
A polygon of Mesh 'GIB Linde.338' in Assets/Models/BoilerTank/BoilerTank.fbx is self-intersecting and has been discarded.
A polygon of Mesh 'GIB Linde.338' in Assets/Models/BoilerTank/BoilerTank.fbx is self-intersecting and has been discarded.
A polygon of Mesh 'GIB Linde.338' in Assets/Models/BoilerTank/BoilerTank.fbx is self-intersecting and has been discarded.
A polygon of Mesh 'GIB Linde.338' in Assets/Models/BoilerTank/BoilerTank.fbx is self-intersecting and has been discarded.
A polygon of Mesh 'GIB Linde.338' in Assets/Models/BoilerTank/BoilerTank.fbx is self-intersecting and has been discarded.
A polygon of Mesh 'GIB Linde.338' in Assets/Models/BoilerTank/BoilerTank.fbx is self-intersecting and has been discarded.
A polygon of Mesh 'GIB Linde.338' in Assets/Models/BoilerTank/BoilerTank.fbx is self-intersecting and has been discarded.
A polygon of Mesh 'GIB Linde.338' in Assets/Models/BoilerTank/BoilerTank.fbx is self-intersecting and has been discarded.
A polygon of Mesh 'GIB Linde.338' in Assets/Models/BoilerTank/BoilerTank.fbx is self-intersecting and has been discarded.
A polygon of Mesh 'GIB Linde.338' in Assets/Models/BoilerTank/BoilerTank.fbx is self-intersecting and has been discarded.
A polygon of Mesh 'GIB Linde.338' in Assets/Models/BoilerTank/BoilerTank.fbx is self-intersecting and has been discarded.
A polygon of Mesh 'GIB Linde.338' in Assets/Models/BoilerTank/BoilerTank.fbx is self-intersecting and has been discarded.
A polygon of Mesh 'GIB Linde.338' in Assets/Models/BoilerTank/BoilerTank.fbx is self-intersecting and has been discarded.
A polygon of Mesh 'GIB Linde.338' in Assets/Models/BoilerTank/BoilerTank.fbx is self-intersecting and has been discarded.
A polygon of Mesh 'GIB Linde.338' in Assets/Models/BoilerTank/BoilerTank.fbx is self-intersecting and has been discarded.
A polygon of Mesh 'GIB Linde.338' in Assets/Models/BoilerTank/BoilerTank.fbx is self-intersecting and has been discarded.
A polygon of Mesh 'GIB Linde.338' in Assets/Models/BoilerTank/BoilerTank.fbx is self-intersecting and has been discarded.
A polygon of Mesh 'GIB Linde.338' in Assets/Models/BoilerTank/BoilerTank.fbx is self-intersecting and has been discarded.
A polygon of Mesh 'GIB Linde.338' in Assets/Models/BoilerTank/BoilerTank.fbx is self-intersecting and has been discarded.
A polygon of Mesh 'GIB Linde.338' in Assets/Models/BoilerTank/BoilerTank.fbx is self-intersecting and has been discarded.
A polygon of Mesh 'GIB Linde.338' in Assets/Models/BoilerTank/BoilerTank.fbx is self-intersecting and has been discarded.
A polygon of Mesh 'GIB Linde.338' in Assets/Models/BoilerTank/BoilerTank.fbx is self-intersecting and has been discarded.
A polygon of Mesh 'GIB Linde.338' in Assets/Models/BoilerTank/BoilerTank.fbx is self-intersecting and has been discarded.
A polygon of Mesh 'GIB Linde.338' in Assets/Models/BoilerTank/BoilerTank.fbx is self-intersecting and has been discarded.
A polygon of Mesh 'GIB Linde.338' in Assets/Models/BoilerTank/BoilerTank.fbx is self-intersecting and has been discarded.
A polygon of Mesh 'GIB Linde.338' in Assets/Models/BoilerTank/BoilerTank.fbx is self-intersecting and has been discarded.
A polygon of Mesh 'GIB Linde.338' in Assets/Models/BoilerTank/BoilerTank.fbx is self-intersecting and has been discarded.
A polygon of Mesh 'GIB Linde.338' in Assets/Models/BoilerTank/BoilerTank.fbx is self-intersecting and has been discarded.
A polygon of Mesh 'GIB Linde.338' in Assets/Models/BoilerTank/BoilerTank.fbx is self-intersecting and has been discarded.
A polygon of Mesh 'GIB Linde.338' in Assets/Models/BoilerTank/BoilerTank.fbx is self-intersecting and has been discarded.
A polygon of Mesh 'GIB Linde.338' in Assets/Models/BoilerTank/BoilerTank.fbx is self-intersecting and has been discarded.
A polygon of Mesh 'GIB Linde.338' in Assets/Models/BoilerTank/BoilerTank.fbx is self-intersecting and has been discarded.
A polygon of Mesh 'GIB Linde.338' in Assets/Models/BoilerTank/BoilerTank.fbx is self-intersecting and has been discarded.
A polygon of Mesh 'GIB Linde.338' in Assets/Models/BoilerTank/BoilerTank.fbx is self-intersecting and has been discarded.
A polygon of Mesh 'GIB Linde.338' in Assets/Models/BoilerTank/BoilerTank.fbx is self-intersecting and has been discarded.
A polygon of Mesh 'GIB Linde.338' in Assets/Models/BoilerTank/BoilerTank.fbx is self-intersecting and has been discarded.
A polygon of Mesh 'GIB Linde.338' in Assets/Models/BoilerTank/BoilerTank.fbx is self-intersecting and has been discarded.
A polygon of Mesh 'GIB Linde.338' in Assets/Models/BoilerTank/BoilerTank.fbx is self-intersecting and has been discarded.
A polygon of Mesh 'GIB Linde.338' in Assets/Models/BoilerTank/BoilerTank.fbx is self-intersecting and has been discarded.
A polygon of Mesh 'GIB Linde.338' in Assets/Models/BoilerTank/BoilerTank.fbx is self-intersecting and has been discarded.
A polygon of Mesh 'GIB Linde.338' in Assets/Models/BoilerTank/BoilerTank.fbx is self-intersecting and has been discarded.
A polygon of Mesh 'GIB Linde.338' in Assets/Models/BoilerTank/BoilerTank.fbx is self-intersecting and has been discarded.
A polygon of Mesh 'GIB Linde.338' in Assets/Models/BoilerTank/BoilerTank.fbx is self-intersecting and has been discarded.
A polygon of Mesh 'GIB Linde.338' in Assets/Models/BoilerTank/BoilerTank.fbx is self-intersecting and has been discarded.
A polygon of Mesh 'GIB Linde.338' in Assets/Models/BoilerTank/BoilerTank.fbx is self-intersecting and has been discarded.
A polygon of Mesh 'GIB Linde.338' in Assets/Models/BoilerTank/BoilerTank.fbx is self-intersecting and has been discarded.
A polygon of Mesh 'GIB Linde.338' in Assets/Models/BoilerTank/BoilerTank.fbx is self-intersecting and has been discarded.
A polygon of Mesh 'GIB Linde.338' in Assets/Models/BoilerTank/BoilerTank.fbx is self-intersecting and has been discarded.
A polygon of Mesh 'GIB Linde.338' in Assets/Models/BoilerTank/BoilerTank.fbx is self-intersecting and has been discarded.
A polygon of Mesh 'GIB Linde.338' in Assets/Models/BoilerTank/BoilerTank.fbx is self-intersecting and has been discarded.
A polygon of Mesh 'GIB Linde.338' in Assets/Models/BoilerTank/BoilerTank.fbx is self-intersecting and has been discarded.
A polygon of Mesh 'GIB Linde.338' in Assets/Models/BoilerTank/BoilerTank.fbx is self-intersecting and has been discarded.
A polygon of Mesh 'GIB Linde.338' in Assets/Models/BoilerTank/BoilerTank.fbx is self-intersecting and has been discarded.
A polygon of Mesh 'GIB Linde.338' in Assets/Models/BoilerTank/BoilerTank.fbx is self-intersecting and has been discarded.
A polygon of Mesh 'GIB Linde.338' in Assets/Models/BoilerTank/BoilerTank.fbx is self-intersecting and has been discarded.
A polygon of Mesh 'GIB Linde.338' in Assets/Models/BoilerTank/BoilerTank.fbx is self-intersecting and has been discarded.
A polygon of Mesh 'GIB Linde.338' in Assets/Models/BoilerTank/BoilerTank.fbx is self-intersecting and has been discarded.
A polygon of Mesh 'GIB Linde.338' in Assets/Models/BoilerTank/BoilerTank.fbx is self-intersecting and has been discarded.
A polygon of Mesh 'GIB Linde.338' in Assets/Models/BoilerTank/BoilerTank.fbx is self-intersecting and has been discarded.
A polygon of Mesh 'GIB Linde.338' in Assets/Models/BoilerTank/BoilerTank.fbx is self-intersecting and has been discarded.
A polygon of Mesh 'GIB Linde.338' in Assets/Models/BoilerTank/BoilerTank.fbx is self-intersecting and has been discarded.
A polygon of Mesh 'GIB Linde.338' in Assets/Models/BoilerTank/BoilerTank.fbx is self-intersecting and has been discarded.
A polygon of Mesh 'GIB Linde.338' in Assets/Models/BoilerTank/BoilerTank.fbx is self-intersecting and has been discarded.
A polygon of Mesh 'GIB Linde.338' in Assets/Models/BoilerTank/BoilerTank.fbx is self-intersecting and has been discarded.
A polygon of Mesh 'GIB Linde.338' in Assets/Models/BoilerTank/BoilerTank.fbx is self-intersecting and has been discarded.
A polygon of Mesh 'GIB Linde.338' in Assets/Models/BoilerTank/BoilerTank.fbx is self-intersecting and has been discarded.
A polygon of Mesh 'GIB Linde.338' in Assets/Models/BoilerTank/BoilerTank.fbx is self-intersecting and has been discarded.
A polygon of Mesh 'GIB Linde.338' in Assets/Models/BoilerTank/BoilerTank.fbx is self-intersecting and has been discarded.
A polygon of Mesh 'GIB Linde.338' in Assets/Models/BoilerTank/BoilerTank.fbx is self-intersecting and has been discarded.
A polygon of Mesh 'GIB Linde.338' in Assets/Models/BoilerTank/BoilerTank.fbx is self-intersecting and has been discarded.
A polygon of Mesh 'GIB Linde.338' in Assets/Models/BoilerTank/BoilerTank.fbx is self-intersecting and has been discarded.
Imported 'GUID: c8195c75e89b7694ea5b18d7cf5d3d4f' -> (Import Result ID: '1e9448653c784cecf9246caaaa1da0e9') in 1.312 seconds [static dependencies only]. Details - ImportResultOutputID=7ce45e3b0547688e2245cfad054293db DependenciesID=d6aec8f98a794f8a4b88509fa0c23709 StaticDependenciesID=ac80730fded4bcae03a23f1c2aceaa5f 
Importing 'GUID: 2041023665614864eb4d91cfd69b2f83 - Path: Assets/Input/PlayerControls.inputactions' with importer (ScriptedImporter : Unity.InputSystem:UnityEngine.InputSystem.Editor:InputActionImporter)
Imported 'GUID: 2041023665614864eb4d91cfd69b2f83' -> (Import Result ID: 'b19ed10db38f0cf2ec822170ad27f311') in 0.017 seconds [static and dynamic dependencies]. Details - ImportResultOutputID=eb2ce216460611c5586392d71331d147 DependenciesID=4789d67753c691725c74cb32020d9b92 StaticDependenciesID=6596f3a4beed39d2017a51e0e96c47ce 
Starting new worker id: 0 with log in C:/Projetos/IC_Proccess_Simulation/Logs/AssetImportWorkerHW0.log
Launched and connected shader compiler UnityShaderCompiler.exe after 0.02 seconds

Asset Pipeline Refresh (id=36e0d91dd10ee664eb81c718eea87624): Total: 11.946 seconds - Initiated by InitialRefreshV2(ForceSynchronousImport)
	(Values over 0.05ms)
	Summary:
		Imports: total=10 (actual=10, local cache=0, cache server=0)
		Asset DB Process Time: managed=9 ms, native=5254 ms
		Asset DB Callback time: managed=541 ms, native=3002 ms
		Scripting: domain reloads=1, domain reload time=858 ms, compile time=2232 ms, other=47 ms
		Project Asset Count: scripts=1666, non-scripts=3264
		Asset File Changes: new=0, changed=13, moved=0, deleted=0
		Scan Filter Count: 0
	InvokePackagesCallback: 2806.992ms
	ApplyChangesToAssetFolders: 0.620ms
	Scan: 82.400ms
	Collect global state as custom dependencies: 2.006ms
	OnSourceAssetsModified: 0.786ms
	CategorizeScriptCompilationAssets: 39.747ms
	ProcessAssetsWithTransientArtifactChanges: 85.188ms
	CategorizeAssets: 122.959ms
	CompileScripts: 2231.925ms
	ImportOutOfDateAssets: 4813.510ms (3300.582ms without children)
		ImportManagerImport: 1357.957ms (3.433ms without children)
			UpdateCategorizedAssets: 0.083ms
		ReloadNativeAssets: 0.077ms
		UnloadImportedAssets: 1.200ms
		EnsureUptoDateAssetsAreRegisteredWithGuidPM: 1.118ms
		ImportSchedulerStart: 152.566ms
	PostProcessAllAssets: 854.537ms
		AssemblyValidation.PostprocessAllAssets 2.850ms
		VCAutoAddAssetPostprocess 1.755ms
		XRBuildSystem.XRAssetImported 0.382ms
		ShaderAssetModifiedCallback 0.164ms
		ComputeShaderImportPostprocess 0.086ms
		PostProcessCallbackCreateDeferredMaterials 0.061ms
		RaytracingShaderImportPostprocess 0.060ms
		MonoPostProcessAllAssets: 540.947ms
			SyncVS.PostprocessSyncProject 159.250ms
			AssetPostprocessor.OnPostprocessAllAssets 153.978ms
			HDRenderPipelineGlobalSettingsPostprocessor.OnPostprocessAllAssets 99.641ms
			StyleCatalogPostProcessor.OnPostprocessAllAssets 37.876ms
			MaterialPostprocessor.OnPostprocessAllAssets 33.686ms
			VFXGraphPreprocessor.OnPostprocessAllAssets 7.014ms
			BuilderAssetPostprocessor.OnPostprocessAllAssets 6.800ms
			AssetChangedListener.OnPostprocessAllAssets 5.270ms
			SpeedTree9Postprocessor.OnPostprocessAllAssets 2.547ms
			InputActionJsonNameModifierAssetProcessor.OnPostprocessAllAssets 2.446ms
			ShaderGraphAssetPostProcessor.OnPostprocessAllAssets 2.140ms
			WindowAssetPostprocessingWatcher.OnPostprocessAllAssets 1.882ms
			RetainedModeAssetPostprocessor.OnPostprocessAllAssets 1.311ms
			RenderPipelineGlobalSettingsPostprocessor.OnPostprocessAllAssets 0.823ms
			SampleDependencyImporterPostProcessor.OnPostprocessAllAssets 0.630ms
			ArtifactBrowserPostProcessor.OnPostprocessAllAssets 0.576ms
			ReferencedClipsPostProcessor.OnPostprocessAllAssets 0.531ms
			InputActionAssetPostprocessor.OnPostprocessAllAssets 0.473ms
			ShaderReflectionAssetPostProcessor.OnPostprocessAllAssets 0.416ms
			UVCSAssetPostprocessor.OnPostprocessAllAssets 0.394ms
			AssetEvents.OnPostprocessAllAssets 0.386ms
			PostProcessor.OnPostprocessAllAssets 0.386ms
			TextAssetPostProcessor.OnPostprocessAllAssets 0.362ms
			TMPro_TexturePostProcessor.OnPostprocessAllAssets 0.325ms
			CinemachineSettings.OnPostprocessAllAssets 0.276ms
			AudioMixerPostprocessor.OnPostprocessAllAssets 0.262ms
			ProjectSettingsPostprocessor.OnPostprocessAllAssets 0.234ms
			DomainReloadProcessor.OnPostprocessAllAssets 0.207ms
			TerrainToolbarOverlayPostProcessor.OnPostprocessAllAssets 0.163ms
			AssetDatabaseCallbacks.OnPostprocessAllAssets 0.159ms
			ConfigAssetsTracker.OnPostprocessAllAssets 0.148ms
			ScenarioDriftAssetsTracker.OnPostprocessAllAssets 0.136ms
			SpeedTreePostProcessor.OnPostprocessAllAssets 0.135ms
			SamplePostprocessor.OnPostprocessAllAssets 0.126ms
			AudioContainerPostProcessor.OnPostprocessAllAssets 0.070ms
	PostAssetChangesProfiler: 15.565ms
	GatherAllCurrentPrimaryImportResultRevisions: 0.202ms
	UnloadStreamsBegin: 2.768ms
	PersistCurrentRevisions: 0.400ms
	GenerateScriptTypeHashes: 1.359ms
	GenerateScriptTypeSerializationHashes: 2.607ms
	Untracked: 1005.872ms

Application.AssetDatabase Initial Refresh End
Scanning for USB devices : 7.582ms
Initializing Unity extensions:
[MODES] ModeService[none].Initialize
[MODES] ModeService[none].LoadModes
[MODES] Loading mode Default (0) for mode-current-id-IndustrialProcessSimulation
Worker ready: AssetImportWorkerHW0 0
Unloading 31 Unused Serialized files (Serialized files now loaded: 0)
Loaded scene 'Assets/Scenes/MathTest.unity'
	Deserialize:            8.852 ms
	Integration:            331.234 ms
	Integration of assets:  0.021 ms
	Thread Wait Time:       0.037 ms
	Total Operation Time:   340.144 ms
Unloading 7969 unused Assets / (8.3 MB). Loaded Objects now: 9206.
Memory consumption went from 0.60 GB to 0.59 GB.
Total: 13.038900 ms (FindLiveObjects: 0.727300 ms CreateObjectMapping: 3.099200 ms MarkObjects: 5.934600 ms  DeleteObjects: 3.274700 ms)

[LAYOUT] About to load UserSettings\Layouts\default-6000.dwlt, keepMainWindow=False
[LAYOUT] About to save layout C:\Projetos\IC_Proccess_Simulation\UserSettings\Layouts\default-6000.dwlt
[LAYOUT] About to save layout C:/Users/saulo/AppData/Roaming/Unity/Editor-5.x/Preferences\Layouts\current\default-6000.dwlt
[MODES] ModeService[default].InitializeCurrentMode
[MODES] ModeService[default].RaiseModeChanged(default, default)
<RI> Initializing input.
Using Windows.Gaming.Input
[Project] Loading completed in 24.739 seconds
	Project init time: 				20.585 seconds
		Template init time: 		0.000 seconds
		Package Manager init time: 		5.087 seconds
		Asset Database init time: 		0.463 seconds
		Global illumination init time: 	0.007 seconds
		Assemblies load time: 			1.088 seconds
		Unity extensions init time: 	0.021 seconds
		Asset Database refresh time: 	11.946 seconds
	Scene opening time: 			3.999 seconds
##utp:{"type":"ProjectInfo","version":2,"phase":"Immediate","time":1786032099158,"processId":14060,"projectLoad":24.739444000000004,"projectInit":20.5847766,"templateInit":0.0,"packageManagerInit":5.0866453,"assetDatabaseInit":0.4632022,"globalIlluminationInit":0.0068601,"assembliesLoad":1.0879886,"unityExtensionsInit":0.020677,"assetDatabaseRefresh":11.9462225,"sceneOpening":3.9989916}
##utp:{"type":"EditorInfo","version":2,"phase":"Immediate","time":1786032099158,"processId":14060,"editorVersion":"6000.5.1f1 (0d9463e84828)","branch":"6000.5/staging","buildType":"Release","platform":"Windows"}
Asset Pipeline Refresh (id=9478ebe1456185f4e85aca867cde9099): Total: 0.133 seconds - Initiated by RefreshV2(AllowForceSynchronousImport)
[Licensing::Client] Successfully resolved entitlement details
Request Asset Garbage Collect because used heap size increased from 0.59 GB to 0.95 GB, exceeding the threshold of 256.0 MB.
Unloading 4 Unused Serialized files (Serialized files now loaded: 0)
Unloading 58 unused Assets / (17.1 MB). Loaded Objects now: 10637.
Memory consumption went from 0.94 GB to 0.93 GB.
Total: 16.185500 ms (FindLiveObjects: 0.460800 ms CreateObjectMapping: 1.312100 ms MarkObjects: 11.226700 ms  DeleteObjects: 3.184900 ms)

[Licensing::Client] Successfully resolved entitlement details
Created GICache directory at C:/Users/saulo/AppData/LocalLow/Unity/Caches/GiCache. Took: 0.081s, timestamps: [27.416 - 27.497]
[Licensing::Client] Successfully resolved entitlement details
[Licensing::Client] Successfully updated the access token
[Licensing::Module] Successfully updated access token: "CIIMQ28G"... (expires: 2026-08-06T17:04:46Z)
[Licensing::Client] Successfully resolved entitlement details
[Licensing::Client] Successfully resolved entitlement details
UPID Received '4dcfb6bf-600c-4547-a78e-622efdda9f33'.
TrimDiskCacheJob: Current cache size 0mb
Start Indexing on Editor startup
[Indexing] Starting Initial Indexing for Assets
Asset Pipeline Refresh (id=c7c501cd1b650a84a857907ac1305681): Total: 0.005 seconds - Initiated by RefreshV2(AllowForceSynchronousImport)
[Licensing::Client] Successfully resolved entitlement details
[Licensing::Client] Successfully resolved entitlement details
Starting new worker id: 1 with log in C:/Projetos/IC_Proccess_Simulation/Logs/AssetImportWorkerHW1.log
[Worker0] Imported GUID: 07322254109944bb4b45b7b3e0131c6d - Path: Packages/com.unity.splines/Editor/Editor Resources/Icons/AutoSmoothKnot.png - Importer: ScriptedImporter/UnityEditor.QuickSearchModule:UnityEditor.Search:ASIAI0B -> (ImportResultId: 'dd4afe63df3acecf1388edf07fa0eefe') in 0.1273213 seconds
Starting new worker id: 2 with log in C:/Projetos/IC_Proccess_Simulation/Logs/AssetImportWorkerHW2.log
[Worker0] Imported GUID: be6977c835160b643b208844b583a89c - Path: Packages/com.unity.splines/Editor/GUI/ToolbarsOverlays/Separator.cs - Importer: ScriptedImporter/UnityEditor.QuickSearchModule:UnityEditor.Search:ASIAI0B -> (ImportResultId: '22f3984cd3a6b8f80dba0f0dbbaee6c2') in 0.0392414 seconds
[Worker0] Imported GUID: fa78221ae4df49ddfb00a8ca3d980e19 - Path: Packages/com.unity.splines/Editor/Editor Resources/Icons/d_SplineContext@2x.png - Importer: ScriptedImporter/UnityEditor.QuickSearchModule:UnityEditor.Search:ASIAI0B -> (ImportResultId: 'b782bc6a6057bdca1a57ca9036234e04') in 0.0367594 seconds
[Worker0] Imported GUID: 34f8af425f4594331ac532e00b9e83bf - Path: Packages/com.unity.cinemachine/Runtime/Debug/CinemachinePanelSettings.asset - Importer: ScriptedImporter/UnityEditor.QuickSearchModule:UnityEditor.Search:ASIAI0B -> (ImportResultId: '736ec4fa8a4c41b60b59c3d480c6ce87') in 0.0707653 seconds
[Worker0] Imported GUID: a2fba25a5cd15594e8f050a11e386c80 - Path: Packages/com.unity.cinemachine/Runtime/Deprecated/CinemachineConfiner.cs - Importer: ScriptedImporter/UnityEditor.QuickSearchModule:UnityEditor.Search:ASIAI0B -> (ImportResultId: '89ae627e47496c4110c6e0cdcefd3847') in 0.0264565 seconds
[Worker0] Imported GUID: 5e1d22189222c4391a54ed3a476adb97 - Path: Packages/com.unity.splines/Editor/Editor Resources/Icons/ToolHandleElement@2x.png - Importer: ScriptedImporter/UnityEditor.QuickSearchModule:UnityEditor.Search:ASIAI0B -> (ImportResultId: '10f0c3c42bada2b28371d5c7261f9fe0') in 0.0334343 seconds
[Worker0] Imported GUID: dbe43d662878a7c43bcd44d43c9e2094 - Path: Packages/com.unity.cinemachine/Runtime/Behaviours/CinemachineDeoccluder.cs - Importer: ScriptedImporter/UnityEditor.QuickSearchModule:UnityEditor.Search:ASIAI0B -> (ImportResultId: 'eb9143a1b28895910ff62b163bc45166') in 0.0322163 seconds
[Worker0] Imported GUID: 3d68b08563e248f4a02b78fb710d36bf - Path: Packages/com.unity.splines/Editor/Controls/SplineElementRectSelector.cs - Importer: ScriptedImporter/UnityEditor.QuickSearchModule:UnityEditor.Search:ASIAI0B -> (ImportResultId: '42f22903d548983c1db332102f59c0e9') in 0.0300507 seconds
[Worker0] Imported GUID: b7822ae247afa5945befac0bc63be0bb - Path: Packages/com.unity.splines/Editor/Controls/SplineMeshHandle.cs - Importer: ScriptedImporter/UnityEditor.QuickSearchModule:UnityEditor.Search:ASIAI0B -> (ImportResultId: '288bfd17a22bb49f7c315c1f7c89a0a7') in 0.0307667 seconds
[Worker0] Imported GUID: 8805f50579982e7458c1b5ecc0119396 - Path: Packages/com.unity.splines/Editor/Controls/TangentHandles.cs - Importer: ScriptedImporter/UnityEditor.QuickSearchModule:UnityEditor.Search:ASIAI0B -> (ImportResultId: 'd9991c943e574384909f83073741e10b') in 0.0320087 seconds
[Worker0] Imported GUID: 2643ac9881a89594a80c242b565b34ec - Path: Packages/com.unity.cinemachine/Runtime/Core/ICinemachineCamera.cs - Importer: ScriptedImporter/UnityEditor.QuickSearchModule:UnityEditor.Search:ASIAI0B -> (ImportResultId: 'fb14c9589d7b23fb49f43b0d4b7671f4') in 0.0322289 seconds
[Worker0] Imported GUID: a60d9407e2bb20e4ea00281b1e33eae7 - Path: Packages/com.unity.cinemachine/Editor/Utility/SerializedPropertyHelper.cs - Importer: ScriptedImporter/UnityEditor.QuickSearchModule:UnityEditor.Search:ASIAI0B -> (ImportResultId: '88fe96311c9dc0bda66d1b97b9feea1e') in 0.0561948 seconds
[Worker0] Imported GUID: e1a95ad96e477f440950f95746ec9730 - Path: Packages/com.unity.cinemachine/Editor/PropertyDrawers/GroupTargetPropertyDrawer.cs - Importer: ScriptedImporter/UnityEditor.QuickSearchModule:UnityEditor.Search:ASIAI0B -> (ImportResultId: 'fd66dc3523976fb1c88c109fae0fe2fe') in 0.0405078 seconds
[Worker0] Imported GUID: 450f466b666a79a4698f2b19a5c87c03 - Path: Packages/com.unity.cinemachine/Runtime/Behaviours/CinemachineSplineCart.cs - Importer: ScriptedImporter/UnityEditor.QuickSearchModule:UnityEditor.Search:ASIAI0B -> (ImportResultId: 'f22e07c13a830e50716e81de6aff042d') in 0.0364227 seconds
[Worker0] Imported GUID: b567991935cb6844d9bb65eda22b628f - Path: Packages/com.unity.cinemachine/Runtime/Core/RuntimeUtility.cs - Importer: ScriptedImporter/UnityEditor.QuickSearchModule:UnityEditor.Search:ASIAI0B -> (ImportResultId: '260cb15ab2be2e0588444a167ebab1a3') in 0.0289003 seconds
[Worker0] Imported GUID: a7362d5a2f8ea3347bfcc808a1e9290e - Path: Packages/com.unity.cinemachine/Runtime/PostProcessing/CinemachineAutoFocus.cs - Importer: ScriptedImporter/UnityEditor.QuickSearchModule:UnityEditor.Search:ASIAI0B -> (ImportResultId: '5e9cd1e0c0a18918b8b9036185f712c4') in 0.0305115 seconds
[Worker0] Imported GUID: 82e62c82b3be64042ac529dee964cc2f - Path: Packages/com.unity.cinemachine/Runtime/Behaviours/CinemachineStoryboard.cs - Importer: ScriptedImporter/UnityEditor.QuickSearchModule:UnityEditor.Search:ASIAI0B -> (ImportResultId: 'ccb5adbd812094f3fb829b9e91f482f8') in 0.0630412 seconds
[Worker0] Imported GUID: 449ef5ebbe24720439ec31d15f7b6f3d - Path: Packages/com.unity.cinemachine/Runtime/PostProcessing/CinemachineVolumeSettings.cs - Importer: ScriptedImporter/UnityEditor.QuickSearchModule:UnityEditor.Search:ASIAI0B -> (ImportResultId: '0fd4bb904e2c7664cf3b3243a46390a9') in 0.0421616 seconds
[Worker0] Imported GUID: 44205bfb94ccacc4ea6744b8bfc057d1 - Path: Packages/com.unity.splines/Editor/Tools/SplineMoveTool.cs - Importer: ScriptedImporter/UnityEditor.QuickSearchModule:UnityEditor.Search:ASIAI0B -> (ImportResultId: '7caf3fdc97d13fc52021d5991dc03467') in 0.0336124 seconds
[Worker0] Imported GUID: 1b2b4365da9f1fe4ea910a6cc7b91b18 - Path: Packages/com.unity.cinemachine/Editor/EditorResources/Icons/Dark/CmSplineRollTool@256.png - Importer: ScriptedImporter/UnityEditor.QuickSearchModule:UnityEditor.Search:ASIAI0B -> (ImportResultId: '1e5679e8c1b566140c5681539a60f009') in 0.0409938 seconds
[Worker0] Imported GUID: 7c6d0f3a3d0c93748856df8b6ed1a3d5 - Path: Packages/com.unity.cinemachine/Editor/Obsolete/CinemachineDollyCartEditor.cs - Importer: ScriptedImporter/UnityEditor.QuickSearchModule:UnityEditor.Search:ASIAI0B -> (ImportResultId: '3569969b5aec9a078efcfb2c732c0549') in 0.0392916 seconds
[Worker0] Imported GUID: 21d1eb854b91ade49bc69a263d12bee2 - Path: Packages/com.unity.splines/Runtime/Unity.Splines.asmdef - Importer: ScriptedImporter/UnityEditor.QuickSearchModule:UnityEditor.Search:ASIAI0B -> (ImportResultId: '9f06a0dc04553ebe92c99b2bc704d57c') in 0.0313078 seconds
[Worker0] Imported GUID: 839dc049a7a3bd242a923dc9293caa66 - Path: Packages/com.unity.cinemachine/Editor/PropertyDrawers/CameraTargetPropertyDrawer.cs - Importer: ScriptedImporter/UnityEditor.QuickSearchModule:UnityEditor.Search:ASIAI0B -> (ImportResultId: '19807c6f68703b3a9f3fbb4af04453b2') in 0.035881 seconds
[Worker0] Imported GUID: 2588cc5dedbb75e49a44aada63f7b939 - Path: Packages/com.unity.cinemachine/Runtime/Behaviours/CinemachineThirdPersonAim.cs - Importer: ScriptedImporter/UnityEditor.QuickSearchModule:UnityEditor.Search:ASIAI0B -> (ImportResultId: '3152ab89bdf1564f1e477cd11cb801a5') in 0.029389 seconds
[Worker0] Imported GUID: 5fddd5fc411394deea42ff11104f70a2 - Path: Packages/com.unity.cinemachine/README.md - Importer: ScriptedImporter/UnityEditor.QuickSearchModule:UnityEditor.Search:ASIAI0B -> (ImportResultId: '285f9c3d3be9382469895337816f00d6') in 0.0338643 seconds
[Worker0] Imported GUID: f0575e8c5ac74a399a62fcb72fe081c4 - Path: Packages/com.unity.splines/Editor/GUI - Importer: ScriptedImporter/UnityEditor.QuickSearchModule:UnityEditor.Search:ASIAI0B -> (ImportResultId: '71756e1b7812fa35ac9aba7aeb971079') in 0.0330882 seconds
[Worker0] Imported GUID: 63d6e4c877b21dc4d8ab48925ba1ad41 - Path: Packages/com.unity.splines/Editor/Editor Resources/Icons/d_Tangent_Linear On.png - Importer: ScriptedImporter/UnityEditor.QuickSearchModule:UnityEditor.Search:ASIAI0B -> (ImportResultId: '68d41bcd681553c49749302d7509a6cb') in 0.033839 seconds
[Worker0] Imported GUID: c574a2f698921d1458f6dfba4b5e1229 - Path: Packages/com.unity.splines/Editor/Components/SplineInstantiateEditor.cs - Importer: ScriptedImporter/UnityEditor.QuickSearchModule:UnityEditor.Search:ASIAI0B -> (ImportResultId: 'be5f2c5eef9ef533d1a5b78b982dbc62') in 0.0305366 seconds
[Worker0] Imported GUID: 7cd5c5438d470aa429f0e8c58581471c - Path: Packages/com.unity.cinemachine/Runtime/Deprecated/CinemachineLegacyCameraEvents.cs - Importer: ScriptedImporter/UnityEditor.QuickSearchModule:UnityEditor.Search:ASIAI0B -> (ImportResultId: '3648491df990c5bf11130cb3ed245ee4') in 0.0275775 seconds
[Worker0] Imported GUID: d4a408a1b506d0046875061c677944d8 - Path: Packages/com.unity.cinemachine/Editor/Obsolete/CinemachineTrackedDollyEditor.cs - Importer: ScriptedImporter/UnityEditor.QuickSearchModule:UnityEditor.Search:ASIAI0B -> (ImportResultId: '6e89bc4de3526fe605190fc325570858') in 0.0256079 seconds
[Worker0] Imported GUID: 485306800ba13455ca2c05a5fb6b1309 - Path: Packages/com.unity.splines/Editor/Editor Resources/Icons/d_AutoSmoothKnot@2x.png - Importer: ScriptedImporter/UnityEditor.QuickSearchModule:UnityEditor.Search:ASIAI0B -> (ImportResultId: '63d9e00fc278794b4754befccbf0d4ac') in 0.0268254 seconds
[Worker0] Imported GUID: 4d9a53522e8284642a915f29cf3a56e6 - Path: Packages/com.unity.cinemachine/Editor/PropertyDrawers/LensSettingsPropertyDrawer.cs - Importer: ScriptedImporter/UnityEditor.QuickSearchModule:UnityEditor.Search:ASIAI0B -> (ImportResultId: '2cfe8520c55fe1b78e57175dee1c21c8') in 0.0246425 seconds
[Worker0] Imported GUID: f38bda98361e1de48a4ca2bd86ea3c17 - Path: Packages/com.unity.cinemachine/Runtime/Components/CinemachineRotationComposer.cs - Importer: ScriptedImporter/UnityEditor.QuickSearchModule:UnityEditor.Search:ASIAI0B -> (ImportResultId: '30423fafc58b3281b88fb566ca2dba9d') in 0.0250569 seconds
[Worker0] Imported GUID: 077bfa6de2cd5634cb02f03ec290191d - Path: Packages/com.unity.splines/Editor/GUI/Editors/SplineActionZone.cs - Importer: ScriptedImporter/UnityEditor.QuickSearchModule:UnityEditor.Search:ASIAI0B -> (ImportResultId: '962b8ee120cfe7533084e216a4a54226') in 0.0248451 seconds
[Worker0] Imported GUID: 59c27bc09d9b426f9c90c5d8eb9a933a - Path: Packages/com.unity.splines/Runtime/SplineMath.cs - Importer: ScriptedImporter/UnityEditor.QuickSearchModule:UnityEditor.Search:ASIAI0B -> (ImportResultId: 'f6b1a9c7a90d5ecd6a0fa2820260e661') in 0.0254641 seconds
[Worker0] Imported GUID: 19acaed1f8ecfb54ab50e8d87065d38e - Path: Packages/com.unity.cinemachine/Editor/EditorResources/Icons/Light - Importer: ScriptedImporter/UnityEditor.QuickSearchModule:UnityEditor.Search:ASIAI0B -> (ImportResultId: '85a261decdf545075cdacd9a8d441112') in 0.0259221 seconds
[Worker0] Imported GUID: 0b2a7c32dd38d425f9a9418e85887dd9 - Path: Packages/com.unity.splines/Editor/Editor Resources/Icons/d_AutoSmoothKnot On@2x.png - Importer: ScriptedImporter/UnityEditor.QuickSearchModule:UnityEditor.Search:ASIAI0B -> (ImportResultId: '915855fca4d9901485d47d7431ca9eaf') in 0.0278694 seconds
[Worker0] Imported GUID: f8277034562bc4596b7a121435fe0caf - Path: Packages/com.unity.cinemachine/Editor/Utility/CinemachineEditorAnalytics.cs - Importer: ScriptedImporter/UnityEditor.QuickSearchModule:UnityEditor.Search:ASIAI0B -> (ImportResultId: '8cd994f831374fdc3880dc46e7a72562') in 0.033082 seconds
[Worker0] Imported GUID: 486a73a8310372840b8f6347258269ac - Path: Packages/com.unity.cinemachine/Runtime/Core/BlendManager.cs - Importer: ScriptedImporter/UnityEditor.QuickSearchModule:UnityEditor.Search:ASIAI0B -> (ImportResultId: '3d3094d1cf43eeaf9e464478598fe6a8') in 0.0268079 seconds
[Worker0] Imported GUID: 8c657da9fbf87ac4caa9deae71bbb343 - Path: Packages/com.unity.cinemachine/Runtime/Helpers/CinemachineCameraEvents.cs - Importer: ScriptedImporter/UnityEditor.QuickSearchModule:UnityEditor.Search:ASIAI0B -> (ImportResultId: '9db66af6761130e90d1be4ab45761d95') in 0.0286185 seconds
[Worker0] Imported GUID: 3c126aec2346c064bbde27351e7d7579 - Path: Assets/Scripts/UnityRuntime/Player/FirstPersonLook.cs - Importer: ScriptedImporter/UnityEditor.QuickSearchModule:UnityEditor.Search:ASIAI0B -> (ImportResultId: 'a20cf25e290bc833d1af45a85eb00c31') in 0.0285151 seconds
[Worker0] Imported GUID: a4c41ac9245b87c4192012080077d830 - Path: Packages/com.unity.cinemachine/Runtime/Deprecated/CinemachineSameAsFollowTarget.cs - Importer: ScriptedImporter/UnityEditor.QuickSearchModule:UnityEditor.Search:ASIAI0B -> (ImportResultId: '280c401952eea83bf680179651e83451') in 0.0256965 seconds
[Worker0] Imported GUID: f34e35dc1dc67c54c841b728548d69cc - Path: Packages/com.unity.cinemachine/Editor/Obsolete/CinemachineTransposerEditor.cs - Importer: ScriptedImporter/UnityEditor.QuickSearchModule:UnityEditor.Search:ASIAI0B -> (ImportResultId: '1fd81e5b6e1e055475b008ce68e223e8') in 0.0278626 seconds
[Worker0] Imported GUID: a200b19ca1a9685429ed7e043c28e904 - Path: Packages/com.unity.cinemachine/Runtime/Deprecated/CinemachineSmoothPath.cs - Importer: ScriptedImporter/UnityEditor.QuickSearchModule:UnityEditor.Search:ASIAI0B -> (ImportResultId: '543ec59434f9946610fd7ec72d5397de') in 0.0280789 seconds
[Worker0] Imported GUID: 8000e8170b5e1374c9503b5255ccc7e8 - Path: Packages/com.unity.cinemachine/Editor/Editors/CinemachineNoiseSettingsEditor.cs - Importer: ScriptedImporter/UnityEditor.QuickSearchModule:UnityEditor.Search:ASIAI0B -> (ImportResultId: 'd5fb8fa8910c8c153929cee8fbdb7334') in 0.025794 seconds
[Worker0] Imported GUID: d4cfecd590dd84bae905de63a1fc94ae - Path: Packages/com.unity.splines/Editor/Editor Resources/Icons/ToolHandleParent@2x.png - Importer: ScriptedImporter/UnityEditor.QuickSearchModule:UnityEditor.Search:ASIAI0B -> (ImportResultId: 'dfbac64a1f491fbd1e9f3195de94d29b') in 0.0312041 seconds
[Worker0] Imported GUID: 2ad42e04f6841ea64a7f21707d1aec22 - Path: Packages/com.unity.splines/Editor/Editor Resources/Icons/SplineContext@2x.png - Importer: ScriptedImporter/UnityEditor.QuickSearchModule:UnityEditor.Search:ASIAI0B -> (ImportResultId: 'bc7fac347c38d419042311ecd456a793') in 0.0290004 seconds
[Worker0] Imported GUID: 4e824b25245647358e471f403288f20d - Path: Packages/com.unity.splines/Runtime/SplineMesh.cs - Importer: ScriptedImporter/UnityEditor.QuickSearchModule:UnityEditor.Search:ASIAI0B -> (ImportResultId: '6038b551fd4bd10f9d00e8cd81ea0de9') in 0.0291227 seconds
[Worker0] Imported GUID: 627a593abae54148b748c319c242e79e - Path: Packages/com.unity.splines/Runtime/EmbeddedSplineDataType.cs - Importer: ScriptedImporter/UnityEditor.QuickSearchModule:UnityEditor.Search:ASIAI0B -> (ImportResultId: 'f6c261132947f7742b253c1349276f14') in 0.0261807 seconds
[Worker0] Imported GUID: 9ce16cd7e31794b48b2843381cd87d31 - Path: Packages/com.unity.cinemachine/Editor/Editors/CinemachineHardLookAtEditor.cs - Importer: ScriptedImporter/UnityEditor.QuickSearchModule:UnityEditor.Search:ASIAI0B -> (ImportResultId: 'ea300b10264f282ed0fe588f6f250959') in 0.0254741 seconds
[Worker0] Imported GUID: 2adf148a19499274795e418631d7db45 - Path: Packages/com.unity.cinemachine/Runtime/Deprecated/CinemachineTouchInputMapper.cs - Importer: ScriptedImporter/UnityEditor.QuickSearchModule:UnityEditor.Search:ASIAI0B -> (ImportResultId: '813e713f4b71ca47d6a8240100c5b003') in 0.0255005 seconds
Worker ready: AssetImportWorkerHW1 1
[Worker0] Imported GUID: 72ece51f2901e7445ab60da3685d6b5f - Path: Packages/com.unity.cinemachine/Runtime/Behaviours/CinemachineBrain.cs - Importer: ScriptedImporter/UnityEditor.QuickSearchModule:UnityEditor.Search:ASIAI0B -> (ImportResultId: '1a6995aebdfb20e762d12d65f6b386e2') in 0.0318671 seconds
[Worker0] Imported GUID: 7950340077b4bfa4b8e61a4bc56f6b2e - Path: Packages/com.unity.splines/Editor/Editor Resources/Icons/d_Tangent_Continuous.png - Importer: ScriptedImporter/UnityEditor.QuickSearchModule:UnityEditor.Search:ASIAI0B -> (ImportResultId: 'd558d58686bc29a9c83d6f057df44574') in 0.0324864 seconds
[Worker0] Imported GUID: ba59c38a116ff2f4fb69f825ba0da3bc - Path: Packages/com.unity.cinemachine/Editor/Utility/ScriptableObjectUtility.cs - Importer: ScriptedImporter/UnityEditor.QuickSearchModule:UnityEditor.Search:ASIAI0B -> (ImportResultId: '4b370b4c5a2f2a9a74b8f52af050a649') in 0.0249384 seconds
[Worker0] Imported GUID: 4d75924d76b05344aa410607bc57db98 - Path: Packages/com.unity.cinemachine/Runtime/Behaviours/CinemachineConfiner3D.cs - Importer: ScriptedImporter/UnityEditor.QuickSearchModule:UnityEditor.Search:ASIAI0B -> (ImportResultId: '71a40cee354f862ba7306b5d099e8589') in 0.0284463 seconds
[Worker0] Imported GUID: 5bcefd1f1914dff4dae9fe9c4250b8da - Path: Packages/com.unity.splines/Editor/GUI/Editors/SplineDataReorderableListUtility.cs - Importer: ScriptedImporter/UnityEditor.QuickSearchModule:UnityEditor.Search:ASIAI0B -> (ImportResultId: '3a40e9fcf40458bc77fc1c811b809efc') in 0.0282851 seconds
Worker ready: AssetImportWorkerHW2 2
[Worker0] Imported GUID: 8d419d6202990ff4e8bdcd836e503946 - Path: Packages/com.unity.cinemachine/Editor/PropertyDrawers/InputAxisPropertyDrawer.cs - Importer: ScriptedImporter/UnityEditor.QuickSearchModule:UnityEditor.Search:ASIAI0B -> (ImportResultId: '5e0c5763fe849a1521ba44493a8a6ce9') in 0.0283493 seconds
Asset Pipeline Refresh (id=3d96e7bb8e5d326408a5280860549c98): Total: 0.004 seconds - Initiated by RefreshV2(AllowForceSynchronousImport)
[Worker0] Imported GUID: 5778d22ca832d9f47b5e73a8c5fe78a2 - Path: Packages/com.unity.cinemachine/Runtime/Core/LensSettings.cs - Importer: ScriptedImporter/UnityEditor.QuickSearchModule:UnityEditor.Search:ASIAI0B -> (ImportResultId: '8b2b2ede1c1849a23a8b9ea5313e8abc') in 0.0302419 seconds
[Worker0] Imported GUID: 30dcd166c0e84ff5bf290b88ce72bdda - Path: Packages/com.unity.splines/Editor/GUI/Editors/KnotReorderableList.cs - Importer: ScriptedImporter/UnityEditor.QuickSearchModule:UnityEditor.Search:ASIAI0B -> (ImportResultId: 'b210107a11db359048095e3c28740474') in 0.0240364 seconds
[Worker0] Imported GUID: 9a1e76c9845005c41a09e1d83102744e - Path: Packages/com.unity.splines/Editor/Editor Resources/Icons/d_SplineComponent@2x.png - Importer: ScriptedImporter/UnityEditor.QuickSearchModule:UnityEditor.Search:ASIAI0B -> (ImportResultId: 'e06d55a62c361e3050c7b23b630469b8') in 0.0248948 seconds
[Worker0] Imported GUID: 2d37e5385efd7064cb1d54c94960acae - Path: Packages/com.unity.cinemachine/Runtime/Deprecated/CinemachinePath.cs - Importer: ScriptedImporter/UnityEditor.QuickSearchModule:UnityEditor.Search:ASIAI0B -> (ImportResultId: '33fe20b4561906679e598369990b5c59') in 0.0230059 seconds
[Worker0] Imported GUID: f2fffbd3edfc4d078419c7771be03764 - Path: Packages/com.unity.splines/Runtime/SplineRange.cs - Importer: ScriptedImporter/UnityEditor.QuickSearchModule:UnityEditor.Search:ASIAI0B -> (ImportResultId: '98ca033124c944ad93d5e058aec00be7') in 0.0238924 seconds
[Worker0] Imported GUID: 910bf23ae6a63488796235071cb3dd65 - Path: Packages/com.unity.splines/Editor/Editor Resources/UI/UXML/splineanimate-inspector.uxml - Importer: ScriptedImporter/UnityEditor.QuickSearchModule:UnityEditor.Search:ASIAI0B -> (ImportResultId: '1cfed4baec888b537ade3b7f87186f93') in 0.076401 seconds
[Worker0] Imported GUID: 74b90d002bdcadb4b844c5a62f7ed7e1 - Path: Packages/com.unity.cinemachine/Editor/Obsolete/CinemachineComposerEditor.cs - Importer: ScriptedImporter/UnityEditor.QuickSearchModule:UnityEditor.Search:ASIAI0B -> (ImportResultId: '583099381b1ea6501d249710b63e587c') in 0.0261701 seconds
[Worker0] Imported GUID: 325a6a3050a061e4b8aa51386c30e8e1 - Path: Packages/com.unity.cinemachine/Runtime/Behaviours/CinemachineStateDrivenCamera.cs - Importer: ScriptedImporter/UnityEditor.QuickSearchModule:UnityEditor.Search:ASIAI0B -> (ImportResultId: '0339de9001fb23491aeecaa29d4db2b6') in 0.0273728 seconds
[Worker0] Imported GUID: 57744762d9079934292f57896d8193e0 - Path: Packages/com.unity.cinemachine/Runtime/Behaviours/CinemachineExternalCamera.cs - Importer: ScriptedImporter/UnityEditor.QuickSearchModule:UnityEditor.Search:ASIAI0B -> (ImportResultId: 'df9c0845e417831eefccf3ec6429453c') in 0.0277074 seconds
[Worker0] Imported GUID: f6867fa804c14cf40b3f68fd943d8aae - Path: Packages/com.unity.cinemachine/Runtime/Core/CameraBlendStack.cs - Importer: ScriptedImporter/UnityEditor.QuickSearchModule:UnityEditor.Search:ASIAI0B -> (ImportResultId: 'bde71b9f0e063dba09c8a5696da1b642') in 0.0249578 seconds
[Worker0] Imported GUID: 7d0d800d47186f0468d962ccf338ab97 - Path: Packages/com.unity.cinemachine/Editor/PropertyDrawers/NoiseSettingsPropertyDrawer.cs - Importer: ScriptedImporter/UnityEditor.QuickSearchModule:UnityEditor.Search:ASIAI0B -> (ImportResultId: 'da3143a576be6a41500feb08f2503bf8') in 0.0275973 seconds
[Worker0] Imported GUID: 8a55c5521f6ab4af298e86f0cda02006 - Path: Packages/com.unity.cinemachine/Editor/Utility/CinemachineSceneToolHelpers.cs - Importer: ScriptedImporter/UnityEditor.QuickSearchModule:UnityEditor.Search:ASIAI0B -> (ImportResultId: 'a17e4e5e1d81c7bb96a9378e38a4c429') in 0.0257742 seconds
[Worker0] Imported GUID: c33ec34c59a5fa94bad4452c78635f07 - Path: Packages/com.unity.splines/Editor/Stylesheets/SplineInspectorLight.uss - Importer: ScriptedImporter/UnityEditor.QuickSearchModule:UnityEditor.Search:ASIAI0B -> (ImportResultId: 'e908e862d22bb89de3a72fc16c8fb823') in 0.032381 seconds
[Worker0] Imported GUID: e1dec5e4d3c4dd84aab4dfbb3c8e6b48 - Path: Packages/com.unity.splines/Editor/GUI/ToolbarsOverlays/BezierKnotDrawer.cs - Importer: ScriptedImporter/UnityEditor.QuickSearchModule:UnityEditor.Search:ASIAI0B -> (ImportResultId: 'bb9b60d70e39a541f8394d75ff71c9aa') in 0.0258497 seconds
[Worker0] Imported GUID: e33dd4fb2aaf76843bca29d96b840b15 - Path: Packages/com.unity.splines/Editor/Stylesheets/SplineInspectorDark.uss - Importer: ScriptedImporter/UnityEditor.QuickSearchModule:UnityEditor.Search:ASIAI0B -> (ImportResultId: '53af216a46f8a264c66153b1f70e7387') in 0.0304915 seconds
[Worker0] Imported GUID: 1c640147ed7cf254190b8caf8fe0f6f3 - Path: Packages/com.unity.splines/Editor/Tools/SplineScaleTool.cs - Importer: ScriptedImporter/UnityEditor.QuickSearchModule:UnityEditor.Search:ASIAI0B -> (ImportResultId: '3b71e2e705f1d5e160a2c93ca052b343') in 0.0230217 seconds
[Worker0] Imported GUID: 1a8a05de0ac134f4f9d01bef6b9da077 - Path: Packages/com.unity.cinemachine/Runtime/Behaviours/CinemachinePixelPerfect.cs - Importer: ScriptedImporter/UnityEditor.QuickSearchModule:UnityEditor.Search:ASIAI0B -> (ImportResultId: '3a6085eb36aa42b5f7092e4c79e08bda') in 0.0292456 seconds
[Worker0] Imported GUID: eec53699ff1322b4ea3ede142e1cdd9f - Path: Packages/com.unity.cinemachine/Editor/PropertyDrawers/DelayedVectorPropertyDrawer.cs - Importer: ScriptedImporter/UnityEditor.QuickSearchModule:UnityEditor.Search:ASIAI0B -> (ImportResultId: 'ea0b7684fba35c96146a9a5d1340adfd') in 0.0294118 seconds
[Worker0] Imported GUID: 36d1163fa822e8b418a0a603ec078d5c - Path: Packages/com.unity.cinemachine/Runtime/Components/CinemachineHardLockToTarget.cs - Importer: ScriptedImporter/UnityEditor.QuickSearchModule:UnityEditor.Search:ASIAI0B -> (ImportResultId: 'b7e5cdcfc48dec5198d3d46f7a60286f') in 0.0298022 seconds
[Worker0] Imported GUID: 327ae0ec745f75b4b8ef5f30a3328a85 - Path: Packages/com.unity.splines/Editor/Editor Resources/Icons/d_KnotPlacementTool@2x.png - Importer: ScriptedImporter/UnityEditor.QuickSearchModule:UnityEditor.Search:ASIAI0B -> (ImportResultId: 'f0a5a68df21293ce4feb4261e90812c2') in 0.0283944 seconds
[Worker0] Imported GUID: add4c76e08cd35f4d973fbe94b8553e8 - Path: Packages/com.unity.cinemachine/Editor/Utility/SplineDataInspectorUtility.cs - Importer: ScriptedImporter/UnityEditor.QuickSearchModule:UnityEditor.Search:ASIAI0B -> (ImportResultId: 'd0bdd218beb7a0332376fa69aaa6c19f') in 0.026729 seconds
[Worker0] Imported GUID: 678795ac9f09490caf4942ab0ac576cd - Path: Packages/com.unity.cinemachine/Editor/Samples/SampleDependencyImporter.cs - Importer: ScriptedImporter/UnityEditor.QuickSearchModule:UnityEditor.Search:ASIAI0B -> (ImportResultId: '914da820da39b0d69ff81c03e353bd7e') in 0.0252458 seconds
[Worker0] Imported GUID: 01011f0717cf4b59b383b1fa591ddb07 - Path: Packages/com.unity.cinemachine/Runtime/Debug/DebugText.cs - Importer: ScriptedImporter/UnityEditor.QuickSearchModule:UnityEditor.Search:ASIAI0B -> (ImportResultId: '761a905b2221742c99ddd4a5f8c8f3ae') in 0.0275855 seconds
[Worker0] Imported GUID: 2a15a1e455bcc7543872f50762449739 - Path: Packages/com.unity.cinemachine/Editor/Utility/GameViewComposerGuides.cs - Importer: ScriptedImporter/UnityEditor.QuickSearchModule:UnityEditor.Search:ASIAI0B -> (ImportResultId: '706ce4226736fe9b8acf5806bc1e0d55') in 0.025308 seconds
[Worker0] Imported GUID: efbf651422c59424fbb414b486a8298e - Path: Packages/com.unity.cinemachine/Runtime/Core/LookaheadSettings.cs - Importer: ScriptedImporter/UnityEditor.QuickSearchModule:UnityEditor.Search:ASIAI0B -> (ImportResultId: 'a0b49d0ba003d4bbeedb8ef2ef92ccb2') in 0.0258883 seconds
[Worker0] Imported GUID: 4e526ebdb8c34af5b98d5eb45d4e56a5 - Path: Packages/com.unity.splines/Editor/GUI/Editors/SplineDataDictionaryPropertyDrawer.cs - Importer: ScriptedImporter/UnityEditor.QuickSearchModule:UnityEditor.Search:ASIAI0B -> (ImportResultId: 'edeab77061794e9cad321bb7489c04b0') in 0.0243681 seconds
[Worker0] Imported GUID: 2808bd25b3f651d4d9ed886d32d96e95 - Path: Packages/com.unity.splines/LICENSE.md - Importer: ScriptedImporter/UnityEditor.QuickSearchModule:UnityEditor.Search:ASIAI0B -> (ImportResultId: 'b05bb5a33d87f6f6385d1bfd2f3aa50d') in 0.0252032 seconds
[Worker0] Imported GUID: b56f2475416eeea4c916add2d7268ad1 - Path: Packages/com.unity.cinemachine/Editor/Impulse/CinemachineImpulseSourceEditor.cs - Importer: ScriptedImporter/UnityEditor.QuickSearchModule:UnityEditor.Search:ASIAI0B -> (ImportResultId: 'c4fae96094c90db1575606e557125a80') in 0.0244606 seconds
[Worker0] Imported GUID: 6a0472cd31396f741969b8c1af8dd5a0 - Path: Packages/com.unity.cinemachine/Runtime/Core/UnityVectorExtensions.cs - Importer: ScriptedImporter/UnityEditor.QuickSearchModule:UnityEditor.Search:ASIAI0B -> (ImportResultId: 'a01328f21ef81294eede361868da1afd') in 0.02463 seconds
[Worker0] Imported GUID: 68cccfca0c5a4d6aaff0dee4d7e65c7e - Path: Packages/com.unity.splines/Runtime/SplineDataDictionary.cs - Importer: ScriptedImporter/UnityEditor.QuickSearchModule:UnityEditor.Search:ASIAI0B -> (ImportResultId: 'df4a58a1bdedc91bbda406f62cefe3ee') in 0.024485 seconds
[Worker0] Imported GUID: 620aee1bd928b2a4981896c6b4e1bf0d - Path: Packages/com.unity.cinemachine/Editor/Editors/CinemachinePositionComposerEditor.cs - Importer: ScriptedImporter/UnityEditor.QuickSearchModule:UnityEditor.Search:ASIAI0B -> (ImportResultId: '575d771117e730368bff5e82bf86dd1f') in 0.0260597 seconds
[Worker0] Imported GUID: 9960e786bad1b67458b4f313c4de75d7 - Path: Packages/com.unity.cinemachine/Editor/Obsolete - Importer: ScriptedImporter/UnityEditor.QuickSearchModule:UnityEditor.Search:ASIAI0B -> (ImportResultId: 'b6996154d0b9b10cec19856364af65b9') in 0.0243807 seconds
[Worker0] Imported GUID: a8aaec50d5ae8d94798cd6a476f5fe37 - Path: Packages/com.unity.cinemachine/Editor/Editors/CinemachineExtensionEditor.cs - Importer: ScriptedImporter/UnityEditor.QuickSearchModule:UnityEditor.Search:ASIAI0B -> (ImportResultId: '2d22818f03bd732546bb4fc8343aaaea') in 0.0241316 seconds
[Worker0] Imported GUID: f35d11c3f802f0b4d8443948502fb54e - Path: Packages/com.unity.cinemachine/Editor/PropertyDrawers/OutputChannelsPropertyDrawer.cs - Importer: ScriptedImporter/UnityEditor.QuickSearchModule:UnityEditor.Search:ASIAI0B -> (ImportResultId: '8e24a2347c1c297247179c9d1e81daeb') in 0.024568 seconds
[Worker0] Imported GUID: c49f0086bddfacf42acfd4f44b870aba - Path: Packages/com.unity.cinemachine/Runtime/Core/VirtualCameraRegistry.cs - Importer: ScriptedImporter/UnityEditor.QuickSearchModule:UnityEditor.Search:ASIAI0B -> (ImportResultId: 'e26806f5b8f4e8973aae40e6ac9f6a46') in 0.024235 seconds
[Worker0] Imported GUID: 8b243853b51eeb14694e302b57cb8970 - Path: Packages/com.unity.splines/Editor/Tools/SplineRotateTool.cs - Importer: ScriptedImporter/UnityEditor.QuickSearchModule:UnityEditor.Search:ASIAI0B -> (ImportResultId: '8d0a63aa18c3826370ced99bc5cfda1e') in 0.0238148 seconds
[Worker0] Imported GUID: 32ecf34f33d1741cc984d14872e017eb - Path: Packages/com.unity.cinemachine/Editor/AssemblyInfo.cs - Importer: ScriptedImporter/UnityEditor.QuickSearchModule:UnityEditor.Search:ASIAI0B -> (ImportResultId: '74dcdfc9f5a5d4ea5e159369e4bdd8c5') in 0.0250727 seconds
[Worker0] Imported GUID: a666097a01ce68b47bef32805c05c7cb - Path: Packages/com.unity.cinemachine/Editor/PropertyDrawers/HideIfNoComponentPropertyDrawer.cs - Importer: ScriptedImporter/UnityEditor.QuickSearchModule:UnityEditor.Search:ASIAI0B -> (ImportResultId: 'beedb8274d25c6262b574cc8b9148ba6') in 0.0240672 seconds
[Worker0] Imported GUID: b1a97a2b5515f5d49977e7e8add5b7a9 - Path: Packages/com.unity.cinemachine/Editor/Impulse/CinemachineImpulseDefinitionPropertyDrawer.cs - Importer: ScriptedImporter/UnityEditor.QuickSearchModule:UnityEditor.Search:ASIAI0B -> (ImportResultId: '7b6aa71aee2526ad4d0ecc98b88fc1ef') in 0.0282633 seconds
[Worker0] Imported GUID: 1ff9d8296ed1f02419bf4f417ff2265e - Path: Packages/com.unity.cinemachine/Editor/Editors/CinemachineBlenderSettingsEditor.cs - Importer: ScriptedImporter/UnityEditor.QuickSearchModule:UnityEditor.Search:ASIAI0B -> (ImportResultId: '72c3f975845457436f050838ee921039') in 0.0261166 seconds
[Worker0] Imported GUID: 81deefe0c82a24b92a1d585c998fe456 - Path: Packages/com.unity.cinemachine/Editor/Samples/ExposeHDRPInternals/HDRP-Editor-ref.asmref - Importer: ScriptedImporter/UnityEditor.QuickSearchModule:UnityEditor.Search:ASIAI0B -> (ImportResultId: 'a50a6427e2584bd448fa57471bc911a7') in 0.0281256 seconds
[Worker0] Imported GUID: 74d8c4d6e5d0338469ae46c13725f3ce - Path: Packages/com.unity.cinemachine/Editor/Windows/CinemachineSettings.cs - Importer: ScriptedImporter/UnityEditor.QuickSearchModule:UnityEditor.Search:ASIAI0B -> (ImportResultId: '196d81382e30abe1966ec21028ba548b') in 0.0310269 seconds
[Worker0] Imported GUID: e431aac1b3a84b64e93b38e833c448be - Path: Packages/com.unity.cinemachine/Editor/Obsolete/ObsoleteInspectorUtility.cs - Importer: ScriptedImporter/UnityEditor.QuickSearchModule:UnityEditor.Search:ASIAI0B -> (ImportResultId: '7e1d37106f70c5d2e652ae7c21f66eaa') in 0.0228058 seconds
[Worker0] Imported GUID: eaa3cd6309cba3244b2a227f3e8e7eb3 - Path: Packages/com.unity.splines/Editor/GUI/Editors - Importer: ScriptedImporter/UnityEditor.QuickSearchModule:UnityEditor.Search:ASIAI0B -> (ImportResultId: 'bf7be1f864c10e419ae3e47f467d925b') in 0.0255266 seconds
[Worker0] Imported GUID: f453f694addf4275988fac205bc91968 - Path: Packages/com.unity.cinemachine/Runtime/Behaviours/CinemachineConfiner2D.cs - Importer: ScriptedImporter/UnityEditor.QuickSearchModule:UnityEditor.Search:ASIAI0B -> (ImportResultId: 'a283a259effee4256a0848a6f501b25f') in 0.0453125 seconds
[Worker0] Imported GUID: 54bfd57b67ce80c4481a2c3616fb0e7c - Path: Packages/com.unity.splines/Editor/GUI/SplineGUI.cs - Importer: ScriptedImporter/UnityEditor.QuickSearchModule:UnityEditor.Search:ASIAI0B -> (ImportResultId: '1dcc3359f13f1e4d9ad6c7baaac4f36d') in 0.0240653 seconds
[Worker0] Imported GUID: 68194b7bb9ff1c6489c9c3c87c68c2a4 - Path: Packages/com.unity.cinemachine/Editor/Obsolete/VcamStageEditor.cs - Importer: ScriptedImporter/UnityEditor.QuickSearchModule:UnityEditor.Search:ASIAI0B -> (ImportResultId: '0e3a5fb5703fe641cecc42c4038c113b') in 0.0252719 seconds
[Worker0] Imported GUID: b13e846ea7b7ce842abd5213c2d2f0b3 - Path: Packages/com.unity.cinemachine/Editor/Editors/CinemachinePanTiltEditor.cs - Importer: ScriptedImporter/UnityEditor.QuickSearchModule:UnityEditor.Search:ASIAI0B -> (ImportResultId: '6ae70d8226e7ed19b73906bfdad40057') in 0.0473198 seconds
[Worker0] Imported GUID: 1123a444101eb774ba7490990b50736a - Path: Packages/com.unity.cinemachine/Editor/Obsolete/CinemachineSmoothPathEditor.cs - Importer: ScriptedImporter/UnityEditor.QuickSearchModule:UnityEditor.Search:ASIAI0B -> (ImportResultId: 'c8791af4ce17f4a5c876e84fc0504fc8') in 0.02436 seconds
[Worker0] Imported GUID: a52f5403392ac46e991381bec69935a7 - Path: Packages/com.unity.splines/Editor/Editor Resources/Icons/AutoSmoothKnot On.png - Importer: ScriptedImporter/UnityEditor.QuickSearchModule:UnityEditor.Search:ASIAI0B -> (ImportResultId: 'd56614a3b4c6e69e9227baa3b395add3') in 0.0263467 seconds
[Worker0] Imported GUID: 45e653bab7fb20e499bda25e1b646fea - Path: Packages/com.unity.cinemachine/Runtime/Deprecated/CinemachineVirtualCamera.cs - Importer: ScriptedImporter/UnityEditor.QuickSearchModule:UnityEditor.Search:ASIAI0B -> (ImportResultId: 'aeb8659937e386d44ba8b58ca38b3c75') in 0.0261345 seconds
[Worker0] Imported GUID: b0da2494b9f846808b9175a7333f72dc - Path: Packages/com.unity.splines/Runtime/NativeSpline.cs - Importer: ScriptedImporter/UnityEditor.QuickSearchModule:UnityEditor.Search:ASIAI0B -> (ImportResultId: '82416886824391c6c01bc11b41e532a3') in 0.025689 seconds
[Worker0] Imported GUID: 10e6f8c815d3c4d45b1d98b951d53912 - Path: Packages/com.unity.cinemachine/Runtime/Debug/CinemachineDebug.cs - Importer: ScriptedImporter/UnityEditor.QuickSearchModule:UnityEditor.Search:ASIAI0B -> (ImportResultId: 'b8e71690a50322bb8a396887aa686a5a') in 0.0230942 seconds
[Worker0] Imported GUID: d0dd2407e33307e4386616f5c33463fa - Path: Packages/com.unity.splines/Editor/GUI/Editors/CommonElementDrawer.cs - Importer: ScriptedImporter/UnityEditor.QuickSearchModule:UnityEditor.Search:ASIAI0B -> (ImportResultId: '2e93db9feea892c23a6102cdbdd65c64') in 0.0228914 seconds
[Worker0] Imported GUID: 9d3c7f8bbb5843a48aaa0b19964df4bb - Path: Packages/com.unity.cinemachine/Runtime/SaveDuringPlay - Importer: ScriptedImporter/UnityEditor.QuickSearchModule:UnityEditor.Search:ASIAI0B -> (ImportResultId: 'd0aad55b40469ed629adf880e2a4e43d') in 0.0259225 seconds
[Worker0] Imported GUID: 84ba2b41d2954a2d8adc64619daa77e8 - Path: Packages/com.unity.splines/Editor/GUI/Editors/BezierTangentPropertyField.cs - Importer: ScriptedImporter/UnityEditor.QuickSearchModule:UnityEditor.Search:ASIAI0B -> (ImportResultId: 'deffedb773f621b8c00f09fd045fba28') in 0.0255162 seconds
[Worker0] Imported GUID: a63f9f2267c36684e855add13ad5499f - Path: Packages/com.unity.cinemachine/Editor/Obsolete/CinemachineVirtualCameraEditor.cs - Importer: ScriptedImporter/UnityEditor.QuickSearchModule:UnityEditor.Search:ASIAI0B -> (ImportResultId: '922eb71f6f7ca579799a48c85576580b') in 0.0244402 seconds
[Worker0] Imported GUID: fdacd376014f8b743a9561d5652ca823 - Path: Packages/com.unity.splines/Editor/Editor Resources/Icons/KnotPlacementTool@2x.png - Importer: ScriptedImporter/UnityEditor.QuickSearchModule:UnityEditor.Search:ASIAI0B -> (ImportResultId: '127827d80f686e757b3e758694e45dfc') in 0.0286808 seconds
[Worker0] Imported GUID: d62f748f5292bb343be9e6b0c84416d9 - Path: Packages/com.unity.cinemachine/Runtime/Behaviours/CinemachineClearShot.cs - Importer: ScriptedImporter/UnityEditor.QuickSearchModule:UnityEditor.Search:ASIAI0B -> (ImportResultId: '2588aed6bfd1e77dc21d0918dedb7df8') in 0.0323913 seconds
[Worker0] Imported GUID: 211d719bb25901043833928f50e9d0ea - Path: Packages/com.unity.cinemachine/Editor/Obsolete/CinemachineVirtualCameraBaseEditor.cs - Importer: ScriptedImporter/UnityEditor.QuickSearchModule:UnityEditor.Search:ASIAI0B -> (ImportResultId: 'dc0e25afb78dd9f361b25e7abef65898') in 0.0245095 seconds
[Worker0] Imported GUID: 3f7710aed2e378c428337119fb9a1342 - Path: Packages/com.unity.splines/Editor/Tools/TransformOperation.cs - Importer: ScriptedImporter/UnityEditor.QuickSearchModule:UnityEditor.Search:ASIAI0B -> (ImportResultId: '7ea50f86e3f1858af99a006767330056') in 0.0228068 seconds
[Worker0] Imported GUID: c74ddef7e6e74f529a51b5ad71552fbd - Path: Packages/com.unity.splines/Editor/GUI/Editors/TangentModePropertyField.cs - Importer: ScriptedImporter/UnityEditor.QuickSearchModule:UnityEditor.Search:ASIAI0B -> (ImportResultId: '2440da0eacfabdcfb51f6df09d1a679a') in 0.0268551 seconds
[Worker0] Imported GUID: 8ca134f3775ab504686258c3e27322cb - Path: Packages/com.unity.cinemachine/Runtime/Deprecated/LegacyLensSettings.cs - Importer: ScriptedImporter/UnityEditor.QuickSearchModule:UnityEditor.Search:ASIAI0B -> (ImportResultId: 'ea4aadf2f88628cd1c33416c58f619c2') in 0.0249785 seconds
[Worker0] Imported GUID: b241f91b9ccf8ff489abf204b30d3112 - Path: Packages/com.unity.cinemachine/Presets/Noise/Handheld_normal_strong.asset - Importer: ScriptedImporter/UnityEditor.QuickSearchModule:UnityEditor.Search:ASIAI0B -> (ImportResultId: 'c8fce271b94220b9cc0f9e57f9187c7b') in 0.0242483 seconds
[Worker0] Imported GUID: 04e6f1d86089cda409e925cd975436d9 - Path: Packages/com.unity.cinemachine/Editor/Obsolete/CinemachineFreeLookEditor.cs - Importer: ScriptedImporter/UnityEditor.QuickSearchModule:UnityEditor.Search:ASIAI0B -> (ImportResultId: '732375ee46c8eef6f05c3607229b4018') in 0.0266133 seconds
[Worker0] Imported GUID: 7a97571b2775aab4e8bf63d9ceb96743 - Path: Packages/com.unity.cinemachine/package.json - Importer: ScriptedImporter/UnityEditor.QuickSearchModule:UnityEditor.Search:ASIAI0B -> (ImportResultId: 'a42d58fe9171b96a8e92d556b21fda92') in 0.025606 seconds
[Worker0] Imported GUID: c5d95ccadebafc84b8226853d987217d - Path: Packages/com.unity.cinemachine/Editor/Editors/CinemachineTriggerActionEditor.cs - Importer: ScriptedImporter/UnityEditor.QuickSearchModule:UnityEditor.Search:ASIAI0B -> (ImportResultId: 'b528bfb11b557e9961a3cd03e23cc91f') in 0.0254575 seconds
[Worker0] Imported GUID: fa71924fa67eb59478bbd769058116e3 - Path: Packages/com.unity.cinemachine/Editor/PropertyDrawers/SplineAutoDollyPropertyDrawer.cs - Importer: ScriptedImporter/UnityEditor.QuickSearchModule:UnityEditor.Search:ASIAI0B -> (ImportResultId: 'e1684a442fe49326d18a2ca25997d4e4') in 0.024671 seconds
[Worker0] Imported GUID: 8c3dbd03f036dc1428042ff045adbc66 - Path: Packages/com.unity.splines/Editor/Stylesheets - Importer: ScriptedImporter/UnityEditor.QuickSearchModule:UnityEditor.Search:ASIAI0B -> (ImportResultId: '574f9d75a9566f9e7e4eafc8051215ee') in 0.0265676 seconds
[Worker0] Imported GUID: 46d8205276dc66f46ba61fb807f9dc62 - Path: Packages/com.unity.splines/Editor/Editor Resources/Icons/d_Tangent_Linear On@2x.png - Importer: ScriptedImporter/UnityEditor.QuickSearchModule:UnityEditor.Search:ASIAI0B -> (ImportResultId: '9e4166c8a0478eac82a1dc5a9698ba19') in 0.0278431 seconds
[Worker0] Imported GUID: a0962c806cc7b430cba39e8f3a82affc - Path: Packages/com.unity.splines/Runtime/MathUtility.cs - Importer: ScriptedImporter/UnityEditor.QuickSearchModule:UnityEditor.Search:ASIAI0B -> (ImportResultId: 'e49396122456c0cdd63a3095bb20c5aa') in 0.0251032 seconds
[Worker0] Imported GUID: c5342500578afb24a9b83d6343d32a0f - Path: Packages/com.unity.cinemachine/Runtime/Helpers/CinemachineSplineSmoother.cs - Importer: ScriptedImporter/UnityEditor.QuickSearchModule:UnityEditor.Search:ASIAI0B -> (ImportResultId: '25e1d80826653066dcc56d9a85120f2f') in 0.0249358 seconds
[Worker0] Imported GUID: c5da6ce9225f948438f7d6a072499ecd - Path: Packages/com.unity.cinemachine/Editor/Obsolete/CinemachineGroupComposerEditor.cs - Importer: ScriptedImporter/UnityEditor.QuickSearchModule:UnityEditor.Search:ASIAI0B -> (ImportResultId: '62b54a5e6cd86ed276a7d3530c95648a') in 0.0244158 seconds
[Worker0] Imported GUID: 9cd1a769fbb1d1c47b4c22a04a64fa5f - Path: Packages/com.unity.cinemachine/Editor/Impulse/CinemachineCollisionImpulseSourceEditor.cs - Importer: ScriptedImporter/UnityEditor.QuickSearchModule:UnityEditor.Search:ASIAI0B -> (ImportResultId: '239fc484fd33f082fe9b6eb91bdb789f') in 0.0262718 seconds
[Worker0] Imported GUID: ef969b61b6f6df4419ea83c42719409b - Path: Packages/com.unity.cinemachine/Editor/PostProcessing/CinemachineAutoFocusEditor.cs - Importer: ScriptedImporter/UnityEditor.QuickSearchModule:UnityEditor.Search:ASIAI0B -> (ImportResultId: '4352432cd2d853cbae4e3438ec7891fb') in 0.0254934 seconds
[Worker0] Imported GUID: ac0b09e7857660247b1477e93731de29 - Path: Packages/com.unity.cinemachine/Runtime/Deprecated/CinemachinePipeline.cs - Importer: ScriptedImporter/UnityEditor.QuickSearchModule:UnityEditor.Search:ASIAI0B -> (ImportResultId: '719008f95f20f3b8c1ecd726a5ee1f6a') in 0.0249911 seconds
[Worker0] Imported GUID: 319d2fe34a804e245819465c9505ea59 - Path: Packages/com.unity.cinemachine/Runtime/Deprecated/CinemachineFreeLook.cs - Importer: ScriptedImporter/UnityEditor.QuickSearchModule:UnityEditor.Search:ASIAI0B -> (ImportResultId: '9704dac64a827383c6b116361c98ddca') in 0.0253957 seconds
[Worker0] Imported GUID: 44f1bb87db78405e95edea0e310287b2 - Path: Packages/com.unity.splines/Editor/GUI/Editors/EmbeddedSplineDataPropertyDrawer.cs - Importer: ScriptedImporter/UnityEditor.QuickSearchModule:UnityEditor.Search:ASIAI0B -> (ImportResultId: 'd436fe2de543ef3ac6335e5d56d3c363') in 0.0273733 seconds
[Worker0] Imported GUID: b8d6210cd6ab2e24bbe05d11fc9fb57d - Path: Packages/com.unity.cinemachine/Runtime/Core/SplineSettings.cs - Importer: ScriptedImporter/UnityEditor.QuickSearchModule:UnityEditor.Search:ASIAI0B -> (ImportResultId: 'e196ef4811873bbc0b608cc6f1b9f324') in 0.0226803 seconds
[Worker0] Imported GUID: a8bf75b028a574e5e02d406022be02e1 - Path: Packages/com.unity.cinemachine - Importer: ScriptedImporter/UnityEditor.QuickSearchModule:UnityEditor.Search:ASIAI0B -> (ImportResultId: '6b3d28e7c94decbfc0e8dc24673950fb') in 0.0235068 seconds
[Worker0] Imported GUID: c63cb4cb8e3e82c4f8bfa7516da4f2b5 - Path: Packages/com.unity.cinemachine/Editor/Impulse/CinemachineImpulseListenerEditor.cs - Importer: ScriptedImporter/UnityEditor.QuickSearchModule:UnityEditor.Search:ASIAI0B -> (ImportResultId: '46470ae7336a9be708ea0ada4b2e0b18') in 0.0218299 seconds
[Worker0] Imported GUID: 247be52eadac5044e9f8b7b4d8d0ada9 - Path: Packages/com.unity.cinemachine/Editor/Obsolete/CinemachineOrbitalTransposerEditor.cs - Importer: ScriptedImporter/UnityEditor.QuickSearchModule:UnityEditor.Search:ASIAI0B -> (ImportResultId: 'b5aa7239f17b573f02572804267220d1') in 0.0221149 seconds
[Worker0] Imported GUID: fca2bf25139920d4f9bf86711457992e - Path: Packages/com.unity.cinemachine/Runtime/Core/SplineHelpers.cs - Importer: ScriptedImporter/UnityEditor.QuickSearchModule:UnityEditor.Search:ASIAI0B -> (ImportResultId: '0c66d17cecca174413ee13e2727a6c3d') in 0.0253916 seconds
[Worker0] Imported GUID: 9daf1d5bb6317974faf250a976c20d0c - Path: Packages/com.unity.cinemachine/Runtime/Core/InputAxis.cs - Importer: ScriptedImporter/UnityEditor.QuickSearchModule:UnityEditor.Search:ASIAI0B -> (ImportResultId: '0adc34db1be391b8159660d1a1946e02') in 0.0236685 seconds
[Worker0] Imported GUID: da6f83a9449ae48458b549c1db0a17b7 - Path: Packages/com.unity.splines/Editor/Stylesheets/SplineAnimateInspectorDark.uss - Importer: ScriptedImporter/UnityEditor.QuickSearchModule:UnityEditor.Search:ASIAI0B -> (ImportResultId: 'ec635471e68d6aa32c6e0cc0e3be73a2') in 0.0249418 seconds
[Worker0] Imported GUID: 23366d44243e2fe41af40db7e0f9193d - Path: Packages/com.unity.cinemachine/Editor/Editors/CinemachineCameraManagerEventsEditor.cs - Importer: ScriptedImporter/UnityEditor.QuickSearchModule:UnityEditor.Search:ASIAI0B -> (ImportResultId: 'f4d4f880e2403d7e4e480ff21f20e995') in 0.0255569 seconds
[Worker0] Imported GUID: f254493af340bfd48a3311e87b482712 - Path: Packages/com.unity.splines/Editor/Utilities/SplineExtrudeUtility.cs - Importer: ScriptedImporter/UnityEditor.QuickSearchModule:UnityEditor.Search:ASIAI0B -> (ImportResultId: '0c30080e65f196ef104432ffbdf3ee44') in 0.0262311 seconds
[Worker0] Imported GUID: c64ec1fa74cb7174da4b9f561a7dffe1 - Path: Packages/com.unity.cinemachine/Runtime/AssemblyInfo.cs - Importer: ScriptedImporter/UnityEditor.QuickSearchModule:UnityEditor.Search:ASIAI0B -> (ImportResultId: '2d161ac6b618a049fbf085c19178e995') in 0.0255508 seconds
[Worker0] Imported GUID: 2bb09c3bc24a82648a2e4fc008a28d8b - Path: Packages/com.unity.cinemachine/Editor/Editors/CinemachineRotationComposerEditor.cs - Importer: ScriptedImporter/UnityEditor.QuickSearchModule:UnityEditor.Search:ASIAI0B -> (ImportResultId: '38261bc9008d334858bb1fed5d1e5e9d') in 0.0242184 seconds
Starting new worker id: 3 with log in C:/Projetos/IC_Proccess_Simulation/Logs/AssetImportWorkerHW3.log
[Worker0] Imported GUID: 602641ea1fd244aaba8015c11565a988 - Path: Packages/com.unity.splines/Editor/Stylesheets/SplineAnimateInspectorLight.uss - Importer: ScriptedImporter/UnityEditor.QuickSearchModule:UnityEditor.Search:ASIAI0B -> (ImportResultId: 'd3383ff4c758c917505dd3846c04ea42') in 0.0277988 seconds
[Worker0] Imported GUID: ae3c8f89802f5a242813000e2c3b55a7 - Path: Packages/com.unity.splines/Editor/GUI/ToolbarsOverlays/Float3PropertyField.cs - Importer: ScriptedImporter/UnityEditor.QuickSearchModule:UnityEditor.Search:ASIAI0B -> (ImportResultId: '9a09fc882d0a6169dd845cbbe70b45ec') in 0.0300378 seconds
[Worker0] Imported GUID: 3f7c779802a73d5448e38af7c39fbaa5 - Path: Packages/com.unity.cinemachine/Editor/Obsolete/CinemachineConfinerEditor.cs - Importer: ScriptedImporter/UnityEditor.QuickSearchModule:UnityEditor.Search:ASIAI0B -> (ImportResultId: 'f98ccbc11c1d594d1fd7ea9493a7b335') in 0.0237548 seconds
[Worker0] Imported GUID: a076c17fe76165e4f8ed21498b877bf9 - Path: Packages/com.unity.cinemachine/Runtime/Behaviours/CinemachineFreeLookModifier.cs - Importer: ScriptedImporter/UnityEditor.QuickSearchModule:UnityEditor.Search:ASIAI0B -> (ImportResultId: 'e2af853d68c1ffb153ac19a5b24abf41') in 0.0275339 seconds
[Worker0] Imported GUID: 411641953fc0a2148a0507f5ee6df182 - Path: Packages/com.unity.splines/Editor/Core - Importer: ScriptedImporter/UnityEditor.QuickSearchModule:UnityEditor.Search:ASIAI0B -> (ImportResultId: '5f078c70eda219198ea04d180742938e') in 0.0276815 seconds
[Worker0] Imported GUID: 0951c7499e9b5445a87a82bdb1e7e691 - Path: Packages/com.unity.splines/Editor/Editor Resources/Icons/ToolHandleElement.png - Importer: ScriptedImporter/UnityEditor.QuickSearchModule:UnityEditor.Search:ASIAI0B -> (ImportResultId: 'd63180b61fd66ccf4a5e06532c386f3f') in 0.0302084 seconds
[Worker1] Imported GUID: f9bbcb529c01db347b91ada6812274f4 - Path: Packages/com.unity.splines/Editor/Tools/KnotPlacementData.cs - Importer: ScriptedImporter/UnityEditor.QuickSearchModule:UnityEditor.Search:ASIAI0B -> (ImportResultId: 'a3465867e1efe7f600cfc100c26cc970') in 0.1546066 seconds
[Worker1] Imported GUID: 5d65cf8364d644f1a82a62a1c0272310 - Path: Packages/com.unity.splines/Editor/GUI/SplineIndexPropertyDrawer.cs - Importer: ScriptedImporter/UnityEditor.QuickSearchModule:UnityEditor.Search:ASIAI0B -> (ImportResultId: '8908d1c0ea490137cc10c363a266f6d8') in 0.0241923 seconds
[Worker0] Imported GUID: 5961b2a4e47c5db438e1234cf03a2a09 - Path: Packages/com.unity.cinemachine/CHANGELOG.md - Importer: ScriptedImporter/UnityEditor.QuickSearchModule:UnityEditor.Search:ASIAI0B -> (ImportResultId: '9a446ceff98c99036e1caa041f4d6855') in 0.040498 seconds
[Worker1] Imported GUID: 0dda34381c8748a7a8d49edc59ba0847 - Path: Packages/com.unity.splines/Editor/GUI/Editors/SplineReorderableList.cs - Importer: ScriptedImporter/UnityEditor.QuickSearchModule:UnityEditor.Search:ASIAI0B -> (ImportResultId: 'b09cc0c9b124c663bde1ea8b73fce2d8') in 0.0279112 seconds
Starting new worker id: 4 with log in C:/Projetos/IC_Proccess_Simulation/Logs/AssetImportWorkerHW4.log
[Worker0] Imported GUID: 014bdaee1f9322e4aab0358e6f7e3959 - Path: Packages/com.unity.splines/Runtime/ISplineProvider.cs - Importer: ScriptedImporter/UnityEditor.QuickSearchModule:UnityEditor.Search:ASIAI0B -> (ImportResultId: '4f6b4d828ef16e08f2c923f85cf7adc9') in 0.0299302 seconds
[Worker1] Imported GUID: ebb13519e7af50b4dbc59d78b3bb6a32 - Path: Packages/com.unity.cinemachine/Editor/Utility/InspectorUtility.cs - Importer: ScriptedImporter/UnityEditor.QuickSearchModule:UnityEditor.Search:ASIAI0B -> (ImportResultId: 'fe9cc621fdaa01b75e17e3ab9fc1a3ba') in 0.0298664 seconds
[Worker0] Imported GUID: 60ad9e63a7aa54068bc8c58b858532db - Path: Packages/com.unity.splines/Editor/Editor Resources/UI - Importer: ScriptedImporter/UnityEditor.QuickSearchModule:UnityEditor.Search:ASIAI0B -> (ImportResultId: '155fc089bfaa0aadd2c475b0238e140f') in 0.02968 seconds
[Worker1] Imported GUID: a5969901aa40942499363f92e3787110 - Path: Packages/com.unity.cinemachine/Runtime/Impulse/CinemachineFixedSignal.cs - Importer: ScriptedImporter/UnityEditor.QuickSearchModule:UnityEditor.Search:ASIAI0B -> (ImportResultId: 'a9154a3872d2362487aad31eb74f2956') in 0.0339348 seconds
[Worker0] Imported GUID: b5d8a953f9ef52441bd58f4c1e5853a0 - Path: Packages/com.unity.splines/Editor/GUI/Editors/ElementInspector.cs - Importer: ScriptedImporter/UnityEditor.QuickSearchModule:UnityEditor.Search:ASIAI0B -> (ImportResultId: '013a0c28968b58ba6e0c627938427d76') in 0.031536 seconds
[Worker1] Imported GUID: ae2b1a5ceb8161842831f6637cd5f0df - Path: Packages/com.unity.cinemachine/Editor/PropertyDrawers/EmbeddedBlenderSettingsPropertyDrawer.cs - Importer: ScriptedImporter/UnityEditor.QuickSearchModule:UnityEditor.Search:ASIAI0B -> (ImportResultId: 'c6a65ad27089ab88e51d88898628bfd3') in 0.029885 seconds
[Worker0] Imported GUID: c8204899cee524bc2831d2745adc07e6 - Path: Packages/com.unity.cinemachine/Runtime/Behaviours/CinemachineSplineRoll.cs - Importer: ScriptedImporter/UnityEditor.QuickSearchModule:UnityEditor.Search:ASIAI0B -> (ImportResultId: '0484d43c6608ff7d4955b8f2f87427c4') in 0.030477 seconds
[Worker1] Imported GUID: 3aac33faa99ca184787470685f1bfa5c - Path: Packages/com.unity.splines/Runtime/SplineKnotIndex.cs - Importer: ScriptedImporter/UnityEditor.QuickSearchModule:UnityEditor.Search:ASIAI0B -> (ImportResultId: '96465797445e4347814ee7a121a7f690') in 0.0338963 seconds
[Worker2] Imported GUID: 97db6026b4154fbf97b957dd2137810d - Path: Packages/com.unity.splines/Editor/GUI/SplineDataConversionWindow.cs - Importer: ScriptedImporter/UnityEditor.QuickSearchModule:UnityEditor.Search:ASIAI0B -> (ImportResultId: 'bb8f7dbb173ba6a7bf2bd96c883c1b33') in 0.1249899 seconds
[Worker0] Imported GUID: 2409454fa7d96184c8d17b932bcdc5d5 - Path: Packages/com.unity.cinemachine/Runtime/Input - Importer: ScriptedImporter/UnityEditor.QuickSearchModule:UnityEditor.Search:ASIAI0B -> (ImportResultId: 'ac00df4510d979ec3429b6a38e15716e') in 0.0369953 seconds
[Worker1] Imported GUID: aa8fca85e6e850a418db66582b4d99dd - Path: Packages/com.unity.cinemachine/Runtime/Core/OutputChannel.cs - Importer: ScriptedImporter/UnityEditor.QuickSearchModule:UnityEditor.Search:ASIAI0B -> (ImportResultId: '2f322193a1d628ccfc6f337ef0d6ca0d') in 0.0337843 seconds
[Worker0] Imported GUID: 80c4e990f69fadf42a06e238da57fbfd - Path: Packages/com.unity.splines/Editor/Editor Resources/Icons - Importer: ScriptedImporter/UnityEditor.QuickSearchModule:UnityEditor.Search:ASIAI0B -> (ImportResultId: '704fd5893c1de662e5c284e9f61b258b') in 0.027657 seconds
[Worker2] Imported GUID: 3b5d7c088409d9a40b7b09aa707777f8 - Path: Packages/com.unity.cinemachine/Runtime/Components/CinemachineOrbitalFollow.cs - Importer: ScriptedImporter/UnityEditor.QuickSearchModule:UnityEditor.Search:ASIAI0B -> (ImportResultId: '5c899593c8f28a8795091da4e870a3fe') in 0.0401219 seconds
[Worker1] Imported GUID: 6737bd70bfd650947bc2fa589cefc395 - Path: Packages/com.unity.cinemachine/Editor/Editors/CinemachineSplineSmootherEditor.cs - Importer: ScriptedImporter/UnityEditor.QuickSearchModule:UnityEditor.Search:ASIAI0B -> (ImportResultId: 'f40449aab2694e9553167c684a767c68') in 0.0300446 seconds
[Worker1] Imported GUID: 65eebf71eb882124fa7f75085f367e5f - Path: Packages/com.unity.cinemachine/Runtime/Helpers/GroupWeightManipulator.cs - Importer: ScriptedImporter/UnityEditor.QuickSearchModule:UnityEditor.Search:ASIAI0B -> (ImportResultId: '807eb72c6896f287eb72e77386130512') in 0.025558 seconds
[Worker0] Imported GUID: 4307f53044263cf4b835bd812fc161a4 - Path: Packages/com.unity.cinemachine/Runtime/Unity.Cinemachine.asmdef - Importer: ScriptedImporter/UnityEditor.QuickSearchModule:UnityEditor.Search:ASIAI0B -> (ImportResultId: '403be9ebd177e5335e1ae0562fd754ae') in 0.0528398 seconds
[Worker2] Imported GUID: e5eb80d8e62d9d145bb50fb783c0f731 - Path: Packages/com.unity.cinemachine/Runtime/Behaviours/CinemachineTargetGroup.cs - Importer: ScriptedImporter/UnityEditor.QuickSearchModule:UnityEditor.Search:ASIAI0B -> (ImportResultId: '7a5b54edf618d7e2dc829b7df1a4126a') in 0.0459043 seconds
[Worker1] Imported GUID: 711aad28b4057bd4783120e26ff2ee25 - Path: Packages/com.unity.cinemachine/Editor/Editors/CinemachineBrainEditor.cs - Importer: ScriptedImporter/UnityEditor.QuickSearchModule:UnityEditor.Search:ASIAI0B -> (ImportResultId: 'f7dddc3b2d37dfa044863c9dd5154d67') in 0.0272856 seconds
[Worker2] Imported GUID: 8986fa27e90db314d8a3359520e7fd1a - Path: Packages/com.unity.cinemachine/Editor/Utility/ReflectionHelpers.cs - Importer: ScriptedImporter/UnityEditor.QuickSearchModule:UnityEditor.Search:ASIAI0B -> (ImportResultId: 'b793a06479012eab50fabab4fadcb394') in 0.0267209 seconds
[Worker1] Imported GUID: 7529a2acb193d1946b9ce1ecb41dd4d5 - Path: Packages/com.unity.splines/Editor/Core/SplineSelection.cs - Importer: ScriptedImporter/UnityEditor.QuickSearchModule:UnityEditor.Search:ASIAI0B -> (ImportResultId: '91e562ddd23575a4da419e50f4ac6fd9') in 0.0249427 seconds
[Worker0] Imported GUID: 13a8f64bcf72e441e89a7114d5ab78c2 - Path: Packages/com.unity.cinemachine/Editor/EditorResources/Icons/Dark/CmComponent@256.png - Importer: ScriptedImporter/UnityEditor.QuickSearchModule:UnityEditor.Search:ASIAI0B -> (ImportResultId: 'af5e919e758c89bdd6c369ad5627b8c4') in 0.0544393 seconds
[Worker2] Imported GUID: ca7de3aefa901374ba29464584a3109a - Path: Packages/com.unity.cinemachine/Runtime/Behaviours/CinemachineDecollider.cs - Importer: ScriptedImporter/UnityEditor.QuickSearchModule:UnityEditor.Search:ASIAI0B -> (ImportResultId: 'a9bf076429d2d9511b4859e05c995352') in 0.0296797 seconds
[Worker1] Imported GUID: 5dc9fa46e83d1184bbe41e85d8795acf - Path: Packages/com.unity.cinemachine/Editor/Upgrader/UpgradeManagerInspectorHelpers.cs - Importer: ScriptedImporter/UnityEditor.QuickSearchModule:UnityEditor.Search:ASIAI0B -> (ImportResultId: 'ccd243097bcd470a1d706e8f52a85d7a') in 0.0301171 seconds
[Worker0] Imported GUID: eb146aa65c3e4768bb8e02d69185a3ae - Path: Packages/com.unity.splines/Runtime/BezierKnot.cs - Importer: ScriptedImporter/UnityEditor.QuickSearchModule:UnityEditor.Search:ASIAI0B -> (ImportResultId: '0e876961032dc349700a554b926b50c4') in 0.0289731 seconds
[Worker2] Imported GUID: 2bde05c1df765c046bf58d1435722167 - Path: Packages/com.unity.splines/Runtime/SplineInfo.cs - Importer: ScriptedImporter/UnityEditor.QuickSearchModule:UnityEditor.Search:ASIAI0B -> (ImportResultId: '57d010310e94f3e54da2c05e9b5c2261') in 0.0298487 seconds
[Worker1] Imported GUID: da047b2433894bf182b9e42abb971f5f - Path: Packages/com.unity.splines/Editor/Tools/SplineToolContext.cs - Importer: ScriptedImporter/UnityEditor.QuickSearchModule:UnityEditor.Search:ASIAI0B -> (ImportResultId: 'a1c2962ed6c9624a136de548368d1d74') in 0.0271748 seconds
[Worker2] Imported GUID: f3e99075e258cf04898636e5e72ec3e5 - Path: Packages/com.unity.splines/Editor/GUI/Editors/KnotPropertyDrawer.cs - Importer: ScriptedImporter/UnityEditor.QuickSearchModule:UnityEditor.Search:ASIAI0B -> (ImportResultId: '9b75c0b679b05f2a58e2da2e66cdc8fb') in 0.0232002 seconds
[Worker0] Imported GUID: 107f80db9cc8434c94d28d818be09f54 - Path: Packages/com.unity.splines/Runtime/SplinePath.cs - Importer: ScriptedImporter/UnityEditor.QuickSearchModule:UnityEditor.Search:ASIAI0B -> (ImportResultId: '1949b80b981c038bc93c38e70105f11b') in 0.0316067 seconds
[Worker0] Imported GUID: ede6128040e87a146aa6430dfad44478 - Path: Packages/com.unity.splines/Runtime/AssemblyInfo.cs - Importer: ScriptedImporter/UnityEditor.QuickSearchModule:UnityEditor.Search:ASIAI0B -> (ImportResultId: 'bae8e13fcc22c195aa39edac3ef0a7e6') in 0.029777 seconds
[Worker2] Imported GUID: d52f29fc3a60b88478ef30424f044b50 - Path: Packages/com.unity.cinemachine/Editor/PropertyDrawers/TrackerSettingsPropertyDrawer.cs - Importer: ScriptedImporter/UnityEditor.QuickSearchModule:UnityEditor.Search:ASIAI0B -> (ImportResultId: '178a67b66c98cee25d3a840b3f158000') in 0.0301013 seconds
[Worker1] Imported GUID: 8ad60cb17f7694c43a8190c617281753 - Path: Packages/com.unity.cinemachine/Editor/Editors/CinemachineMixingCameraEditor.cs - Importer: ScriptedImporter/UnityEditor.QuickSearchModule:UnityEditor.Search:ASIAI0B -> (ImportResultId: 'd63defff2c235fffde47b5ee90171d08') in 0.0307895 seconds
[Worker0] Imported GUID: e46ac8d61dc065848bd5a1aa7cd8c006 - Path: Packages/com.unity.cinemachine/Runtime/Helpers/CinemachineTriggerAction.cs - Importer: ScriptedImporter/UnityEditor.QuickSearchModule:UnityEditor.Search:ASIAI0B -> (ImportResultId: '335377bb7d5bc6c867f3dfc6b495323b') in 0.0279344 seconds
[Worker2] Imported GUID: 2b74686beb0670a4ea61325c0acf4411 - Path: Packages/com.unity.splines/Runtime/SplineInstantiate.cs - Importer: ScriptedImporter/UnityEditor.QuickSearchModule:UnityEditor.Search:ASIAI0B -> (ImportResultId: '96a99e18f0574040aac34751ccd30398') in 0.0283418 seconds
[Worker1] Imported GUID: f0b87c5a1d48fae4b87ff0339be87346 - Path: Packages/com.unity.cinemachine/Editor/Editors/CinemachineSplineCartEditor.cs - Importer: ScriptedImporter/UnityEditor.QuickSearchModule:UnityEditor.Search:ASIAI0B -> (ImportResultId: '484ba89ebbcac28024c1a9ecf3134e96') in 0.0347858 seconds
[Worker2] Imported GUID: a2bcf7dacc7ccab43a56f7d1e685e89d - Path: Packages/com.unity.cinemachine/Runtime/Core/SplineContainerExtensions.cs - Importer: ScriptedImporter/UnityEditor.QuickSearchModule:UnityEditor.Search:ASIAI0B -> (ImportResultId: '09efebd0892e62ddf6ba227fc1f78ed9') in 0.026381 seconds
[Worker0] Imported GUID: 4b5b185930674b87b6fa13d3a6aff9e0 - Path: Packages/com.unity.cinemachine/Editor/Upgrader/CinemachineUpgradeManager.cs - Importer: ScriptedImporter/UnityEditor.QuickSearchModule:UnityEditor.Search:ASIAI0B -> (ImportResultId: '56b742f0cb5f843687f978da7b7acd60') in 0.0282668 seconds
[Worker0] Imported GUID: d96dfe6cb862ab34894ef767abef2e84 - Path: Packages/com.unity.splines/Editor/Editor Resources - Importer: ScriptedImporter/UnityEditor.QuickSearchModule:UnityEditor.Search:ASIAI0B -> (ImportResultId: '816cdb27fac68a2dba1bc1ab59fc8f08') in 0.0268486 seconds
[Worker2] Imported GUID: dc5c6d1c7d775c640b23c58d118d8f15 - Path: Packages/com.unity.cinemachine/Editor/PropertyDrawers/InputAxisNamePropertyDrawer.cs - Importer: ScriptedImporter/UnityEditor.QuickSearchModule:UnityEditor.Search:ASIAI0B -> (ImportResultId: 'ce26664039366e982047ce34e4fe5ba4') in 0.0273158 seconds
[Worker1] Imported GUID: 8d0db37fddf3d854d86fc2f2adea2d0d - Path: Packages/com.unity.cinemachine/Editor/Windows/CinemachineCorePrefs.cs - Importer: ScriptedImporter/UnityEditor.QuickSearchModule:UnityEditor.Search:ASIAI0B -> (ImportResultId: '55b2602a7fe14b3abb32de4cebe699b3') in 0.0317048 seconds
[Worker0] Imported GUID: 34a7bac4e42d2e04b941e57253dcd670 - Path: Packages/com.unity.cinemachine/Editor/Obsolete/ObsoletePropertyDrawers.cs - Importer: ScriptedImporter/UnityEditor.QuickSearchModule:UnityEditor.Search:ASIAI0B -> (ImportResultId: '087f3faa0a25012bfbce933a2e616773') in 0.031048 seconds
[Worker2] Imported GUID: 6ad980451443d70438faac0bc6c235a0 - Path: Packages/com.unity.cinemachine/Runtime/Deprecated/CinemachineFramingTransposer.cs - Importer: ScriptedImporter/UnityEditor.QuickSearchModule:UnityEditor.Search:ASIAI0B -> (ImportResultId: '560c484a22e3032cbca793e99510784e') in 0.0314782 seconds
[Worker1] Imported GUID: 4a9c464b0191f7d4da1d129d97d8240b - Path: Packages/com.unity.cinemachine/Editor/PropertyDrawers/BlendDefinitionPropertyDrawer.cs - Importer: ScriptedImporter/UnityEditor.QuickSearchModule:UnityEditor.Search:ASIAI0B -> (ImportResultId: '03c6d1a2586c9e4beab43abe79b3167b') in 0.0275481 seconds
[Worker0] Imported GUID: 5737da4b5db2be640adcc9bb3360aa91 - Path: Packages/com.unity.splines/Editor/GUI/ToolbarsOverlays/SplineInspectorOverlay.cs - Importer: ScriptedImporter/UnityEditor.QuickSearchModule:UnityEditor.Search:ASIAI0B -> (ImportResultId: 'ede39ebe4b525bd4ce4eac9084196a4f') in 0.0452285 seconds
[Worker2] Imported GUID: 3d545f10e9c00154e8e57c13456d355f - Path: Packages/com.unity.splines/Editor/Utilities/SplineCacheUtility.cs - Importer: ScriptedImporter/UnityEditor.QuickSearchModule:UnityEditor.Search:ASIAI0B -> (ImportResultId: 'b631d23e242f6d5126a4d975b99a44ba') in 0.0485799 seconds
[Worker0] Imported GUID: 77221e48184d50742984ffe3b4192f2a - Path: Packages/com.unity.splines/Editor/Controls/CurveHandles.cs - Importer: ScriptedImporter/UnityEditor.QuickSearchModule:UnityEditor.Search:ASIAI0B -> (ImportResultId: '835dc83ca05612986936e3abe6f3e92b') in 0.0329631 seconds
[Worker2] Imported GUID: 89875cdc57c54474a8a74efd9b2a3b5d - Path: Packages/com.unity.cinemachine/Runtime/Helpers/CinemachineInputAxisController.cs - Importer: ScriptedImporter/UnityEditor.QuickSearchModule:UnityEditor.Search:ASIAI0B -> (ImportResultId: '274b34d02bf7f5363481b9825b925de6') in 0.0430035 seconds
[Worker1] Imported GUID: ef6290eaad7c44a918886c5d1995a421 - Path: Packages/com.unity.splines/Editor/Editor Resources/Icons/d_ToolHandleElement.png - Importer: ScriptedImporter/UnityEditor.QuickSearchModule:UnityEditor.Search:ASIAI0B -> (ImportResultId: '4ccb4a709827b83587107d395a9182b0') in 0.0974364 seconds
[Worker0] Imported GUID: 9b17d23c06da64c139386c53a0b59281 - Path: Packages/com.unity.splines/Editor/Components/SplineContainerEditor.cs - Importer: ScriptedImporter/UnityEditor.QuickSearchModule:UnityEditor.Search:ASIAI0B -> (ImportResultId: '666948432f7c0c5e0e45f36c44ec47f9') in 0.0316319 seconds
[Worker2] Imported GUID: 004bce94384eadb4ebd753c96f4ecc5f - Path: Packages/com.unity.splines/Editor/Utilities/SplineGizmoUtility.cs - Importer: ScriptedImporter/UnityEditor.QuickSearchModule:UnityEditor.Search:ASIAI0B -> (ImportResultId: '312da7b2037ec4902a22c958815e1d69') in 0.0307203 seconds
[Worker1] Imported GUID: eac3fab9344333949be4dd5d505179d9 - Path: Packages/com.unity.splines/Editor/Editor Resources/Icons/d_Tangent_Continuous@2x.png - Importer: ScriptedImporter/UnityEditor.QuickSearchModule:UnityEditor.Search:ASIAI0B -> (ImportResultId: '26072793296d1773a9bf5b3a651ad857') in 0.0369097 seconds
[Worker0] Imported GUID: 915c75eb660e3704bb38d57921c453c2 - Path: Packages/com.unity.cinemachine/Editor/Editors/CinemachineOrbitalFollowEditor.cs - Importer: ScriptedImporter/UnityEditor.QuickSearchModule:UnityEditor.Search:ASIAI0B -> (ImportResultId: '3080d054e30be6bcc15ab178ebb9a077') in 0.0396371 seconds
[Worker2] Imported GUID: 26228ca4ee1f8eb44b0c159e0fc0ddec - Path: Packages/com.unity.splines/Editor/GUI/Editors/TangentPropertyField.cs - Importer: ScriptedImporter/UnityEditor.QuickSearchModule:UnityEditor.Search:ASIAI0B -> (ImportResultId: '0d96bd33a0f8d931b212500d91ae7e2e') in 0.0423656 seconds
[Worker1] Imported GUID: 2d914a4e0d6342a3a05bab1dc0fffbc1 - Path: Packages/com.unity.splines/Runtime/RamerDouglasPeucker.cs - Importer: ScriptedImporter/UnityEditor.QuickSearchModule:UnityEditor.Search:ASIAI0B -> (ImportResultId: '9b231a52befb7ccfc8dd1217c630e0d0') in 0.0410662 seconds
[Worker0] Imported GUID: 641a050c859644e7804f826b7d4d8c0b - Path: Packages/com.unity.splines/Editor/Core/CopyPaste.cs - Importer: ScriptedImporter/UnityEditor.QuickSearchModule:UnityEditor.Search:ASIAI0B -> (ImportResultId: '90f61db89b84c78eab7b454867854889') in 0.032595 seconds
[Worker2] Imported GUID: 74f276f9a37838747a94e0fe24a73335 - Path: Packages/com.unity.cinemachine/Editor/Utility/CinemachinePhysicalLensPalette.cs - Importer: ScriptedImporter/UnityEditor.QuickSearchModule:UnityEditor.Search:ASIAI0B -> (ImportResultId: '2cbaa8d445af8d661528ee4ba12fd846') in 0.0286201 seconds
[Worker1] Imported GUID: 771e00b87e3d3e24d9c0816149884055 - Path: Packages/com.unity.cinemachine/Editor/EditorResources/Icons/Light/CmSplineRollTool@256.png - Importer: ScriptedImporter/UnityEditor.QuickSearchModule:UnityEditor.Search:ASIAI0B -> (ImportResultId: 'af805ecdda113a4416ec562fe71de7c1') in 0.0336921 seconds
[Worker0] Imported GUID: dec69862942cc9744ade63216979cafd - Path: Packages/com.unity.cinemachine/Editor/PostProcessing/CinemachinePostProcessingEditor.cs - Importer: ScriptedImporter/UnityEditor.QuickSearchModule:UnityEditor.Search:ASIAI0B -> (ImportResultId: '5645f7d6ca7b03a9a0fb07c2d47f5ecf') in 0.0325231 seconds
[Worker2] Imported GUID: 9480991a8f9cd457891d0c23ec511b49 - Path: Packages/com.unity.splines/Editor/Utilities/SplineSelectionUtility.cs - Importer: ScriptedImporter/UnityEditor.QuickSearchModule:UnityEditor.Search:ASIAI0B -> (ImportResultId: '512cac8d1d513f419548b8a22c5111de') in 0.035354 seconds
[Worker1] Imported GUID: 5bb7ed9b01cc9524cb39531d82ba58a0 - Path: Packages/com.unity.cinemachine/Runtime/Deprecated/CinemachineDoNotUpgrade.cs - Importer: ScriptedImporter/UnityEditor.QuickSearchModule:UnityEditor.Search:ASIAI0B -> (ImportResultId: '7ab9f185a50f922ff04fe9b93fb572ae') in 0.0362947 seconds
[Worker0] Imported GUID: ad006de08e6604a8bb48bc0e7db399a4 - Path: Packages/com.unity.cinemachine/Runtime/Debug - Importer: ScriptedImporter/UnityEditor.QuickSearchModule:UnityEditor.Search:ASIAI0B -> (ImportResultId: '6d4ddaea363ffcba4aa5346f9b47c76c') in 0.0372998 seconds
[Worker2] Imported GUID: 0c1f9bd76cea97a4c94b2c32cf33c673 - Path: Packages/com.unity.cinemachine/Editor/Editors/CinemachineGroupFramingEditor.cs - Importer: ScriptedImporter/UnityEditor.QuickSearchModule:UnityEditor.Search:ASIAI0B -> (ImportResultId: '6e22882e8f3707746e5e28fa8363514b') in 0.0283879 seconds
[Worker0] Imported GUID: 1e8b78ac948f05a46a6d8339a503172b - Path: Packages/com.unity.cinemachine/Runtime/Components/CinemachineHardLookAt.cs - Importer: ScriptedImporter/UnityEditor.QuickSearchModule:UnityEditor.Search:ASIAI0B -> (ImportResultId: 'c82901bb8ac29078c73f23d67c0211e7') in 0.0332275 seconds
[Worker2] Imported GUID: c053a91f8e7548d4a940030edd4b16e6 - Path: Packages/com.unity.cinemachine/Editor/Utility/CmPipelineComponentInspectorUtility.cs - Importer: ScriptedImporter/UnityEditor.QuickSearchModule:UnityEditor.Search:ASIAI0B -> (ImportResultId: 'ce76958a28e96575e79c817ec3dc3e5c') in 0.0269246 seconds
[Worker1] Imported GUID: 2a8a7b20b8efb4f0ab1c2301dbc0e86c - Path: Packages/com.unity.splines/Editor/Stylesheets/SplineAnimateInspectorCommon.uss - Importer: ScriptedImporter/UnityEditor.QuickSearchModule:UnityEditor.Search:ASIAI0B -> (ImportResultId: '81a017df77ed55f6b9f0503cf5f2d1a5') in 0.0508239 seconds
[Worker2] Imported GUID: 44d70cc20219cd84593f67d248eafe36 - Path: Packages/com.unity.cinemachine/Runtime/Behaviours/CinemachineCameraOffset.cs - Importer: ScriptedImporter/UnityEditor.QuickSearchModule:UnityEditor.Search:ASIAI0B -> (ImportResultId: 'adbc214e654c85e9d93d0ff3b6c930e7') in 0.0306642 seconds
[Worker0] Imported GUID: 625c14eee3ad46c99df7c7c891ef668a - Path: Packages/com.unity.cinemachine/Runtime/Components/CinemachineThirdPersonFollow.cs - Importer: ScriptedImporter/UnityEditor.QuickSearchModule:UnityEditor.Search:ASIAI0B -> (ImportResultId: '76b6f4b1f44c2ef19f84a6d41a704f78') in 0.03155 seconds
[Worker1] Imported GUID: 1c987ba0c29c30143b692b275a4ca2d0 - Path: Packages/com.unity.cinemachine/Runtime/Core/SplineAutoDolly.cs - Importer: ScriptedImporter/UnityEditor.QuickSearchModule:UnityEditor.Search:ASIAI0B -> (ImportResultId: '5c5339947fe9e4c284b87bba59ed513b') in 0.0351066 seconds
[Worker0] Imported GUID: fa11edcb768491b4b8b90ccf074e663f - Path: Packages/com.unity.splines/Editor/Controls/SplineHandles.cs - Importer: ScriptedImporter/UnityEditor.QuickSearchModule:UnityEditor.Search:ASIAI0B -> (ImportResultId: 'a0b0fc115ac6556a9a5219ff52fdc0cd') in 0.0335967 seconds
[Worker2] Imported GUID: 2fc75f2dd6f043c43ae2a5708af31111 - Path: Packages/com.unity.splines/Runtime/InterpolatorsUtility.cs - Importer: ScriptedImporter/UnityEditor.QuickSearchModule:UnityEditor.Search:ASIAI0B -> (ImportResultId: '380cd357e8ee6581ecf08a81089a6d48') in 0.0351305 seconds
[Worker1] Imported GUID: 2a47d279b040e40478c5fd28969dd431 - Path: Packages/com.unity.cinemachine/Editor/EditorResources/Icons - Importer: ScriptedImporter/UnityEditor.QuickSearchModule:UnityEditor.Search:ASIAI0B -> (ImportResultId: '2ebeba01a7c562bb36533d80b2782e3f') in 0.0320209 seconds
[Worker2] Imported GUID: e594e6332dafb25439a0297f02522be5 - Path: Packages/com.unity.cinemachine/Runtime/SaveDuringPlay/Attributes.cs - Importer: ScriptedImporter/UnityEditor.QuickSearchModule:UnityEditor.Search:ASIAI0B -> (ImportResultId: 'd8fac1e1bbc584f1cabf6e2e8c1aa0d4') in 0.049437 seconds
[Worker0] Imported GUID: 2724a405674e9f74ca4ce8f69245a8ec - Path: Packages/com.unity.splines/Editor/Editor Resources/Icons/d_KnotPlacementTool.png - Importer: ScriptedImporter/UnityEditor.QuickSearchModule:UnityEditor.Search:ASIAI0B -> (ImportResultId: 'e90e0b68db08880f678cd0071cc13cb4') in 0.0536902 seconds
[Worker1] Imported GUID: 6042ea3ccf1fb5c45b533a9d67e956b7 - Path: Packages/com.unity.splines/Editor/Controls - Importer: ScriptedImporter/UnityEditor.QuickSearchModule:UnityEditor.Search:ASIAI0B -> (ImportResultId: '76b02d8391842170ca6b963eca928c66') in 0.0411523 seconds
[Worker0] Imported GUID: a8725b08dfa3851468b1f029bb53c966 - Path: Packages/com.unity.cinemachine/Editor/Windows/WaveformWindow.cs - Importer: ScriptedImporter/UnityEditor.QuickSearchModule:UnityEditor.Search:ASIAI0B -> (ImportResultId: '3a21002f433d76f8825278bd93fcf879') in 0.0288892 seconds
[Worker1] Imported GUID: 829b8a241d4653446a2cb2436c262305 - Path: Packages/com.unity.cinemachine/Runtime/Impulse/CinemachineImpulseDefinition.cs - Importer: ScriptedImporter/UnityEditor.QuickSearchModule:UnityEditor.Search:ASIAI0B -> (ImportResultId: '7e5f72e712de84e385c5b04d25dfc69f') in 0.0297623 seconds
[Worker0] Imported GUID: 4b0a256055e11cf4999a9ee9e8b0db2a - Path: Packages/com.unity.cinemachine/Editor/Obsolete/VcamTargetPropertyDrawer.cs - Importer: ScriptedImporter/UnityEditor.QuickSearchModule:UnityEditor.Search:ASIAI0B -> (ImportResultId: 'a43b0a484e4aca067f31815c45b47d14') in 0.0349092 seconds
[Worker1] Imported GUID: 0c84b89b9ff3d6c4b948e83373c9caa8 - Path: Packages/com.unity.cinemachine/Editor/PropertyDrawers/SensorSizePropertyDrawer.cs - Importer: ScriptedImporter/UnityEditor.QuickSearchModule:UnityEditor.Search:ASIAI0B -> (ImportResultId: '9052a4c7ef96a1df3395be937516ec50') in 0.0319807 seconds
[Worker0] Imported GUID: ef393047d79a40a4abf8394716d6d703 - Path: Packages/com.unity.splines/Editor/Editor Resources/Icons/d_SplineComponent.png - Importer: ScriptedImporter/UnityEditor.QuickSearchModule:UnityEditor.Search:ASIAI0B -> (ImportResultId: '1c8a06323dc5b74548ce40d37845c0d9') in 0.0428648 seconds
[Worker2] Imported GUID: df9aec944f4474a04847b6d6375e4138 - Path: Packages/com.unity.cinemachine/Runtime/Debug/CinemachineRuntimeTheme.tss - Importer: ScriptedImporter/UnityEditor.QuickSearchModule:UnityEditor.Search:ASIAI0B -> (ImportResultId: 'c76c3d36307f581bde5c3a481b32cb89') in 0.1132868 seconds
[Worker1] Imported GUID: 576bb5c67fbf94e8c83cda3e96a8d6aa - Path: Packages/com.unity.splines/Runtime/PropertyAttributes.cs - Importer: ScriptedImporter/UnityEditor.QuickSearchModule:UnityEditor.Search:ASIAI0B -> (ImportResultId: 'b283fe6ab3e617102693f1162aec0bf1') in 0.0406868 seconds
[Worker0] Imported GUID: 791ecff9a0b9fc1439e92e50ceb81dbb - Path: Packages/com.unity.splines/Editor/Editor Resources/Icons/Tangent_Continuous.png - Importer: ScriptedImporter/UnityEditor.QuickSearchModule:UnityEditor.Search:ASIAI0B -> (ImportResultId: '3dcd7e815c81499697f3defecaaa5704') in 0.0312813 seconds
[Worker2] Imported GUID: 12a60b3365a7d424cbc3f935bd1ed799 - Path: Packages/com.unity.cinemachine/Editor/PostProcessing/CinemachineVolumeSettingsEditor.cs - Importer: ScriptedImporter/UnityEditor.QuickSearchModule:UnityEditor.Search:ASIAI0B -> (ImportResultId: '93bbf026110429b00609fd0581cf2fd3') in 0.028947 seconds
[Worker1] Imported GUID: bbcc22ff25dc0464689c1c9af1cef4da - Path: Packages/com.unity.cinemachine/Runtime/Core/PrioritySettings.cs - Importer: ScriptedImporter/UnityEditor.QuickSearchModule:UnityEditor.Search:ASIAI0B -> (ImportResultId: '7b9d1d1b82f5f0b65bc481bd119a238d') in 0.0299976 seconds
[Worker2] Imported GUID: 5475addd28b94489a727bbc680f89a3d - Path: Packages/com.unity.splines/Runtime/SplineData.cs - Importer: ScriptedImporter/UnityEditor.QuickSearchModule:UnityEditor.Search:ASIAI0B -> (ImportResultId: 'e7e5637fbb2def6c9b2210dd4b137d55') in 0.0318308 seconds
[Worker0] Imported GUID: 5a4617047096737409e15d9880263c9c - Path: Packages/com.unity.splines/Runtime - Importer: ScriptedImporter/UnityEditor.QuickSearchModule:UnityEditor.Search:ASIAI0B -> (ImportResultId: '6a7db8ba680d7e29a25b47a0a274bc56') in 0.0320834 seconds
[Worker1] Imported GUID: 8fc7f39a958ecd34bb26780bce46186a - Path: Packages/com.unity.cinemachine/Editor/Editors/CinemachinePixelPerfectEditor.cs - Importer: ScriptedImporter/UnityEditor.QuickSearchModule:UnityEditor.Search:ASIAI0B -> (ImportResultId: '70a0faaefa6d82f5c0d601b4deb4cf1c') in 0.027729 seconds
[Worker0] Imported GUID: d24df0ec3bfaed049b831d1729b637ab - Path: Packages/com.unity.cinemachine/Editor/Editors/InputAxisControllerEditor.cs - Importer: ScriptedImporter/UnityEditor.QuickSearchModule:UnityEditor.Search:ASIAI0B -> (ImportResultId: 'fe4c81d89e99716a41898f713d6f20d5') in 0.0289772 seconds
[Worker1] Imported GUID: b7f59e54f2bfd184b9dd451a678d089b - Path: Packages/com.unity.cinemachine/Runtime/Core/NoiseSettings.cs - Importer: ScriptedImporter/UnityEditor.QuickSearchModule:UnityEditor.Search:ASIAI0B -> (ImportResultId: 'c0749e400045544b1eac2d9e599b2a6a') in 0.0307748 seconds
[Worker2] Imported GUID: e566554616ca9a13a89d5af56bb7a8e6 - Path: Packages/com.unity.splines/Editor/Editor Resources/Icons/d_SplineContext.png - Importer: ScriptedImporter/UnityEditor.QuickSearchModule:UnityEditor.Search:ASIAI0B -> (ImportResultId: '479f7109b756e00b75e8f67d730e1090') in 0.0583871 seconds
[Worker0] Imported GUID: b617507da6d07e749b7efdb34e1173e1 - Path: Packages/com.unity.cinemachine/Runtime/Components/CinemachineFollow.cs - Importer: ScriptedImporter/UnityEditor.QuickSearchModule:UnityEditor.Search:ASIAI0B -> (ImportResultId: '59fd1903c8cb1b7b2bfa3b19171493aa') in 0.0286206 seconds
[Worker1] Imported GUID: 4d21a1675986608408960b065895aa54 - Path: Packages/com.unity.cinemachine/Editor/EditorResources/Icons/Dark/CmSplineLookAtTargetsTool@256.png - Importer: ScriptedImporter/UnityEditor.QuickSearchModule:UnityEditor.Search:ASIAI0B -> (ImportResultId: 'b67ed5ad8c889944f7881a426eb94f35') in 0.0320897 seconds
[Worker0] Imported GUID: c854ca5f1d7eed04aa92565d35431e96 - Path: Packages/com.unity.splines/Editor/AssemblyInfo.cs - Importer: ScriptedImporter/UnityEditor.QuickSearchModule:UnityEditor.Search:ASIAI0B -> (ImportResultId: '17482846df0c5ad3110be0a706052798') in 0.0275048 seconds
[Worker2] Imported GUID: 8288e6110e30c49fe94fa5891135b64d - Path: Packages/com.unity.splines/Editor/Editor Resources/Icons/d_SplineEditMode-Info.png - Importer: ScriptedImporter/UnityEditor.QuickSearchModule:UnityEditor.Search:ASIAI0B -> (ImportResultId: 'bc3d90d69a75656cbf9ba99cea78574d') in 0.0317287 seconds
[Worker1] Imported GUID: 33dac614537a60e43ac2b6692f9dc39a - Path: Packages/com.unity.splines/Editor/Core/SelectionContext.cs - Importer: ScriptedImporter/UnityEditor.QuickSearchModule:UnityEditor.Search:ASIAI0B -> (ImportResultId: '9fcc2be5ac9515b2c9d01c311aa3a7a2') in 0.0306564 seconds
[Worker0] Imported GUID: 320f1f07d0845624cb1b7a4839826250 - Path: Packages/com.unity.cinemachine/LICENSE.md - Importer: ScriptedImporter/UnityEditor.QuickSearchModule:UnityEditor.Search:ASIAI0B -> (ImportResultId: 'fea2c6fc9fde9d87bc25bbe24f32f22d') in 0.0286223 seconds
[Worker2] Imported GUID: db00a1694ad7319449442045b8557a93 - Path: Packages/com.unity.splines/Editor/GUI/Editors/SplineDataPropertyDrawer.cs - Importer: ScriptedImporter/UnityEditor.QuickSearchModule:UnityEditor.Search:ASIAI0B -> (ImportResultId: '66516afd2acf4117c5c8b246797a5c39') in 0.0300934 seconds
[Worker1] Imported GUID: bb77b85668352d3488c1a957ed7509a1 - Path: Packages/com.unity.splines/Editor/Editor Resources/Icons/d_Tangent_Continuous On@2x.png - Importer: ScriptedImporter/UnityEditor.QuickSearchModule:UnityEditor.Search:ASIAI0B -> (ImportResultId: 'b5f971f026d32d35b49b7c9689781d4c') in 0.0291241 seconds
[Worker0] Imported GUID: e88477d7eedfb4ca8b5d8912575efa76 - Path: Packages/com.unity.splines/Editor/Components - Importer: ScriptedImporter/UnityEditor.QuickSearchModule:UnityEditor.Search:ASIAI0B -> (ImportResultId: 'a68c609f324c72dea4e2387eb04e2fe0') in 0.0295882 seconds
[Worker2] Imported GUID: e835be9bc0b39f640aaa4ac10f744f9f - Path: Packages/com.unity.splines/Editor/Editor Resources/Icons/d_Tangent_Linear@2x.png - Importer: ScriptedImporter/UnityEditor.QuickSearchModule:UnityEditor.Search:ASIAI0B -> (ImportResultId: '6b54043eb632764640c901efe83c5f26') in 0.0315081 seconds
[Worker1] Imported GUID: 961772e8b1d75dd4a915fb8a236d5a8a - Path: Packages/com.unity.cinemachine/Runtime/Timeline/CinemachinePlayableMixer.cs - Importer: ScriptedImporter/UnityEditor.QuickSearchModule:UnityEditor.Search:ASIAI0B -> (ImportResultId: '94ad4d10edc614cadda0a09195e03c85') in 0.0307596 seconds
[Worker2] Imported GUID: c1cb3553d4b18664bab73d84a88bdf2a - Path: Packages/com.unity.cinemachine/Editor/SaveDuringPlay - Importer: ScriptedImporter/UnityEditor.QuickSearchModule:UnityEditor.Search:ASIAI0B -> (ImportResultId: 'c8c5d9792dc2788f057868a7ac9b2315') in 0.0223581 seconds
[Worker1] Imported GUID: 90bdfb5611034e2492142cf83d02f12f - Path: Packages/com.unity.cinemachine/Editor/Samples - Importer: ScriptedImporter/UnityEditor.QuickSearchModule:UnityEditor.Search:ASIAI0B -> (ImportResultId: 'bf0eb49506938b6407f3a4d9176f7abe') in 0.022575 seconds
[Worker0] Imported GUID: 00a9f482c3791427aad5ae45ad463eda - Path: Packages/com.unity.splines/Editor/GUI/Editors/SplineInfoPropertyDrawer.cs - Importer: ScriptedImporter/UnityEditor.QuickSearchModule:UnityEditor.Search:ASIAI0B -> (ImportResultId: '0ff73e4a4ff31cf7f4ed758be44f53c6') in 0.026737 seconds
[Worker1] Imported GUID: e21391b51918435b9e07d2f917a37c79 - Path: Packages/com.unity.splines/Editor/GUI/ToolbarsOverlays - Importer: ScriptedImporter/UnityEditor.QuickSearchModule:UnityEditor.Search:ASIAI0B -> (ImportResultId: '3b936ed4cba224636f6bdfc2d106a90a') in 0.0265253 seconds
[Worker2] Imported GUID: cb387666a98244e48aa04cf7723d42a9 - Path: Packages/com.unity.cinemachine/Editor/Timeline/CinemachineTrackEditor.cs - Importer: ScriptedImporter/UnityEditor.QuickSearchModule:UnityEditor.Search:ASIAI0B -> (ImportResultId: 'b678888d80044315b678a647f753d8f1') in 0.0275411 seconds
[Worker0] Imported GUID: fabb19b3ae73449c856bc82fcaf6831c - Path: Packages/com.unity.cinemachine/Runtime/Core/ConfinerOven.cs - Importer: ScriptedImporter/UnityEditor.QuickSearchModule:UnityEditor.Search:ASIAI0B -> (ImportResultId: '99ae8293293ed98ffbddc0e5fa6a8182') in 0.0259473 seconds
[Worker2] Imported GUID: facf982a205a4c93830bb62332a75ceb - Path: Packages/com.unity.splines/Editor/GUI/ToolbarsOverlays/DefaultKnotTypeDropdown.cs - Importer: ScriptedImporter/UnityEditor.QuickSearchModule:UnityEditor.Search:ASIAI0B -> (ImportResultId: 'c5218b9b394f93c44069494e7afe5bed') in 0.0257243 seconds
[Worker1] Imported GUID: 4eb4843bae7d24943842ea23130dcd55 - Path: Packages/com.unity.cinemachine/Runtime/Behaviours/CinemachineGroupFraming.cs - Importer: ScriptedImporter/UnityEditor.QuickSearchModule:UnityEditor.Search:ASIAI0B -> (ImportResultId: 'cd062e946e9a52cb122becff81550fb7') in 0.028529 seconds
[Worker0] Imported GUID: fb7194dc27b9df64c8beca7482ee8e0d - Path: Packages/com.unity.cinemachine/Runtime/Deprecated/CinemachineInputProvider.cs - Importer: ScriptedImporter/UnityEditor.QuickSearchModule:UnityEditor.Search:ASIAI0B -> (ImportResultId: 'ae6cc83d9d5ddb9a7dccdde99c1938be') in 0.0266876 seconds
[Worker2] Imported GUID: 3c9beda531928fc40968802117a5d256 - Path: Packages/com.unity.cinemachine/Runtime/Deprecated/CinemachinePOV.cs - Importer: ScriptedImporter/UnityEditor.QuickSearchModule:UnityEditor.Search:ASIAI0B -> (ImportResultId: 'cf9592059a761c65f6b19e1259d10649') in 0.0275521 seconds
[Worker1] Imported GUID: e501d18bb52cf8c40b1853ca4904654f - Path: Packages/com.unity.cinemachine/Runtime/Deprecated/CinemachineCollider.cs - Importer: ScriptedImporter/UnityEditor.QuickSearchModule:UnityEditor.Search:ASIAI0B -> (ImportResultId: '1df656d88baeb6755a791fdaabb2d33f') in 0.0257338 seconds
[Worker0] Imported GUID: e18faa529b4d67b4280ff2dfd1b88b54 - Path: Packages/com.unity.cinemachine/Editor/Utility/CmCameraInspectorUtility.cs - Importer: ScriptedImporter/UnityEditor.QuickSearchModule:UnityEditor.Search:ASIAI0B -> (ImportResultId: '47630b90ef3841e9d249e9ac0bf9d702') in 0.0249326 seconds
[Worker2] Imported GUID: a146d0e278af9f940896728fd82bdb2d - Path: Packages/com.unity.cinemachine/Runtime/Deprecated/DeprecatedAttributes.cs - Importer: ScriptedImporter/UnityEditor.QuickSearchModule:UnityEditor.Search:ASIAI0B -> (ImportResultId: 'aa707212f97be3d184422b546f2dfd18') in 0.0260181 seconds
[Worker0] Imported GUID: cd438dd108a0f284aa931a2da434f1d3 - Path: Packages/com.unity.cinemachine/Runtime/Impulse/CinemachineCollisionImpulseSource.cs - Importer: ScriptedImporter/UnityEditor.QuickSearchModule:UnityEditor.Search:ASIAI0B -> (ImportResultId: '409292ac4b415b0c5291ffd52c20dfe4') in 0.0246728 seconds
[Worker1] Imported GUID: e5934d14b31f50047a10b7006a91034b - Path: Packages/com.unity.splines/Runtime/BezierMode.cs - Importer: ScriptedImporter/UnityEditor.QuickSearchModule:UnityEditor.Search:ASIAI0B -> (ImportResultId: 'a9c6398bf34bbcd9c0ef34abc3141b33') in 0.0261459 seconds
[Worker2] Imported GUID: d4f55083f70d585428f73165589909b3 - Path: Packages/com.unity.splines/Editor/Tools/KnotPlacementTool.cs - Importer: ScriptedImporter/UnityEditor.QuickSearchModule:UnityEditor.Search:ASIAI0B -> (ImportResultId: 'afde392252c69f30a7e85af11e50e926') in 0.0268709 seconds
[Worker1] Imported GUID: a6c59f50ab3b47fba320494d3f3defa5 - Path: Packages/com.unity.splines/Runtime/CurveUtility.cs - Importer: ScriptedImporter/UnityEditor.QuickSearchModule:UnityEditor.Search:ASIAI0B -> (ImportResultId: 'b4b5cb5aa5f71dfbfebd83924eb61f16') in 0.0268907 seconds
[Worker0] Imported GUID: 795a102fddafe8146baab20e63d75512 - Path: Packages/com.unity.cinemachine/Editor/Windows/CinemachineComposerPrefs.cs - Importer: ScriptedImporter/UnityEditor.QuickSearchModule:UnityEditor.Search:ASIAI0B -> (ImportResultId: 'f53e54a818b8e97b3bc05ecd7b6fa726') in 0.0290192 seconds
[Worker1] Imported GUID: 5cd0dbc3db7748baa71797f5bc16a1b4 - Path: Packages/com.unity.splines/Runtime/SplineShaderUtility.cs - Importer: ScriptedImporter/UnityEditor.QuickSearchModule:UnityEditor.Search:ASIAI0B -> (ImportResultId: '8fec1603638e04b0a77f1190d4dc1d7b') in 0.0257638 seconds
[Worker2] Imported GUID: bf34fbe7a6e71634493d770ed0031f9d - Path: Packages/com.unity.cinemachine/Editor/Editors/CinemachineDeoccluderEditor.cs - Importer: ScriptedImporter/UnityEditor.QuickSearchModule:UnityEditor.Search:ASIAI0B -> (ImportResultId: '3d7f7acfcf971d2a2b93e70fa45b2b1a') in 0.0263771 seconds
[Worker0] Imported GUID: 15ef94834d9e4aa44ac8fe619843346b - Path: Packages/com.unity.cinemachine/Editor/Obsolete/BaseEditor.cs - Importer: ScriptedImporter/UnityEditor.QuickSearchModule:UnityEditor.Search:ASIAI0B -> (ImportResultId: 'ef4471e021a754518942fc0c59f67602') in 0.0266395 seconds
[Worker1] Imported GUID: 8594d6ceba4b4bd3bda82bd87b23bb44 - Path: Packages/com.unity.splines/Runtime/SplineSlice.cs - Importer: ScriptedImporter/UnityEditor.QuickSearchModule:UnityEditor.Search:ASIAI0B -> (ImportResultId: '0ae7f1a4c0debf5c71b447665fca17f7') in 0.0259906 seconds
[Worker2] Imported GUID: 0b9129ed6a1eebe48b297bed06a9694e - Path: Packages/com.unity.splines/Editor/GUI/SplineMenu.cs - Importer: ScriptedImporter/UnityEditor.QuickSearchModule:UnityEditor.Search:ASIAI0B -> (ImportResultId: 'd6aee4a36449ccd82b7e9073ba492d03') in 0.0263305 seconds
[Worker0] Imported GUID: ba8c092d026123a418fb4bfb797a7bd8 - Path: Packages/com.unity.cinemachine/Editor/Unity.Cinemachine.Editor.asmdef - Importer: ScriptedImporter/UnityEditor.QuickSearchModule:UnityEditor.Search:ASIAI0B -> (ImportResultId: 'f27815ea59827de82edf881818f751ed') in 0.0255242 seconds
[Worker1] Imported GUID: 9103eb7dcd041455886438d75625d19c - Path: Packages/com.unity.splines/Editor/Components/SplineComponentEditor.cs - Importer: ScriptedImporter/UnityEditor.QuickSearchModule:UnityEditor.Search:ASIAI0B -> (ImportResultId: '52056e3a268197e9ba7844f3a821e450') in 0.0270663 seconds
[Worker2] Imported GUID: f3984bf8b42bf0040b49d95de1a2990f - Path: Packages/com.unity.cinemachine/Runtime/Core/TargetPositionCache.cs - Importer: ScriptedImporter/UnityEditor.QuickSearchModule:UnityEditor.Search:ASIAI0B -> (ImportResultId: '7ca6320c8f02587d34cf1901390a73e4') in 0.0267131 seconds
[Worker0] Imported GUID: 50dad30bbe8922644a0ce1606ef18295 - Path: Packages/com.unity.splines/Editor/Editor Resources/Icons/Tangent_Linear On@2x.png - Importer: ScriptedImporter/UnityEditor.QuickSearchModule:UnityEditor.Search:ASIAI0B -> (ImportResultId: '741dc0112617ff59f9191bf661046be5') in 0.0273966 seconds
[Worker2] Imported GUID: 515aafa3af3048d18c327fa7af8028a7 - Path: Packages/com.unity.splines/Runtime/ISpline.cs - Importer: ScriptedImporter/UnityEditor.QuickSearchModule:UnityEditor.Search:ASIAI0B -> (ImportResultId: 'cfc4ded14ef0ee375b197e9bd6cde3ad') in 0.0271246 seconds
[Worker0] Imported GUID: f9dfa5b682dcd46bda6128250e975f58 - Path: Packages/com.unity.cinemachine/Runtime/Behaviours/CinemachineCamera.cs - Importer: ScriptedImporter/UnityEditor.QuickSearchModule:UnityEditor.Search:ASIAI0B -> (ImportResultId: '44bd2ea6597b53e5ee784d72fa9722af') in 0.0277836 seconds
[Worker1] Imported GUID: 28e2023ac4c6b204e9bad440d2cea142 - Path: Packages/com.unity.cinemachine/Runtime/Components/CinemachineSplineDollyLookAtTargets.cs - Importer: ScriptedImporter/UnityEditor.QuickSearchModule:UnityEditor.Search:ASIAI0B -> (ImportResultId: '158fe76a6b554160d935ee6e3b9f54b0') in 0.0302943 seconds
[Worker2] Imported GUID: b8975705260499d4fbdb579697c171f8 - Path: Packages/com.unity.cinemachine/Runtime/PostProcessing/FocusDistance.cs - Importer: ScriptedImporter/UnityEditor.QuickSearchModule:UnityEditor.Search:ASIAI0B -> (ImportResultId: '3940d83accb91b31611fdb54e19b4c08') in 0.0300064 seconds
[Worker0] Imported GUID: 0544e7b14d134a1449e61175446cfb95 - Path: Packages/com.unity.cinemachine/Runtime/Behaviours/CinemachineRecomposer.cs - Importer: ScriptedImporter/UnityEditor.QuickSearchModule:UnityEditor.Search:ASIAI0B -> (ImportResultId: '8ad63644fa728076227a7ec27b50c954') in 0.0316788 seconds
[Worker1] Imported GUID: f668dee8b20abd742aa6ef0bf5ce4df5 - Path: Packages/com.unity.cinemachine/Editor/PropertyDrawers/ThreeOrbitRigPropertyDrawer.cs - Importer: ScriptedImporter/UnityEditor.QuickSearchModule:UnityEditor.Search:ASIAI0B -> (ImportResultId: '258bdad5d61b74ca4f447a8b7f74dcd5') in 0.0384839 seconds
[Worker2] Imported GUID: 40561d76a7aecca4c99c957236b9f2a6 - Path: Packages/com.unity.cinemachine/Runtime/Core/CameraTarget.cs - Importer: ScriptedImporter/UnityEditor.QuickSearchModule:UnityEditor.Search:ASIAI0B -> (ImportResultId: 'a9ec9825f381d6a6e05c5fa6cf7e8f43') in 0.0331143 seconds
[Worker0] Imported GUID: 5ad8fbd56afb4ac7b2e5d9c34a0affb0 - Path: Packages/com.unity.splines/Runtime/EmbeddedSplineData.cs - Importer: ScriptedImporter/UnityEditor.QuickSearchModule:UnityEditor.Search:ASIAI0B -> (ImportResultId: '3a41235b52fdb5e8ad1c9b2828539d2e') in 0.0335907 seconds
[Worker1] Imported GUID: fb024c18385f48b2a19f13c118236f4a - Path: Packages/com.unity.cinemachine/Editor/Utility/IconUtility.cs - Importer: ScriptedImporter/UnityEditor.QuickSearchModule:UnityEditor.Search:ASIAI0B -> (ImportResultId: 'c7b7aff7fa5cdc3012c2bd6682fd1417') in 0.0393248 seconds
[Worker2] Imported GUID: f7fd3d3d53b474642bd4aeaf58564b69 - Path: Packages/com.unity.splines/Editor/Utilities/PathIcons.cs - Importer: ScriptedImporter/UnityEditor.QuickSearchModule:UnityEditor.Search:ASIAI0B -> (ImportResultId: '6329dbfafa34f5e6f4b75a7bfcdb0d17') in 0.0305785 seconds
[Worker0] Imported GUID: fa7155796051b734daa718462081dc5f - Path: Packages/com.unity.cinemachine/Runtime/Deprecated/CinemachineTransposer.cs - Importer: ScriptedImporter/UnityEditor.QuickSearchModule:UnityEditor.Search:ASIAI0B -> (ImportResultId: '3965ed207c38c8fc2bcd63a4f9bfc5b9') in 0.0333258 seconds
[Worker1] Imported GUID: b96c3a8372a8f9945bc2e2b906ac79a3 - Path: Packages/com.unity.splines/Editor/Controls/KnotHandles.cs - Importer: ScriptedImporter/UnityEditor.QuickSearchModule:UnityEditor.Search:ASIAI0B -> (ImportResultId: 'aef8d5a43ef10c6eba8f45ef6351e1ab') in 0.0314488 seconds
[Worker2] Imported GUID: 95245c7aa2899544b8fe0daa4947e0be - Path: Packages/com.unity.splines/Editor/GUI/Editors/ElementDrawer.cs - Importer: ScriptedImporter/UnityEditor.QuickSearchModule:UnityEditor.Search:ASIAI0B -> (ImportResultId: 'c0c6b801593673c991f47be1306046e1') in 0.0300656 seconds
[Worker0] Imported GUID: 822ea5c93c1bf9349bdbc5af5e6add1c - Path: Packages/com.unity.splines/Editor/Stylesheets/SplineInspectorCommon.uss - Importer: ScriptedImporter/UnityEditor.QuickSearchModule:UnityEditor.Search:ASIAI0B -> (ImportResultId: '565f6eb758005d3d4efc84ad2c2637a2') in 0.0352943 seconds
[Worker1] Imported GUID: 57da91ef0c2a5489891995dc81537253 - Path: Packages/com.unity.cinemachine/Editor/EditorResources/Icons/Light/CmCamera@256.png - Importer: ScriptedImporter/UnityEditor.QuickSearchModule:UnityEditor.Search:ASIAI0B -> (ImportResultId: '3a204f1c3235d79023c87f0c332cdf25') in 0.035727 seconds
[Worker2] Imported GUID: 5625c11b940d020418a59e5ad230cdb0 - Path: Packages/com.unity.cinemachine/Editor/EditorResources/Icons/Dark - Importer: ScriptedImporter/UnityEditor.QuickSearchModule:UnityEditor.Search:ASIAI0B -> (ImportResultId: '74c5250e926b9cc5c423e4b17f035cfa') in 0.0295113 seconds
[Worker0] Imported GUID: efc4142e9b4b1a140a5c029f15ca125f - Path: Packages/com.unity.splines/Editor/Editor Resources/Icons/d_Tangent_Continuous On.png - Importer: ScriptedImporter/UnityEditor.QuickSearchModule:UnityEditor.Search:ASIAI0B -> (ImportResultId: '2eb574692cbcb3f94b39fdb09cc062ac') in 0.0323664 seconds
[Worker1] Imported GUID: 040c0aa53e6708c4bae93f0587bd55f7 - Path: Packages/com.unity.cinemachine/Editor/Editors/CinemachineComponentBaseEditor.cs - Importer: ScriptedImporter/UnityEditor.QuickSearchModule:UnityEditor.Search:ASIAI0B -> (ImportResultId: 'fd709bd4b88583c5a94fd7fe22eab33a') in 0.0269411 seconds
[Worker2] Imported GUID: be15d08d234eb234592b477784a70fd0 - Path: Packages/com.unity.cinemachine/Editor/EditorResources/Icons/Light/CmSplineLookAtTargetsTool@256.png - Importer: ScriptedImporter/UnityEditor.QuickSearchModule:UnityEditor.Search:ASIAI0B -> (ImportResultId: 'a50b657600898aa24bc41a0e86656b0a') in 0.0338647 seconds
[Worker0] Imported GUID: 41a7beeb0ec57584382c8170981d8ac1 - Path: Packages/com.unity.cinemachine/Runtime/Core/UpdateTracker.cs - Importer: ScriptedImporter/UnityEditor.QuickSearchModule:UnityEditor.Search:ASIAI0B -> (ImportResultId: 'b4e57fea9d57be7dd05a2ee7d0f755e0') in 0.0292424 seconds
[Worker1] Imported GUID: f26841404a934577bf234bc14475f649 - Path: Packages/com.unity.splines/Runtime/SplineDataHandleAttribute.cs - Importer: ScriptedImporter/UnityEditor.QuickSearchModule:UnityEditor.Search:ASIAI0B -> (ImportResultId: '330d7a79a40627a2447432e5c244729f') in 0.0309964 seconds
[Worker2] Imported GUID: d64d355e2530487d996d5b980c32dbed - Path: Packages/com.unity.cinemachine/Editor/Editors/CinemachineThirdPersonFollowEditor.cs - Importer: ScriptedImporter/UnityEditor.QuickSearchModule:UnityEditor.Search:ASIAI0B -> (ImportResultId: '34dc281c8acfaf6c27e4e5b33cc8f8cb') in 0.0284772 seconds
[Worker0] Imported GUID: a9e53e24e3101cb4a84e12fe16a9e2c1 - Path: Packages/com.unity.cinemachine/Editor/Upgrader/UpgradeObjectToCm3.cs - Importer: ScriptedImporter/UnityEditor.QuickSearchModule:UnityEditor.Search:ASIAI0B -> (ImportResultId: 'af42e6a7f09109b1fba6641356b14d9e') in 0.0304617 seconds
[Worker1] Imported GUID: 6ffeb238724f5924aa8b82f064ff6e0d - Path: Packages/com.unity.cinemachine/Editor/PropertyDrawers/Vector2AsRangePropertyDrawer.cs - Importer: ScriptedImporter/UnityEditor.QuickSearchModule:UnityEditor.Search:ASIAI0B -> (ImportResultId: '74a2683c771d8df682c6662320b894a8') in 0.0280302 seconds
[Worker2] Imported GUID: 4afa82ae3200b82408d605c3dbdd1e38 - Path: Packages/com.unity.cinemachine/Runtime/Components/CinemachineRotateWithFollowTarget.cs - Importer: ScriptedImporter/UnityEditor.QuickSearchModule:UnityEditor.Search:ASIAI0B -> (ImportResultId: '9fc1b4d7c1c8c40890c90ed2697cb800') in 0.0347037 seconds
[Worker0] Imported GUID: 6036af5730313e54699c5a693891fe90 - Path: Packages/com.unity.cinemachine/Editor/Editors/CinemachineClearShotEditor.cs - Importer: ScriptedImporter/UnityEditor.QuickSearchModule:UnityEditor.Search:ASIAI0B -> (ImportResultId: 'a76601abcc26238c82a52d4b38faba2c') in 0.0302141 seconds
[Worker1] Imported GUID: 6cef82e891a45884fb2b70604b0f8c29 - Path: Packages/com.unity.cinemachine/Runtime/Core/Predictor.cs - Importer: ScriptedImporter/UnityEditor.QuickSearchModule:UnityEditor.Search:ASIAI0B -> (ImportResultId: '708ec7a4192c2a55cee847d615348eae') in 0.0334281 seconds
[Worker2] Imported GUID: 7292ebc78c5d44eaa80048f8fd7d5fe6 - Path: Packages/com.unity.splines/Editor/Components/SplineAnimateEditor.cs - Importer: ScriptedImporter/UnityEditor.QuickSearchModule:UnityEditor.Search:ASIAI0B -> (ImportResultId: '534b9b5e45abe19c5f113cf1d2949954') in 0.0309048 seconds
[Worker0] Imported GUID: 8ae5aa24d97048439e76e9392765c364 - Path: Packages/com.unity.splines/Editor/Components/SplineExtrudeEditor.cs - Importer: ScriptedImporter/UnityEditor.QuickSearchModule:UnityEditor.Search:ASIAI0B -> (ImportResultId: '81e09b2e68d0594493db4b0c9bb77cb6') in 0.0314071 seconds
[Worker1] Imported GUID: 606b38640ab5a47fba9a3238a2c48c5a - Path: Packages/com.unity.cinemachine/Editor/Samples/ExposeHDRPInternals/MaterialUpgradeHelper.cs - Importer: ScriptedImporter/UnityEditor.QuickSearchModule:UnityEditor.Search:ASIAI0B -> (ImportResultId: '4742165225a1e3dc7c5035897b5e1ef4') in 0.0305442 seconds
[Worker2] Imported GUID: 5703201e903d44191959e7b8d400f961 - Path: Packages/com.unity.splines/Editor/Editor Resources/Icons/AutoSmoothKnot@2x.png - Importer: ScriptedImporter/UnityEditor.QuickSearchModule:UnityEditor.Search:ASIAI0B -> (ImportResultId: '564297fe441d83ee5e2991d1ec901b13') in 0.0321131 seconds
[Worker0] Imported GUID: 032119d7426fa4256a408afec1829ac7 - Path: Packages/com.unity.cinemachine/Editor/EditorResources/Icons/Dark/CmExtension@256.png - Importer: ScriptedImporter/UnityEditor.QuickSearchModule:UnityEditor.Search:ASIAI0B -> (ImportResultId: '41ef7b677198d347b7b17cfb42ff8d50') in 0.0370421 seconds
[Worker1] Imported GUID: 954ac4bd24b73a540a2e84414caf856c - Path: Packages/com.unity.splines/Editor/Editor Resources/Icons/KnotPlacementTool.png - Importer: ScriptedImporter/UnityEditor.QuickSearchModule:UnityEditor.Search:ASIAI0B -> (ImportResultId: 'd34a3ae08bc9eb7c9c70b55b9df119eb') in 0.0354495 seconds
[Worker2] Imported GUID: 75f705e6f5d33bf4289d6f6ab72e8af5 - Path: Packages/com.unity.cinemachine/Runtime/Helpers/CinemachineMixerEventsBase.cs - Importer: ScriptedImporter/UnityEditor.QuickSearchModule:UnityEditor.Search:ASIAI0B -> (ImportResultId: '1e1c37d460f48fc20e0ea374810b9027') in 0.0325631 seconds
[Worker0] Imported GUID: 90fb794a295e73545af71bcdb7375791 - Path: Packages/com.unity.cinemachine/Runtime/Timeline/CinemachineShot.cs - Importer: ScriptedImporter/UnityEditor.QuickSearchModule:UnityEditor.Search:ASIAI0B -> (ImportResultId: 'aaa2a2c23058256e27b12a1a5f548aa7') in 0.0282449 seconds
[Worker1] Imported GUID: 4d8b62347ec04b2ea5a72d11f9f428eb - Path: Packages/com.unity.splines/Editor/Tools/CreateToolbarBase.cs - Importer: ScriptedImporter/UnityEditor.QuickSearchModule:UnityEditor.Search:ASIAI0B -> (ImportResultId: '74a96216fc762053f33d2e58c2b754c4') in 0.0298858 seconds
[Worker2] Imported GUID: 57baee20e53f7b54782519af44a9468f - Path: Packages/com.unity.cinemachine/Editor/PropertyDrawers/EmbeddedAssetPropertyDrawer.cs - Importer: ScriptedImporter/UnityEditor.QuickSearchModule:UnityEditor.Search:ASIAI0B -> (ImportResultId: 'a8d11b29a3f3e864a237dd432fb9e86a') in 0.0286003 seconds
[Worker2] Imported GUID: cebc3fe47a919524eb4a977f726a484e - Path: Packages/com.unity.cinemachine/Runtime/Core/SignalSourceAsset.cs - Importer: ScriptedImporter/UnityEditor.QuickSearchModule:UnityEditor.Search:ASIAI0B -> (ImportResultId: '7b40a0dac74b70dbaa9cff365af18301') in 0.0235885 seconds
[Worker1] Imported GUID: bd6043bde05a7fc4cba197d06915c1e3 - Path: Packages/com.unity.cinemachine/Runtime/Deprecated/Cinemachine3rdPersonFollow.cs - Importer: ScriptedImporter/UnityEditor.QuickSearchModule:UnityEditor.Search:ASIAI0B -> (ImportResultId: 'edcf23103f7b95c37b4344971adc40f2') in 0.0236815 seconds
[Worker0] Imported GUID: 5c4f48d56433f4be3b319c943db02157 - Path: Packages/com.unity.splines/Runtime/Interpolators.cs - Importer: ScriptedImporter/UnityEditor.QuickSearchModule:UnityEditor.Search:ASIAI0B -> (ImportResultId: 'c262e22d8df63bb8002128395fd2ba99') in 0.0237447 seconds
[Worker2] Imported GUID: aceb1a3f85f55c249bba6eaade29f2aa - Path: Packages/com.unity.cinemachine/Editor/Windows/CinemachineDeoccluderPrefs.cs - Importer: ScriptedImporter/UnityEditor.QuickSearchModule:UnityEditor.Search:ASIAI0B -> (ImportResultId: '7a1fd762955e825929bfc803947a52e9') in 0.0272561 seconds
[Worker1] Imported GUID: 2da6d0ba602194831a1a64e5bc72f6ad - Path: Packages/com.unity.splines/Editor/Utilities/SplineHandleUtility.cs - Importer: ScriptedImporter/UnityEditor.QuickSearchModule:UnityEditor.Search:ASIAI0B -> (ImportResultId: '3137b98c18440f2ac7a52a13aa522bed') in 0.0295885 seconds
[Worker0] Imported GUID: 74e0f4cadf762ff468bb8bb11c2ca3c7 - Path: Packages/com.unity.splines/Editor/Editor Resources/Icons/SplineComponent@2x.png - Importer: ScriptedImporter/UnityEditor.QuickSearchModule:UnityEditor.Search:ASIAI0B -> (ImportResultId: '891d0353d03d4bec12c5d2c6bcd8873b') in 0.0308464 seconds
[Worker2] Imported GUID: 67c7396a4e6a403e8628a7c83ffd74dd - Path: Packages/com.unity.cinemachine/Editor/Upgrader - Importer: ScriptedImporter/UnityEditor.QuickSearchModule:UnityEditor.Search:ASIAI0B -> (ImportResultId: '5f0c65d7b543a274873f80515ff06fe1') in 0.0278362 seconds
[Worker1] Imported GUID: ca693ed6c42a60448aa5e8970c46a736 - Path: Packages/com.unity.cinemachine/Runtime/Core/IShotQualityEvaluator.cs - Importer: ScriptedImporter/UnityEditor.QuickSearchModule:UnityEditor.Search:ASIAI0B -> (ImportResultId: '497cb25ec21bb30de582bef73476be8d') in 0.0278817 seconds
[Worker0] Imported GUID: cdae7080c9b7421bbca5d79fd103c8dd - Path: Packages/com.unity.splines/Runtime/IExtrudeShape.cs - Importer: ScriptedImporter/UnityEditor.QuickSearchModule:UnityEditor.Search:ASIAI0B -> (ImportResultId: 'd620572242fa42e2f31d43e15e0eba69') in 0.0282509 seconds
[Worker2] Imported GUID: 1f8c114a760bf8d48866c11850dac920 - Path: Packages/com.unity.cinemachine/Editor/Editors/CinemachineSplineDollyLookAtTargetsEditor.cs - Importer: ScriptedImporter/UnityEditor.QuickSearchModule:UnityEditor.Search:ASIAI0B -> (ImportResultId: 'fdf15a04fc675f80f69d1d738cc21bc0') in 0.0278825 seconds
[Worker1] Imported GUID: eb25eb9c85a88c94aa253071e03aca6e - Path: Packages/com.unity.cinemachine/Runtime/Impulse/CinemachineImpulseManager.cs - Importer: ScriptedImporter/UnityEditor.QuickSearchModule:UnityEditor.Search:ASIAI0B -> (ImportResultId: '4678038941766c50010716caf7d31fa5') in 0.0272222 seconds
[Worker0] Imported GUID: 36baaa8bdcb9d8b49b9199833965d2c3 - Path: Packages/com.unity.cinemachine/Runtime/Core/CinemachineBlenderSettings.cs - Importer: ScriptedImporter/UnityEditor.QuickSearchModule:UnityEditor.Search:ASIAI0B -> (ImportResultId: 'd95d55871eacba4db710ba39c278e353') in 0.0267909 seconds
[Worker1] Imported GUID: 7be002d6127770a45b33b37bd3ba98ac - Path: Packages/com.unity.splines/Editor - Importer: ScriptedImporter/UnityEditor.QuickSearchModule:UnityEditor.Search:ASIAI0B -> (ImportResultId: 'a5bb6e6919e55b4dbae0f08845bc8b21') in 0.0271904 seconds
[Worker2] Imported GUID: b9b8150b130504891a9c62f7a98c09b8 - Path: Packages/com.unity.cinemachine/Editor/Editors/CinemachineSplineDollyEditor.cs - Importer: ScriptedImporter/UnityEditor.QuickSearchModule:UnityEditor.Search:ASIAI0B -> (ImportResultId: 'ee88c92485cdb077c48b8076a2693e74') in 0.0293438 seconds
[Worker1] Imported GUID: 2cf15e72bac216b9684886fb42a35910 - Path: Packages/com.unity.splines/Shader - Importer: ScriptedImporter/UnityEditor.QuickSearchModule:UnityEditor.Search:ASIAI0B -> (ImportResultId: '50de2b193cd396e330c917584d6df56d') in 0.0264272 seconds
[Worker2] Imported GUID: 8bbc585211e714551a4da7db7e3a6c02 - Path: Packages/com.unity.splines/Editor/Editor Resources/UI/UXML - Importer: ScriptedImporter/UnityEditor.QuickSearchModule:UnityEditor.Search:ASIAI0B -> (ImportResultId: 'a2be6136eabbc6679e3d63365fbd301c') in 0.0270415 seconds
Worker ready: AssetImportWorkerHW3 3
[Worker1] Imported GUID: 9973ae8b03a8ccd4aafd1477225380eb - Path: Packages/com.unity.splines/Runtime/KnotLinkCollection.cs - Importer: ScriptedImporter/UnityEditor.QuickSearchModule:UnityEditor.Search:ASIAI0B -> (ImportResultId: '68c27028f8fcb5d45a568f0e2c01652b') in 0.0270722 seconds
[Worker2] Imported GUID: c39afad2c38718f49ab40bffd508ed26 - Path: Packages/com.unity.cinemachine/Editor/PropertyDrawers/MinMaxRangeSliderPropertyDrawer.cs - Importer: ScriptedImporter/UnityEditor.QuickSearchModule:UnityEditor.Search:ASIAI0B -> (ImportResultId: 'ad866c88e8d59432e750c07a0d0c3f39') in 0.026582 seconds
[Worker1] Imported GUID: 6d862fce0b0707949bb86058d777b116 - Path: Packages/com.unity.cinemachine/Runtime/Deprecated/CinemachineInputAxisDriver.cs - Importer: ScriptedImporter/UnityEditor.QuickSearchModule:UnityEditor.Search:ASIAI0B -> (ImportResultId: '562f5f937fc4afe838cae966e8a7bbaf') in 0.0265416 seconds
[Worker2] Imported GUID: 29a074d529cf945029ef7cf40540c9df - Path: Packages/com.unity.splines/Runtime/SplineAnimate.cs - Importer: ScriptedImporter/UnityEditor.QuickSearchModule:UnityEditor.Search:ASIAI0B -> (ImportResultId: 'f4859a1a1961617150197b87d1adc67a') in 0.026703 seconds
[Worker2] Imported GUID: c913d3391dba90d4c8036f589722a8f6 - Path: Packages/com.unity.splines/Editor/Tools/SplineTool.cs - Importer: ScriptedImporter/UnityEditor.QuickSearchModule:UnityEditor.Search:ASIAI0B -> (ImportResultId: 'c2ce3c5e28e075811233b40b48c0a270') in 0.02381 seconds
[Worker1] Imported GUID: 9c4067e4e9dc4483f8164d5d36b6e2c5 - Path: Packages/com.unity.cinemachine/Editor/EditorResources/Icons/Light/CmTrack@256.png - Importer: ScriptedImporter/UnityEditor.QuickSearchModule:UnityEditor.Search:ASIAI0B -> (ImportResultId: 'cad2fb254a904089e7341f901c3ff35f') in 0.0284441 seconds
[Worker2] Imported GUID: 00ae3a1da2e98ca43a0992f148b20163 - Path: Packages/com.unity.cinemachine/Runtime/Core/ScreenComposerSettings.cs - Importer: ScriptedImporter/UnityEditor.QuickSearchModule:UnityEditor.Search:ASIAI0B -> (ImportResultId: 'eda5bfc91fdd5375498e942749c0ed3a') in 0.0276949 seconds
[Worker0] Imported GUID: 1d6e640e716dc4ff6989b73d02023f2b - Path: Packages/com.unity.cinemachine/Runtime/Input/CinemachineDefaultInputActions.inputactions - Importer: ScriptedImporter/UnityEditor.QuickSearchModule:UnityEditor.Search:ASIAI0B -> (ImportResultId: 'ffa1f212666f81f5e1c43601e4f432da') in 0.1618335 seconds
[Worker1] Imported GUID: 508048e85d1b4f1aac151183c59fadf1 - Path: Packages/com.unity.splines/Runtime/DataPoint.cs - Importer: ScriptedImporter/UnityEditor.QuickSearchModule:UnityEditor.Search:ASIAI0B -> (ImportResultId: '5a45b3c57317567dc7ff6c330a7d4a01') in 0.0282895 seconds
[Worker2] Imported GUID: 536d9cc5f45e140349656152ce6b8325 - Path: Packages/com.unity.cinemachine/Editor/Windows/CinemachineSplineDollyPrefs.cs - Importer: ScriptedImporter/UnityEditor.QuickSearchModule:UnityEditor.Search:ASIAI0B -> (ImportResultId: 'f6af3fc7cf3b3a991c488072abf8c053') in 0.025689 seconds
[Worker0] Imported GUID: ed3efd28525441947b55ec9b5d68ba31 - Path: Packages/com.unity.cinemachine/Editor/PropertyDrawers/TagFieldPropertyDrawer.cs - Importer: ScriptedImporter/UnityEditor.QuickSearchModule:UnityEditor.Search:ASIAI0B -> (ImportResultId: 'afbdd21100ea1bc21e20b5ab521e721e') in 0.0279067 seconds
[Worker1] Imported GUID: 2495f958516e4867aa9cbcbcf916836c - Path: Packages/com.unity.splines/Editor/Utilities/SplineDataHandle.cs - Importer: ScriptedImporter/UnityEditor.QuickSearchModule:UnityEditor.Search:ASIAI0B -> (ImportResultId: 'be661c77fde8ab69c7261382698c0e63') in 0.0261395 seconds
[Worker2] Imported GUID: 105b9c594d5d52c438095221ba29cdab - Path: Packages/com.unity.cinemachine/Runtime/Core/DeltaTimeScaleProcessor.cs - Importer: ScriptedImporter/UnityEditor.QuickSearchModule:UnityEditor.Search:ASIAI0B -> (ImportResultId: 'c827b083e92e7d096c878f368c597e28') in 0.0249499 seconds
[Worker1] Imported GUID: 4fe26578e79d7c94697707fdcc54e22f - Path: Packages/com.unity.cinemachine/Runtime/Deprecated - Importer: ScriptedImporter/UnityEditor.QuickSearchModule:UnityEditor.Search:ASIAI0B -> (ImportResultId: '2203bb8661569be6f9183474d244a383') in 0.0256979 seconds
[Worker0] Imported GUID: 791534d5bcdfacc47adfc7ba394b17ae - Path: Packages/com.unity.cinemachine/Editor/PropertyDrawers/FoldoutWithEnabledButtonPropertyDrawer.cs - Importer: ScriptedImporter/UnityEditor.QuickSearchModule:UnityEditor.Search:ASIAI0B -> (ImportResultId: '15dba34020250ca4ef96bf2593d0a6d0') in 0.0276685 seconds
[Worker2] Imported GUID: 87edaa385191f4e43ac1e2831a02159f - Path: Packages/com.unity.cinemachine/Editor/Utility/CinemachineLensPalette.cs - Importer: ScriptedImporter/UnityEditor.QuickSearchModule:UnityEditor.Search:ASIAI0B -> (ImportResultId: '75caf7107134740d6bf42e72ca03d027') in 0.0266201 seconds
[Worker1] Imported GUID: 63c7a3ac809e47bea9665591771154ce - Path: Packages/com.unity.splines/Runtime/SplineJobs.cs - Importer: ScriptedImporter/UnityEditor.QuickSearchModule:UnityEditor.Search:ASIAI0B -> (ImportResultId: '55dbdfa5efec3378d4db182ebaef9d6c') in 0.0294219 seconds
[Worker0] Imported GUID: 323a5a17a4cfa5f93a7952c2ff357455 - Path: Packages/com.unity.splines/Shader/Spline.cginc - Importer: ScriptedImporter/UnityEditor.QuickSearchModule:UnityEditor.Search:ASIAI0B -> (ImportResultId: '4ca20d19662a8fb4cf0c4931a1de00f0') in 0.030647 seconds
[Worker2] Imported GUID: 0803634542916d8498caef53ed5604db - Path: Packages/com.unity.cinemachine/Editor/Impulse/CinemachineImpulseChannelPropertyDrawer.cs - Importer: ScriptedImporter/UnityEditor.QuickSearchModule:UnityEditor.Search:ASIAI0B -> (ImportResultId: '825b92a466f374f1c79bfa4fd2922234') in 0.0268903 seconds
[Worker0] Imported GUID: a1728508674789b4e8539a2ad08ebc3f - Path: Packages/com.unity.cinemachine/Editor/Impulse/CinemachineImpulseChannels.cs - Importer: ScriptedImporter/UnityEditor.QuickSearchModule:UnityEditor.Search:ASIAI0B -> (ImportResultId: 'ebd016de920aa46463028a86f7012055') in 0.0251528 seconds
[Worker1] Imported GUID: 0c11265b855408d42af33d62691f5194 - Path: Packages/com.unity.cinemachine/Runtime/Impulse/CinemachinExternalImpulseListener.cs - Importer: ScriptedImporter/UnityEditor.QuickSearchModule:UnityEditor.Search:ASIAI0B -> (ImportResultId: 'f2c347b1a97be7ee51b277ecb67208a7') in 0.0275144 seconds
[Worker2] Imported GUID: fd0f968f285cfdd48aa6d1e9bf2a599f - Path: Packages/com.unity.splines/Runtime/SplineUtility.cs - Importer: ScriptedImporter/UnityEditor.QuickSearchModule:UnityEditor.Search:ASIAI0B -> (ImportResultId: '05eb4e893ebd1eabb06022dd9b740b62') in 0.0268366 seconds
[Worker1] Imported GUID: 7b16fa41e13f2ad41b39ae9ac0547c0d - Path: Packages/com.unity.cinemachine/Editor/Editors/CinemachineFollowEditor.cs - Importer: ScriptedImporter/UnityEditor.QuickSearchModule:UnityEditor.Search:ASIAI0B -> (ImportResultId: 'b8762782d5a80713ced4866fb97fc52a') in 0.0269066 seconds
[Worker0] Imported GUID: ce936ac659770a44aa1173e2a6dce953 - Path: Packages/com.unity.cinemachine/Editor/Windows/CinemachineTimelinePrefs.cs - Importer: ScriptedImporter/UnityEditor.QuickSearchModule:UnityEditor.Search:ASIAI0B -> (ImportResultId: '8974d046eee6acafc43d81770a96e647') in 0.0315354 seconds
[Worker2] Imported GUID: 21b205c8578d34e648f27dd6e19b5c9c - Path: Packages/com.unity.splines/Editor/Editor Resources/Icons/d_ToolHandleElement@2x.png - Importer: ScriptedImporter/UnityEditor.QuickSearchModule:UnityEditor.Search:ASIAI0B -> (ImportResultId: '8bf9af122f25e818908ac80260077a94') in 0.0324519 seconds
[Worker1] Imported GUID: 3b4c7a3b070417e469f3e51165d2e011 - Path: Packages/com.unity.cinemachine/Editor/PropertyDrawers/SplineSettingsPropertyDrawer.cs - Importer: ScriptedImporter/UnityEditor.QuickSearchModule:UnityEditor.Search:ASIAI0B -> (ImportResultId: '5e8678d3782a8a40fc997054a77110dc') in 0.0323727 seconds
Worker ready: AssetImportWorkerHW4 4
[Worker0] Imported GUID: 70f23d244938dbd44ad0541306db275b - Path: Packages/com.unity.cinemachine/Editor/PropertyDrawers/ChildCameraPropertyDrawer.cs - Importer: ScriptedImporter/UnityEditor.QuickSearchModule:UnityEditor.Search:ASIAI0B -> (ImportResultId: '4141c4731094be1cbdef56c587c477a0') in 0.0340086 seconds
[Worker2] Imported GUID: d64c7205ca5bb264892c91598b5e1402 - Path: Packages/com.unity.splines/Editor/Editor Resources/Icons/Tangent_Continuous On.png - Importer: ScriptedImporter/UnityEditor.QuickSearchModule:UnityEditor.Search:ASIAI0B -> (ImportResultId: 'df42d808624da0a430ad9952042215fd') in 0.0325652 seconds
[Worker1] Imported GUID: 990a7dc69d2190e4794d6c36679a4f2e - Path: Packages/com.unity.splines/Editor/Editor Resources/Icons/Tangent_Continuous@2x.png - Importer: ScriptedImporter/UnityEditor.QuickSearchModule:UnityEditor.Search:ASIAI0B -> (ImportResultId: 'd840f9e936c714691486baf1ae4c1e80') in 0.0331328 seconds
[Worker0] Imported GUID: f6c3a7d69c184234aa62f8824b9f7d08 - Path: Packages/com.unity.cinemachine/Editor/PropertyDrawers/HideFoldoutPropertyDrawer.cs - Importer: ScriptedImporter/UnityEditor.QuickSearchModule:UnityEditor.Search:ASIAI0B -> (ImportResultId: '305fcdbe2f83d010771dbb12928efd02') in 0.0274486 seconds
[Worker2] Imported GUID: 418e42c7d0405cc48a7b83f63ea53bb3 - Path: Packages/com.unity.cinemachine/Runtime/Deprecated/CinemachineTrackedDolly.cs - Importer: ScriptedImporter/UnityEditor.QuickSearchModule:UnityEditor.Search:ASIAI0B -> (ImportResultId: '60f1e62fe0ad4755c5195f00daaccaef') in 0.0298818 seconds
[Worker1] Imported GUID: 002b168e31e0479e8b470eb4c02d87cf - Path: Packages/com.unity.cinemachine/Editor/Editors/CinemachineConfiner2DEditor.cs - Importer: ScriptedImporter/UnityEditor.QuickSearchModule:UnityEditor.Search:ASIAI0B -> (ImportResultId: 'cff447d6c782ee722e927287b3837657') in 0.0311278 seconds
[Worker0] Imported GUID: 05acc715f855ced458d76ee6f8ac6c61 - Path: Packages/com.unity.cinemachine/Runtime/Timeline/CinemachineTrack.cs - Importer: ScriptedImporter/UnityEditor.QuickSearchModule:UnityEditor.Search:ASIAI0B -> (ImportResultId: 'ac13f352b85986dc4e3b7b2b4ab19b31') in 0.0311549 seconds
[Worker2] Imported GUID: b8c433db06b595546b18ebbe3e27c83f - Path: Packages/com.unity.splines/Editor/GUI/ToolbarsOverlays/SplineHandleSettingsWindow.cs - Importer: ScriptedImporter/UnityEditor.QuickSearchModule:UnityEditor.Search:ASIAI0B -> (ImportResultId: 'fd3707dc2cf75574a6855dc46ee37911') in 0.0269955 seconds
[Worker1] Imported GUID: 68bb026fafb42b14791938953eaace77 - Path: Packages/com.unity.cinemachine/Runtime/Components/CinemachineBasicMultiChannelPerlin.cs - Importer: ScriptedImporter/UnityEditor.QuickSearchModule:UnityEditor.Search:ASIAI0B -> (ImportResultId: '0d86f41a93acbcd56e5814305d974d1a') in 0.0307283 seconds
[Worker0] Imported GUID: 7d304cb99396771448b369770d11ae5a - Path: Packages/com.unity.cinemachine/Editor/Utility/CinemachineChannelNames.cs - Importer: ScriptedImporter/UnityEditor.QuickSearchModule:UnityEditor.Search:ASIAI0B -> (ImportResultId: 'cae495213eaee4510f7b45d2d1a9f3cd') in 0.02805 seconds
[Worker2] Imported GUID: a73149a4b6c41d741bc5e4e3b7711c0d - Path: Packages/com.unity.cinemachine/Runtime/Deprecated/CinemachinePathBase.cs - Importer: ScriptedImporter/UnityEditor.QuickSearchModule:UnityEditor.Search:ASIAI0B -> (ImportResultId: '8df00ab5f623d711dbe61d6aa575fc6a') in 0.0288722 seconds
[Worker1] Imported GUID: 99a9c787e5d1bbf48a389834c4a9641c - Path: Packages/com.unity.cinemachine/Runtime/Deprecated/CinemachineDollyCart.cs - Importer: ScriptedImporter/UnityEditor.QuickSearchModule:UnityEditor.Search:ASIAI0B -> (ImportResultId: '3b1c73b34a26308a73b854d308087d8e') in 0.026235 seconds
[Worker0] Imported GUID: 1737f1b4489bd468cbf919947c6836e4 - Path: Packages/com.unity.splines/Runtime/Spline.cs - Importer: ScriptedImporter/UnityEditor.QuickSearchModule:UnityEditor.Search:ASIAI0B -> (ImportResultId: '13e88011ab66a6299562bc0a50bf97cd') in 0.0272765 seconds
[Worker2] Imported GUID: eb8e037cb3f873743a725427c8c22342 - Path: Packages/com.unity.cinemachine/Editor/Editors/CinemachineTargetGroupEditor.cs - Importer: ScriptedImporter/UnityEditor.QuickSearchModule:UnityEditor.Search:ASIAI0B -> (ImportResultId: 'df5b7e84d4b27694284d0d007b11468f') in 0.0293695 seconds
[Worker1] Imported GUID: b589e9c7316db6045be93aa8bdf6dbc4 - Path: Packages/com.unity.cinemachine/Editor/Obsolete/CinemachineFramingTransposerEditor.cs - Importer: ScriptedImporter/UnityEditor.QuickSearchModule:UnityEditor.Search:ASIAI0B -> (ImportResultId: '0242f201b12768b08aee4ae2df525b36') in 0.0285419 seconds
[Worker0] Imported GUID: c88d2a04cc828c044b0fcc133fd481e6 - Path: Packages/com.unity.cinemachine/Editor/Obsolete/CinemachinePathEditor.cs - Importer: ScriptedImporter/UnityEditor.QuickSearchModule:UnityEditor.Search:ASIAI0B -> (ImportResultId: '1d4c34ada349c5832fe167a712959a1b') in 0.0275976 seconds
[Worker2] Imported GUID: fbb7a4425fc8e4e5bb4f932ae7f52073 - Path: Packages/com.unity.splines/Editor/Editor Resources/Icons/SplineContext.png - Importer: ScriptedImporter/UnityEditor.QuickSearchModule:UnityEditor.Search:ASIAI0B -> (ImportResultId: 'a21278225daf15ebdc116af492158868') in 0.0339295 seconds
[Worker0] Imported GUID: 92d8b52044d794450a4f29aec979a34a - Path: Packages/com.unity.splines/Editor/Editor Resources/Icons/d_SplineEditMode-Info@2x.png - Importer: ScriptedImporter/UnityEditor.QuickSearchModule:UnityEditor.Search:ASIAI0B -> (ImportResultId: '367611f9edd0344d1cf1445a17658732') in 0.0357859 seconds
[Worker1] Imported GUID: dac10fae1df6549468da9a027ab58f48 - Path: Packages/com.unity.splines/Editor/Editor Resources/Icons/SplineEditMode-Info.png - Importer: ScriptedImporter/UnityEditor.QuickSearchModule:UnityEditor.Search:ASIAI0B -> (ImportResultId: '877ab2126d1acd02d7c002d63f9e4581') in 0.036691 seconds
[Worker2] Imported GUID: e43142fc3fec6554980dde6126631f1d - Path: Packages/com.unity.splines/Editor/Unity.Splines.Editor.asmdef - Importer: ScriptedImporter/UnityEditor.QuickSearchModule:UnityEditor.Search:ASIAI0B -> (ImportResultId: '3d555a074240ad25f978e64c71f6b79b') in 0.0343218 seconds
[Worker1] Imported GUID: 0818766e048304a559acbbf4aeab2d2e - Path: Packages/com.unity.cinemachine/Runtime/ThirdParty/Clipper.Engine.cs - Importer: ScriptedImporter/UnityEditor.QuickSearchModule:UnityEditor.Search:ASIAI0B -> (ImportResultId: 'a24ac9d610f60f3f7cfd8bb225cc52f3') in 0.0298899 seconds
[Worker0] Imported GUID: 8d7dc1d7282474a53959abee88fa9f3e - Path: Packages/com.unity.cinemachine/Runtime/ThirdParty/Clipper.Offset.cs - Importer: ScriptedImporter/UnityEditor.QuickSearchModule:UnityEditor.Search:ASIAI0B -> (ImportResultId: '8c40c1c35445bbf3df4a8358b295ef1a') in 0.0314625 seconds
[Worker1] Imported GUID: 3adf4b57b2fccae47aaac19bb6c0cbd2 - Path: Packages/com.unity.cinemachine/Runtime/Helpers/CinemachineCameraManagerEvents.cs - Importer: ScriptedImporter/UnityEditor.QuickSearchModule:UnityEditor.Search:ASIAI0B -> (ImportResultId: '63b9cdf61e7949b6ae525096a2adaff7') in 0.0269225 seconds
[Worker0] Imported GUID: 0eb9f23cde3a1734da334cfa0831dd25 - Path: Packages/com.unity.cinemachine/Editor/Editors/CinemachineStateDrivenCameraEditor.cs - Importer: ScriptedImporter/UnityEditor.QuickSearchModule:UnityEditor.Search:ASIAI0B -> (ImportResultId: 'ae611c40c46485305a98dd502d0757bf') in 0.0309726 seconds
[Worker2] Imported GUID: 6c26251a3e1f5ac41afa5ffb404c5f71 - Path: Packages/com.unity.cinemachine/Runtime/Behaviours/CinemachineMixingCamera.cs - Importer: ScriptedImporter/UnityEditor.QuickSearchModule:UnityEditor.Search:ASIAI0B -> (ImportResultId: 'b38be2f366aa26ee70988a7fedf839f5') in 0.0323222 seconds
[Worker1] Imported GUID: c59b7c2565a25a24ea3a1f988e7bd7b2 - Path: Packages/com.unity.cinemachine/Editor/Editors/CinemachineSplineRollEditor.cs - Importer: ScriptedImporter/UnityEditor.QuickSearchModule:UnityEditor.Search:ASIAI0B -> (ImportResultId: '31f2adbf715a0da81cce3c515348a57d') in 0.0311267 seconds
[Worker2] Imported GUID: a9664a4a45abdb3488bb9916e15748a0 - Path: Packages/com.unity.splines/Editor/Tools - Importer: ScriptedImporter/UnityEditor.QuickSearchModule:UnityEditor.Search:ASIAI0B -> (ImportResultId: 'cd1970f8fec551d3e8f1ab008f192b23') in 0.0286862 seconds
[Worker0] Imported GUID: b7fc12931c76a4c09b3ca863ae523672 - Path: Packages/com.unity.splines/Editor/Editor Resources/Icons/SplineEditMode-Info@2x.png - Importer: ScriptedImporter/UnityEditor.QuickSearchModule:UnityEditor.Search:ASIAI0B -> (ImportResultId: 'f66acc05bca56f98719946fd9f311d6e') in 0.030731 seconds
[Worker1] Imported GUID: 886251e9a18ece04ea8e61686c173e1b - Path: Packages/com.unity.cinemachine/Runtime/Components/CinemachinePositionComposer.cs - Importer: ScriptedImporter/UnityEditor.QuickSearchModule:UnityEditor.Search:ASIAI0B -> (ImportResultId: '93a7f3a89ce6cff4c9492130a0008534') in 0.0328166 seconds
[Worker0] Imported GUID: 0c798f601e8d04973bbefdbf7bd6a371 - Path: Packages/com.unity.cinemachine/Editor/Samples/ExposeHDRPInternals - Importer: ScriptedImporter/UnityEditor.QuickSearchModule:UnityEditor.Search:ASIAI0B -> (ImportResultId: 'aec136e9bf4bbfc798c2fb51f9446ed8') in 0.0304721 seconds
[Worker2] Imported GUID: f6adb0b82e1af42789fe5f59234e3a1b - Path: Packages/com.unity.splines/Editor/Editor Resources/Icons/d_AutoSmoothKnot.png - Importer: ScriptedImporter/UnityEditor.QuickSearchModule:UnityEditor.Search:ASIAI0B -> (ImportResultId: '6b07b28f30a1ddb133d979487c7249cf') in 0.031049 seconds
[Worker0] Imported GUID: 180ecf9b41d478f468eb3e9083753217 - Path: Packages/com.unity.cinemachine/Runtime/Impulse/CinemachineImpulseSource.cs - Importer: ScriptedImporter/UnityEditor.QuickSearchModule:UnityEditor.Search:ASIAI0B -> (ImportResultId: 'b3599ac3761afab7d8046630fe8bdf88') in 0.0301862 seconds
[Worker2] Imported GUID: fdb859783dabdca44be0ea05d1203b30 - Path: Packages/com.unity.cinemachine/Editor/Impulse/CinemachineImpulseEnvelopePropertyDrawer.cs - Importer: ScriptedImporter/UnityEditor.QuickSearchModule:UnityEditor.Search:ASIAI0B -> (ImportResultId: '0873d5fe70eeaa620b7fe9da005b9f85') in 0.0304488 seconds
[Worker1] Imported GUID: 6dd3f00b9032de54c8784df7bdc6fdf8 - Path: Packages/com.unity.cinemachine/Editor/EditorResources/CMWaveform.compute - Importer: ScriptedImporter/UnityEditor.QuickSearchModule:UnityEditor.Search:ASIAI0B -> (ImportResultId: '1c35fb52f679b5f50cb2a11d7170525e') in 0.031366 seconds
[Worker0] Imported GUID: 0aa26b55dba50a24ba30bb759b2db4e9 - Path: Packages/com.unity.cinemachine/Runtime/Core/TargetTracking.cs - Importer: ScriptedImporter/UnityEditor.QuickSearchModule:UnityEditor.Search:ASIAI0B -> (ImportResultId: 'b2afa535f9db0048b0746da91274a95a') in 0.0266966 seconds
[Worker1] Imported GUID: d30409ab90458e5409807c8b0274ac9c - Path: Packages/com.unity.cinemachine/Editor/Utility/EmbeddedAssetEditorUtility.cs - Importer: ScriptedImporter/UnityEditor.QuickSearchModule:UnityEditor.Search:ASIAI0B -> (ImportResultId: 'c18ff8d31202dff2f6ac9a449e5e326c') in 0.0272642 seconds
[Worker2] Imported GUID: f1367877887d28641a98258c207c3bfd - Path: Packages/com.unity.splines/Editor/Editor Resources/Icons/Tangent_Linear@2x.png - Importer: ScriptedImporter/UnityEditor.QuickSearchModule:UnityEditor.Search:ASIAI0B -> (ImportResultId: 'a72a0fa6b479809a1141e959eb06d39f') in 0.0297769 seconds
[Worker2] Imported GUID: 6d5b9345e21dd9641bc2689c45e4e021 - Path: Packages/com.unity.cinemachine/Runtime/Core/CinemachineCameraManagerBase.cs - Importer: ScriptedImporter/UnityEditor.QuickSearchModule:UnityEditor.Search:ASIAI0B -> (ImportResultId: '8e04974ac23b0d114d098d51b95ecbab') in 0.0265537 seconds
[Worker1] Imported GUID: f34d110791e602a418f182fbec6b699d - Path: Packages/com.unity.cinemachine/Editor/EditorResources/StdLib.hlsl - Importer: ScriptedImporter/UnityEditor.QuickSearchModule:UnityEditor.Search:ASIAI0B -> (ImportResultId: 'a665b95f5974baaa0da9fc654c6cbb50') in 0.0296363 seconds
[Worker0] Imported GUID: 4700f9f03ad19f94baf0367cb7a9c988 - Path: Packages/com.unity.cinemachine/Runtime/Behaviours/CinemachineFollowZoom.cs - Importer: ScriptedImporter/UnityEditor.QuickSearchModule:UnityEditor.Search:ASIAI0B -> (ImportResultId: 'c0ff80f5efa4d952b2b432f54ac39bc9') in 0.0331192 seconds
[Worker1] Imported GUID: 0181db608628b494d8ae50728e507ce1 - Path: Packages/com.unity.cinemachine/Editor/Editors/CinemachineSequencerCameraEditor.cs - Importer: ScriptedImporter/UnityEditor.QuickSearchModule:UnityEditor.Search:ASIAI0B -> (ImportResultId: '1864f93f22f81953f7ac490f2df83082') in 0.0280492 seconds
[Worker0] Imported GUID: db21e68bc3d7e4348bc67e8314ed9a2a - Path: Packages/com.unity.cinemachine/Editor/Editors/CinemachineConfiner3DEditor.cs - Importer: ScriptedImporter/UnityEditor.QuickSearchModule:UnityEditor.Search:ASIAI0B -> (ImportResultId: 'ccd249fe4f339d6648a41b13024bb177') in 0.0307085 seconds
[Worker2] Imported GUID: 70ebf5536475b4f6d837fb3fd1208155 - Path: Packages/com.unity.splines/Editor/Editor Resources/Icons/ToolHandleParent.png - Importer: ScriptedImporter/UnityEditor.QuickSearchModule:UnityEditor.Search:ASIAI0B -> (ImportResultId: '885c30a3df21751b8256b2b443cb18e2') in 0.0466606 seconds
[Worker1] Imported GUID: a0357b2fb04a410d8dc62740f4fe4cbb - Path: Packages/com.unity.splines/Editor/GUI/EditorSplineGizmos.cs - Importer: ScriptedImporter/UnityEditor.QuickSearchModule:UnityEditor.Search:ASIAI0B -> (ImportResultId: '1849a6e96b29e5ca6653fd35743f7875') in 0.0280644 seconds
[Worker0] Imported GUID: 7a5cdb188f8a44c4fba093aad252e18a - Path: Packages/com.unity.cinemachine/Editor/Obsolete/CinemachineTool.cs - Importer: ScriptedImporter/UnityEditor.QuickSearchModule:UnityEditor.Search:ASIAI0B -> (ImportResultId: '2c6535bf1ca0f828ef1babd5bac314dd') in 0.0311993 seconds
[Worker2] Imported GUID: bea6b12ab5854760b485bc57408b9c3e - Path: Packages/com.unity.splines/Editor/GUI/SplineDataHandles.cs - Importer: ScriptedImporter/UnityEditor.QuickSearchModule:UnityEditor.Search:ASIAI0B -> (ImportResultId: '759636969730143efe4cf9bf0f7460c4') in 0.0290661 seconds
[Worker1] Imported GUID: 00b2d199b96b516448144ab30fb26aed - Path: Packages/com.unity.cinemachine/Runtime/Impulse/CinemachineImpulseListener.cs - Importer: ScriptedImporter/UnityEditor.QuickSearchModule:UnityEditor.Search:ASIAI0B -> (ImportResultId: 'de8345ea97b15cfebd7f9a218487f497') in 0.031649 seconds
[Worker0] Imported GUID: 28788538b820793469a6374f5cfb254f - Path: Packages/com.unity.cinemachine/Runtime/Behaviours/CinemachineShotQualityEvaluator.cs - Importer: ScriptedImporter/UnityEditor.QuickSearchModule:UnityEditor.Search:ASIAI0B -> (ImportResultId: 'ba11e764fc2c2bf0b1c7fa590aa1d11e') in 0.033458 seconds
[Worker2] Imported GUID: 33a510488cc26384ea9c0600441770b2 - Path: Packages/com.unity.cinemachine/Runtime/Helpers/CinemachineBrainEvents.cs - Importer: ScriptedImporter/UnityEditor.QuickSearchModule:UnityEditor.Search:ASIAI0B -> (ImportResultId: '0eb262b70bc2644c63944105ccfa80ce') in 0.0338667 seconds
[Worker1] Imported GUID: 9aaf72ea152580747be7476003654a7f - Path: Packages/com.unity.cinemachine/Runtime/Core/CameraUpdateManager.cs - Importer: ScriptedImporter/UnityEditor.QuickSearchModule:UnityEditor.Search:ASIAI0B -> (ImportResultId: '91a5a271bb0bedd0be0e54bc8dd92d78') in 0.03284 seconds
[Worker0] Imported GUID: f4044717213e31446939f7bd49c896ea - Path: Packages/com.unity.cinemachine/Runtime/Deprecated/CinemachineComposer.cs - Importer: ScriptedImporter/UnityEditor.QuickSearchModule:UnityEditor.Search:ASIAI0B -> (ImportResultId: '5f15603bcbf0b75baa09aadb7d5dfc7c') in 0.0293812 seconds
[Worker2] Imported GUID: 62d54399b04b4fa48a73e121d4937dd4 - Path: Packages/com.unity.cinemachine/Runtime/Components/CinemachinePanTilt.cs - Importer: ScriptedImporter/UnityEditor.QuickSearchModule:UnityEditor.Search:ASIAI0B -> (ImportResultId: '2988efa42048890eaaa2fef2406bc4e5') in 0.0361644 seconds
[Worker1] Imported GUID: 004689f31515e42c5b09455132176233 - Path: Packages/com.unity.cinemachine/Runtime/ThirdParty/Clipper.Minkowski.cs - Importer: ScriptedImporter/UnityEditor.QuickSearchModule:UnityEditor.Search:ASIAI0B -> (ImportResultId: 'f0fb47fbc0830b628096aa6d9f1b7eec') in 0.0291612 seconds
[Worker0] Imported GUID: d555e0f2952215f47ac6e88b239c19ff - Path: Packages/com.unity.cinemachine/Editor/SceneView/CinemachineCameraViewpoint.cs - Importer: ScriptedImporter/UnityEditor.QuickSearchModule:UnityEditor.Search:ASIAI0B -> (ImportResultId: '6c2d28943b9e1214bba933c2c14c43af') in 0.033046 seconds
[Worker2] Imported GUID: a922762599641445b9b96fc3bcafcf8b - Path: Packages/com.unity.splines/Editor/Editor Resources/Icons/d_ToolHandleParent.png - Importer: ScriptedImporter/UnityEditor.QuickSearchModule:UnityEditor.Search:ASIAI0B -> (ImportResultId: '9f79bd339b658133a4c47b2665e51c78') in 0.0340568 seconds
[Worker1] Imported GUID: 8bff491709f26ca4d924ad2c5f505fb0 - Path: Packages/com.unity.splines/Editor/Controls/SplineHandleSettings.cs - Importer: ScriptedImporter/UnityEditor.QuickSearchModule:UnityEditor.Search:ASIAI0B -> (ImportResultId: '513121e30f1ffefb8df7cb3eee16d12f') in 0.0328179 seconds
[Worker0] Imported GUID: 72fb38b12e406494493310b49ccb8384 - Path: Packages/com.unity.splines/Editor/Editor Resources/Textures - Importer: ScriptedImporter/UnityEditor.QuickSearchModule:UnityEditor.Search:ASIAI0B -> (ImportResultId: '68f3a34217bd02bd32796eddc2cf41d1') in 0.0298504 seconds
[Worker2] Imported GUID: 3735bf6bd1171ad43896aaea4a3b417f - Path: Packages/com.unity.splines/Editor/Editor Resources/Icons/SplineComponent.png - Importer: ScriptedImporter/UnityEditor.QuickSearchModule:UnityEditor.Search:ASIAI0B -> (ImportResultId: 'df484dcb30472116d343388aa588ff26') in 0.0339087 seconds
[Worker1] Imported GUID: bc3d3aa21eb40814391409a5b8bb11e9 - Path: Packages/com.unity.splines/Runtime/SplineType.cs - Importer: ScriptedImporter/UnityEditor.QuickSearchModule:UnityEditor.Search:ASIAI0B -> (ImportResultId: '1a43af79b210ea6b01fb6ef5365872d9') in 0.0306071 seconds
[Worker0] Imported GUID: a5a8010c3424a6241a13d7eba13aa4f2 - Path: Packages/com.unity.splines/Editor/Editor Resources/Icons/d_Tangent_Linear.png - Importer: ScriptedImporter/UnityEditor.QuickSearchModule:UnityEditor.Search:ASIAI0B -> (ImportResultId: 'f0bf568b3bfbf247a942c6bf66f0e6a9') in 0.0346024 seconds
[Worker1] Imported GUID: dab5c7d4c32e743048dfca98e2d5914f - Path: Packages/com.unity.splines/Runtime/SplineContainer.cs - Importer: ScriptedImporter/UnityEditor.QuickSearchModule:UnityEditor.Search:ASIAI0B -> (ImportResultId: 'd32fcca4b0c6cf563d6f29c77907f6f7') in 0.0295656 seconds
[Worker2] Imported GUID: 26663a5ec9987421996161615506b6c5 - Path: Packages/com.unity.cinemachine/Editor/EditorResources/Icons/Light/CmComponent@256.png - Importer: ScriptedImporter/UnityEditor.QuickSearchModule:UnityEditor.Search:ASIAI0B -> (ImportResultId: 'ef3a8411fdc0947f51ba1ce740253751') in 0.0327342 seconds
[Worker0] Imported GUID: 587a3b2c9ea604bcd075de2a12ec52f5 - Path: Packages/com.unity.splines - Importer: ScriptedImporter/UnityEditor.QuickSearchModule:UnityEditor.Search:ASIAI0B -> (ImportResultId: '95dd8a453fecdb2f235827b54e496ccf') in 0.0256956 seconds
[Worker1] Imported GUID: f73582510601d4be083d9a53c0f8ee48 - Path: Packages/com.unity.cinemachine/Runtime/ThirdParty/Clipper.Core.cs - Importer: ScriptedImporter/UnityEditor.QuickSearchModule:UnityEditor.Search:ASIAI0B -> (ImportResultId: '8a21dcca90f789a3cd9542fe42cdbf31') in 0.0273007 seconds
[Worker2] Imported GUID: 5356d1db487a5284fb27af2798adad33 - Path: Packages/com.unity.cinemachine/Runtime/Timeline/CinemachineShotPlayable.cs - Importer: ScriptedImporter/UnityEditor.QuickSearchModule:UnityEditor.Search:ASIAI0B -> (ImportResultId: 'f7d442c6e8e164214e36bbc0d71d8378') in 0.0294531 seconds
[Worker0] Imported GUID: a297feea4ef24434e8c5465fdf835a77 - Path: Packages/com.unity.cinemachine/Editor/EditorResources/Icons/Dark/CmCamera@256.png - Importer: ScriptedImporter/UnityEditor.QuickSearchModule:UnityEditor.Search:ASIAI0B -> (ImportResultId: 'c88adfb771a2e39b82bb2d1fbca609ca') in 0.0357406 seconds
[Worker1] Imported GUID: 68839a4bf8790cd449d4043f5efb5aec - Path: Packages/com.unity.cinemachine/Runtime/Core/GaussianFilter.cs - Importer: ScriptedImporter/UnityEditor.QuickSearchModule:UnityEditor.Search:ASIAI0B -> (ImportResultId: 'bff8a60b5d047b505cef8b23eb2f7a7d') in 0.0295311 seconds
[Worker2] Imported GUID: 7b7b7ed25b78f49208462984ca88f556 - Path: Packages/com.unity.splines/Editor/Utilities/SerializedPropertyUtility.cs - Importer: ScriptedImporter/UnityEditor.QuickSearchModule:UnityEditor.Search:ASIAI0B -> (ImportResultId: '744357ea55ec116ceb3228bb7a65c32c') in 0.0266828 seconds
[Worker0] Imported GUID: b1e8bfa6c48dec14793c3b140f549f44 - Path: Packages/com.unity.splines/Runtime/ISplineContainer.cs - Importer: ScriptedImporter/UnityEditor.QuickSearchModule:UnityEditor.Search:ASIAI0B -> (ImportResultId: '5abf05982b037c7e31232c0f36bc4e03') in 0.0278761 seconds
[Worker2] Imported GUID: 222dc08d484f16869bdd89edd9d368fc - Path: Packages/com.unity.splines/Runtime/SplineExtrude.cs - Importer: ScriptedImporter/UnityEditor.QuickSearchModule:UnityEditor.Search:ASIAI0B -> (ImportResultId: '90bd354e36b6feb1c667ce18f36783d0') in 0.0252683 seconds
[Worker1] Imported GUID: 70f1be76e10cd9f44ad1a86b9e05745e - Path: Packages/com.unity.cinemachine/Editor/Obsolete/AxisStatePropertyDrawer.cs - Importer: ScriptedImporter/UnityEditor.QuickSearchModule:UnityEditor.Search:ASIAI0B -> (ImportResultId: '5530654fbf4a341bc0cb82364897e4c7') in 0.0276338 seconds
[Worker0] Imported GUID: 54e2c746318aaa54bb759b9c840a9b24 - Path: Packages/com.unity.splines/Editor/Tools/CreateSplineTool.cs - Importer: ScriptedImporter/UnityEditor.QuickSearchModule:UnityEditor.Search:ASIAI0B -> (ImportResultId: '95770731dd38c39656289d8ae8aa71d1') in 0.026556 seconds
[Worker2] Imported GUID: cd1b3b6848c215f4cba3ace2c38f9bce - Path: Packages/com.unity.cinemachine/Editor/Obsolete/OrbitalTransposerHeadingPropertyDrawer.cs - Importer: ScriptedImporter/UnityEditor.QuickSearchModule:UnityEditor.Search:ASIAI0B -> (ImportResultId: 'd0442ece83e63a162c7a155d144b4009') in 0.0291638 seconds
[Worker1] Imported GUID: 53258ad9ad6e71e48bb8643c9522112e - Path: Packages/com.unity.cinemachine/Runtime/Behaviours/CinemachineSequencerCamera.cs - Importer: ScriptedImporter/UnityEditor.QuickSearchModule:UnityEditor.Search:ASIAI0B -> (ImportResultId: 'cdf08e4f7bf59ab50666ce97c0b355db') in 0.0302348 seconds
[Worker0] Imported GUID: 37aa8727811c9e04785d9c0e4cafc5d3 - Path: Packages/com.unity.splines/Editor/GUI/Editors/ReadOnlyField.cs - Importer: ScriptedImporter/UnityEditor.QuickSearchModule:UnityEditor.Search:ASIAI0B -> (ImportResultId: '49dc13488f04a1155df6bf6543860a01') in 0.0290798 seconds
[Worker2] Imported GUID: 9b61528aebb8f4f3fb747bdfa7bc80b0 - Path: Packages/com.unity.splines/Editor/Editor Resources/Icons/AutoSmoothKnot On@2x.png - Importer: ScriptedImporter/UnityEditor.QuickSearchModule:UnityEditor.Search:ASIAI0B -> (ImportResultId: '13fd1411f163fc9e1e7aae9268f40d85') in 0.028857 seconds
[Worker1] Imported GUID: 137fce2acc78adb45b30ac59c3b89b11 - Path: Packages/com.unity.cinemachine/Editor/Obsolete/Cinemachine3rdPersonFollowEditor.cs - Importer: ScriptedImporter/UnityEditor.QuickSearchModule:UnityEditor.Search:ASIAI0B -> (ImportResultId: '340602090fee9f49be008c9bdcccf1ee') in 0.0308248 seconds
[Worker0] Imported GUID: e7363f1a86c8d4620b2e20ff9a768e6a - Path: Packages/com.unity.splines/Editor/Utilities/EditorSplineUtility.cs - Importer: ScriptedImporter/UnityEditor.QuickSearchModule:UnityEditor.Search:ASIAI0B -> (ImportResultId: '27b330429bd840c2f39f719630218e58') in 0.0290063 seconds
[Worker2] Imported GUID: 5db90e771d0224015980a051350f12b3 - Path: Packages/com.unity.splines/Editor/Editor Resources/Icons/d_ToolHandleParent@2x.png - Importer: ScriptedImporter/UnityEditor.QuickSearchModule:UnityEditor.Search:ASIAI0B -> (ImportResultId: '93a67778f7416f171dcb77bf4a1d99a5') in 0.0338686 seconds
[Worker1] Imported GUID: bb7bb364d1bd6bf4487c06678f176dff - Path: Packages/com.unity.splines/Editor/Editor Resources/Icons/Tangent_Continuous On@2x.png - Importer: ScriptedImporter/UnityEditor.QuickSearchModule:UnityEditor.Search:ASIAI0B -> (ImportResultId: 'ab5a9409fbeaa9d9caf9f7d5f9ba4f09') in 0.0337262 seconds
[Worker0] Imported GUID: cd7588d2cd80879409b245a5a34211f4 - Path: Packages/com.unity.splines/Editor/Editor Resources/Icons/Tangent_Linear On.png - Importer: ScriptedImporter/UnityEditor.QuickSearchModule:UnityEditor.Search:ASIAI0B -> (ImportResultId: '8a0353fccf77794b6a0f7f89014a8a55') in 0.0347807 seconds
[Worker2] Imported GUID: 2c760cb7073c57e44959f36cbed8ed39 - Path: Packages/com.unity.cinemachine/Runtime/Core/CinemachinePropertyAttribute.cs - Importer: ScriptedImporter/UnityEditor.QuickSearchModule:UnityEditor.Search:ASIAI0B -> (ImportResultId: '6778192274c3a7a1629d00698110d3b2') in 0.0270415 seconds
[Worker1] Imported GUID: b7ff2a01b79594de080bb89895f6e5ed - Path: Packages/com.unity.cinemachine/ValidationExceptions.json - Importer: ScriptedImporter/UnityEditor.QuickSearchModule:UnityEditor.Search:ASIAI0B -> (ImportResultId: '17c7b874b9d4bba3b7f7863da2f62316') in 0.0319706 seconds
[Worker0] Imported GUID: 044eefcf244b249618f7860249c6a4d4 - Path: Packages/com.unity.cinemachine/Editor/Editors/CinemachineCameraEditor.cs - Importer: ScriptedImporter/UnityEditor.QuickSearchModule:UnityEditor.Search:ASIAI0B -> (ImportResultId: 'cdb165c2a42c38ddc94992cec76994fe') in 0.0342199 seconds
[Worker2] Imported GUID: a3aeb1e9df0434782ba09fdf32c56611 - Path: Packages/com.unity.cinemachine/Editor/EditorResources/Icons/Dark/CmTrack@256.png - Importer: ScriptedImporter/UnityEditor.QuickSearchModule:UnityEditor.Search:ASIAI0B -> (ImportResultId: 'fb64230cc7b2944a1bead44d309605ef') in 0.0343064 seconds
[Worker1] Imported GUID: 00a29581dcde43288acba10562a4dc63 - Path: Packages/com.unity.splines/Runtime/SplineModificationData.cs - Importer: ScriptedImporter/UnityEditor.QuickSearchModule:UnityEditor.Search:ASIAI0B -> (ImportResultId: 'e17a83ebe0ee4869d9659d5c5bc6d3f7') in 0.0272164 seconds
[Worker0] Imported GUID: ee42f1964a0e8224c90be81905946699 - Path: Packages/com.unity.cinemachine/Editor/Editors/CinemachineBasicMultiChannelPerlinEditor.cs - Importer: ScriptedImporter/UnityEditor.QuickSearchModule:UnityEditor.Search:ASIAI0B -> (ImportResultId: 'bf8aab393b001664ecb131995c6ed6b2') in 0.0242293 seconds
[Worker2] Imported GUID: 95387f7c3fe4a9d4b83609182233c511 - Path: Packages/com.unity.cinemachine/Runtime/Core/InputAxisControllerBase.cs - Importer: ScriptedImporter/UnityEditor.QuickSearchModule:UnityEditor.Search:ASIAI0B -> (ImportResultId: 'd8867f8eab196501c3331ace8332c664') in 0.0247616 seconds
[Worker1] Imported GUID: 084e3bf849254ae4688d18544d82c114 - Path: Packages/com.unity.cinemachine/Editor/Utility/DelayedFriendlyFieldDragger.cs - Importer: ScriptedImporter/UnityEditor.QuickSearchModule:UnityEditor.Search:ASIAI0B -> (ImportResultId: '4e778529ee47117e6aeb007e83c1264d') in 0.0249908 seconds
[Worker1] Imported GUID: 06ba237cdfbe2264f89158773bd6268b - Path: Packages/com.unity.splines/CHANGELOG.md - Importer: ScriptedImporter/UnityEditor.QuickSearchModule:UnityEditor.Search:ASIAI0B -> (ImportResultId: '78a920e4cdd027a406ffd94832e28fd7') in 0.0265065 seconds
[Worker0] Imported GUID: 3327a326efc0c4079a8eada111b11d29 - Path: Packages/com.unity.cinemachine/Editor/EditorResources/Icons/Light/CmExtension@256.png - Importer: ScriptedImporter/UnityEditor.QuickSearchModule:UnityEditor.Search:ASIAI0B -> (ImportResultId: '04f911275fe79a918156bb53f52e327d') in 0.0283046 seconds
[Worker2] Imported GUID: e19681a513069400aa38220f89283d8d - Path: Packages/com.unity.cinemachine/Editor/EditorResources/Icons/Dark/FOV.png - Importer: ScriptedImporter/UnityEditor.QuickSearchModule:UnityEditor.Search:ASIAI0B -> (ImportResultId: 'eb8eec40962c6c9e3848472c89645100') in 0.0325358 seconds
[Worker2] Imported GUID: 729aad4491e915a41bda2b8325cf757a - Path: Packages/com.unity.cinemachine/Runtime/PostProcessing/CinemachinePostProcessing.cs - Importer: ScriptedImporter/UnityEditor.QuickSearchModule:UnityEditor.Search:ASIAI0B -> (ImportResultId: 'e3d59adbb07b250bccd0cb7493d33178') in 0.0253608 seconds
[Worker0] Imported GUID: 1edfbc3a6b2e0423483a2af98a4bb746 - Path: Packages/com.unity.cinemachine/Editor/EditorResources/Icons/Dark/TrackedObjectOffset.png - Importer: ScriptedImporter/UnityEditor.QuickSearchModule:UnityEditor.Search:ASIAI0B -> (ImportResultId: '37f0df3b461187683ef467979ceb8854') in 0.0354755 seconds
[Worker2] Imported GUID: 9935a56c1434b7845abe3f2b8f6600f4 - Path: Packages/com.unity.splines/Editor/GUI/ToolbarsOverlays/SplineHandleSettingsDropdown.cs - Importer: ScriptedImporter/UnityEditor.QuickSearchModule:UnityEditor.Search:ASIAI0B -> (ImportResultId: '4519294ede023bbcfcb6a93065994e65') in 0.0255274 seconds
[Worker0] Imported GUID: 3fed8968b96eb924891cf86f5c51f661 - Path: Packages/com.unity.cinemachine/Runtime/Core/CinemachineBlend.cs - Importer: ScriptedImporter/UnityEditor.QuickSearchModule:UnityEditor.Search:ASIAI0B -> (ImportResultId: '23c5ccc515ab9d9cf615248e54d039cb') in 0.0298556 seconds
[Worker2] Imported GUID: c718362a9eb442841aa81c616a3cd784 - Path: Assets/Scripts/UnityRuntime/IndustrialSim.UnityRuntime.asmdef - Importer: ScriptedImporter/UnityEditor.QuickSearchModule:UnityEditor.Search:ASIAI0B -> (ImportResultId: '76b562241fcbb8ab31254fdab636cbf3') in 0.0273613 seconds
[Worker1] Imported GUID: 41de4953236e9024592b1f00e74e7fc6 - Path: Assets/Models/BoilerTank/Materials/0.792157_0.819608_0.933333_0.000000_0.000000.mat - Importer: ScriptedImporter/UnityEditor.QuickSearchModule:UnityEditor.Search:ASIAI0B -> (ImportResultId: '882d4ed5269a88931cf8eb3929b12a7f') in 0.092011 seconds
[Worker0] Imported GUID: 0f7633c93f0364a418841eeb8b058634 - Path: Packages/com.unity.cinemachine/Runtime/Deprecated/CinemachineGroupComposer.cs - Importer: ScriptedImporter/UnityEditor.QuickSearchModule:UnityEditor.Search:ASIAI0B -> (ImportResultId: 'b7edf3e1ddaff2187452c66a4beb4087') in 0.0265641 seconds
[Worker2] Imported GUID: e9d35cf5830b403f8a24cef0e22ee40c - Path: Packages/com.unity.splines/Runtime/SplineFactory.cs - Importer: ScriptedImporter/UnityEditor.QuickSearchModule:UnityEditor.Search:ASIAI0B -> (ImportResultId: 'aacee9739caf3dd4ac9808c0bc0aed70') in 0.0292663 seconds
[Worker0] Imported GUID: 78403350ac663ed44a801175a4fe1b8e - Path: Packages/com.unity.splines/Editor/Core/SplineElement.cs - Importer: ScriptedImporter/UnityEditor.QuickSearchModule:UnityEditor.Search:ASIAI0B -> (ImportResultId: '495c2a17818b240a65a52fea9fcd14c2') in 0.0274657 seconds
[Worker1] Imported GUID: c1afd5e71b4a42a196c82053c9212199 - Path: Packages/com.unity.cinemachine/Editor/Upgrader/UpgradeObjectToCm3.Data.cs - Importer: ScriptedImporter/UnityEditor.QuickSearchModule:UnityEditor.Search:ASIAI0B -> (ImportResultId: 'b83f8e7706c8cd49f754e7284e037eb0') in 0.0295798 seconds
[Worker2] Imported GUID: 65945d4401044bc095f3fe90d615eb81 - Path: Packages/com.unity.splines/Runtime/BezierCurve.cs - Importer: ScriptedImporter/UnityEditor.QuickSearchModule:UnityEditor.Search:ASIAI0B -> (ImportResultId: 'f3015d99cf63dab767cf31d0618a9089') in 0.0299976 seconds
[Worker1] Imported GUID: 32f2486860512944a9aca105d9923a82 - Path: Assets/Prefabs - Importer: ScriptedImporter/UnityEditor.QuickSearchModule:UnityEditor.Search:ASIAI0B -> (ImportResultId: '02e75b5c3dfa09b300bb68e169b5a853') in 0.025859 seconds
[Worker0] Imported GUID: bf6af609234b6af4f8218e694d4895c4 - Path: Packages/com.unity.splines/Editor/GUI/SplineGUIUtility.cs - Importer: ScriptedImporter/UnityEditor.QuickSearchModule:UnityEditor.Search:ASIAI0B -> (ImportResultId: '7e9bfc473cffc7fa93a75501a67a7792') in 0.0261518 seconds
[Worker2] Imported GUID: 1ba619ac94989d64f8dbd7c7d5144944 - Path: Packages/com.unity.cinemachine/Editor/Editors/CinemachineBrainEventsEditor.cs - Importer: ScriptedImporter/UnityEditor.QuickSearchModule:UnityEditor.Search:ASIAI0B -> (ImportResultId: '7080c285c548b427dd509c8f3e6b81a7') in 0.0284847 seconds
[Worker1] Imported GUID: 15ebf04de67923d41a36c21e1fc63718 - Path: Packages/com.unity.cinemachine/Runtime/Core/CinemachineVirtualCameraBase.cs - Importer: ScriptedImporter/UnityEditor.QuickSearchModule:UnityEditor.Search:ASIAI0B -> (ImportResultId: '5d431a2dd34982ef6b21db6c2f814d94') in 0.0307065 seconds
[Worker0] Imported GUID: 24ec24775a1b45e4ea81ac13002dee32 - Path: Packages/com.unity.cinemachine/Editor/SaveDuringPlay/SaveDuringPlay.cs - Importer: ScriptedImporter/UnityEditor.QuickSearchModule:UnityEditor.Search:ASIAI0B -> (ImportResultId: 'e3b01b682674a1fad1ae2297375aec1b') in 0.0305586 seconds
[Worker2] Imported GUID: 7ae4eee88f0f347c0adb6efc7d193d00 - Path: Packages/com.unity.splines/Editor/Editor Resources/Textures/TangentLineAATex.png - Importer: ScriptedImporter/UnityEditor.QuickSearchModule:UnityEditor.Search:ASIAI0B -> (ImportResultId: 'db3b5d85e481817d3daaaf533f820da7') in 0.0295211 seconds
[Worker1] Imported GUID: 54b24e51e2a9fa242b38d80ee11f3b2d - Path: Packages/com.unity.cinemachine/Editor/Menus/CinemachineMenu.cs - Importer: ScriptedImporter/UnityEditor.QuickSearchModule:UnityEditor.Search:ASIAI0B -> (ImportResultId: '5dd93b990d05bbdd9eb1e91960211cfb') in 0.0292026 seconds
[Worker0] Imported GUID: 67f8499b5fecb4d56acff5d9ff6e15bf - Path: Packages/com.unity.splines/Editor/Editor Resources/Icons/d_AutoSmoothKnot On.png - Importer: ScriptedImporter/UnityEditor.QuickSearchModule:UnityEditor.Search:ASIAI0B -> (ImportResultId: '1fe579674146144db740926a1ea31552') in 0.0317959 seconds
[Worker2] Imported GUID: c90a7ec85e47a864bb698cef82334a2f - Path: Assets/Scripts/UnityRuntime/Player - Importer: ScriptedImporter/UnityEditor.QuickSearchModule:UnityEditor.Search:ASIAI0B -> (ImportResultId: '500ac8428cfea6452a952de0c6cf6672') in 0.0288935 seconds
[Worker1] Imported GUID: ff5c4cf523d82f444bbd1f75dfbd86ed - Path: Assets/Prefabs/Player - Importer: ScriptedImporter/UnityEditor.QuickSearchModule:UnityEditor.Search:ASIAI0B -> (ImportResultId: 'ea18894c00f74a2d94aa0e145e64c330') in 0.026208 seconds
[Worker0] Imported GUID: f23d52331ea559841a7b7c27ca58037c - Path: Packages/com.unity.cinemachine/Editor/Timeline/CinemachineShotClipEditor.cs - Importer: ScriptedImporter/UnityEditor.QuickSearchModule:UnityEditor.Search:ASIAI0B -> (ImportResultId: '639cacbba70954a08b25cfef582ef2c1') in 0.0260725 seconds
[Worker2] Imported GUID: 118eaaeabde5fb9419b05ba3dd5e7078 - Path: Packages/com.unity.splines/Runtime/ArrayUtility.cs - Importer: ScriptedImporter/UnityEditor.QuickSearchModule:UnityEditor.Search:ASIAI0B -> (ImportResultId: '7955a044e2e8bc78a8307f1e2cf384db') in 0.0262832 seconds
[Worker1] Imported GUID: 2298d7737762c4efbbac29ffd335454a - Path: Packages/com.unity.cinemachine/Editor/EditorResources/Icons/Light/FOV.png - Importer: ScriptedImporter/UnityEditor.QuickSearchModule:UnityEditor.Search:ASIAI0B -> (ImportResultId: '76f69999a7dc9d93fb52591f91dc8180') in 0.0314972 seconds
[Worker0] Imported GUID: 460413cec7ffcbc40a1e44a530fb670a - Path: Assets/Scenes/MathTest.unity - Importer: ScriptedImporter/UnityEditor.QuickSearchModule:UnityEditor.Search:ASIAI0B -> (ImportResultId: '0ad34422e83e645e5548310c79112b1e') in 0.0314735 seconds
[Worker2] Imported GUID: 9384ab8608cdc3d479fe89cd51eed48f - Path: Packages/com.unity.cinemachine/Runtime/Deprecated/CinemachineOrbitalTransposer.cs - Importer: ScriptedImporter/UnityEditor.QuickSearchModule:UnityEditor.Search:ASIAI0B -> (ImportResultId: 'cc03398c375bb5c106c399aa1a6b397c') in 0.0309539 seconds
[Worker1] Imported GUID: ada37388502cc47db96a985a8eeca2c1 - Path: Packages/com.unity.cinemachine/Editor/EditorResources/Icons/Dark/FarNearClip.png - Importer: ScriptedImporter/UnityEditor.QuickSearchModule:UnityEditor.Search:ASIAI0B -> (ImportResultId: 'd33e8cf038c60349f219baf452840017') in 0.0331563 seconds
[Worker2] Imported GUID: 4fa53a91a43ae1a4bbf6b29961b45c38 - Path: Packages/com.unity.cinemachine/Runtime/Core/CinemachineExtension.cs - Importer: ScriptedImporter/UnityEditor.QuickSearchModule:UnityEditor.Search:ASIAI0B -> (ImportResultId: '1540129aee05c59af4d0e146b2d580d7') in 0.0322764 seconds
[Worker1] Imported GUID: c7d73314dfe49f8458398c6dc8edcda8 - Path: Packages/com.unity.cinemachine/Runtime/Core/CinemachineCore.cs - Importer: ScriptedImporter/UnityEditor.QuickSearchModule:UnityEditor.Search:ASIAI0B -> (ImportResultId: 'f290420b4ed713de16b4d9f3de0b13bd') in 0.0354477 seconds
[Worker2] Imported GUID: 29ae16933bbb94210b13408d3f86a072 - Path: Packages/com.unity.splines/Editor/GUI/ToolbarsOverlays/HandleRotationDropdown.cs - Importer: ScriptedImporter/UnityEditor.QuickSearchModule:UnityEditor.Search:ASIAI0B -> (ImportResultId: '9807851b47443ac212997df79d3769b6') in 0.032463 seconds
[Worker1] Imported GUID: 7fbddc3d391b09748856824634187946 - Path: Packages/com.unity.splines/package.json - Importer: ScriptedImporter/UnityEditor.QuickSearchModule:UnityEditor.Search:ASIAI0B -> (ImportResultId: '388524804f04dd73a34036d97f81bf0d') in 0.0268308 seconds
[Worker2] Imported GUID: a8b749c29dc36654894d508b9258a560 - Path: Packages/com.unity.splines/Editor/Editor Resources/Icons/Tangent_Linear.png - Importer: ScriptedImporter/UnityEditor.QuickSearchModule:UnityEditor.Search:ASIAI0B -> (ImportResultId: 'ff7713bc70bb9757297e9b5408df77d8') in 0.0358802 seconds
[Worker1] Imported GUID: c2a918f460a69394eb9726b31e1d404c - Path: Packages/com.unity.cinemachine/Runtime/Core/CameraState.cs - Importer: ScriptedImporter/UnityEditor.QuickSearchModule:UnityEditor.Search:ASIAI0B -> (ImportResultId: 'c99e7d769f16fc50b589693ac971bfae') in 0.0323643 seconds
[Worker1] Imported GUID: 0834e0204621424449fe7f88d7127f07 - Path: Packages/com.unity.splines/Editor/Core/PathSettings.cs - Importer: ScriptedImporter/UnityEditor.QuickSearchModule:UnityEditor.Search:ASIAI0B -> (ImportResultId: '1e2c5d580e1c8469daa9fe907551ccf3') in 0.0276959 seconds
[Worker2] Imported GUID: d01d6b9007f24984692322edf5415826 - Path: Packages/com.unity.splines/Editor/GUI/ToolbarsOverlays/TangentDrawer.cs - Importer: ScriptedImporter/UnityEditor.QuickSearchModule:UnityEditor.Search:ASIAI0B -> (ImportResultId: '9d3a22237e2a7e013bb7dd0ab36385b9') in 0.0322851 seconds
[Worker0] Imported GUID: c8195c75e89b7694ea5b18d7cf5d3d4f - Path: Assets/Models/BoilerTank/BoilerTank.fbx - Importer: ScriptedImporter/UnityEditor.QuickSearchModule:UnityEditor.Search:ASIAI0B -> (ImportResultId: '493c0ff8f9cad87d0c7021b26c806176') in 0.1767543 seconds
[Worker1] Imported GUID: 332134df59ada094b99b649470628002 - Path: Assets/Scripts/UnityRuntime/Player/FirstPersonMotor.cs - Importer: ScriptedImporter/UnityEditor.QuickSearchModule:UnityEditor.Search:ASIAI0B -> (ImportResultId: 'd1af5c2e0eb5a306ba72aa01966b2d92') in 0.026859 seconds
[Worker2] Imported GUID: 486f5db2ff271d04185607a7d9a7a64c - Path: Packages/com.unity.cinemachine/Editor/SceneView - Importer: ScriptedImporter/UnityEditor.QuickSearchModule:UnityEditor.Search:ASIAI0B -> (ImportResultId: '9566964f7afe28f6e5108735ca7797ef') in 0.028603 seconds
[Worker0] Imported GUID: abbc996d115c3b245a98dfe941766de7 - Path: Packages/com.unity.splines/Editor/Utilities - Importer: ScriptedImporter/UnityEditor.QuickSearchModule:UnityEditor.Search:ASIAI0B -> (ImportResultId: 'fabb9d6d45f20554d2be13662343774e') in 0.0315598 seconds
[Worker1] Imported GUID: 3958e97119b89b14893728476c991114 - Path: Packages/com.unity.cinemachine/license.txt - Importer: ScriptedImporter/UnityEditor.QuickSearchModule:UnityEditor.Search:ASIAI0B -> (ImportResultId: 'e6c746867c0275f09645df9437733a57') in 0.0302292 seconds
[Worker2] Imported GUID: 3536b545f59257541934e66d5e906a36 - Path: Assets/Scripts/UnityRuntime/Player/PlayerInputReader.cs - Importer: ScriptedImporter/UnityEditor.QuickSearchModule:UnityEditor.Search:ASIAI0B -> (ImportResultId: 'ecdcd0d0b052f02baf541e2872c17d59') in 0.0307351 seconds
[Worker0] Imported GUID: a9e63e62da42ce141b35602019323584 - Path: Packages/com.unity.cinemachine/Editor/Editors/CinemachineStoryboardEditor.cs - Importer: ScriptedImporter/UnityEditor.QuickSearchModule:UnityEditor.Search:ASIAI0B -> (ImportResultId: 'b248d83a66fba24ace2270f74046ca24') in 0.0275182 seconds
[Worker1] Imported GUID: b880c0b2ad1ba404391179484fbf51bf - Path: Packages/com.unity.cinemachine/Editor/EditorResources/Icons/Light/TrackedObjectOffset.png - Importer: ScriptedImporter/UnityEditor.QuickSearchModule:UnityEditor.Search:ASIAI0B -> (ImportResultId: 'c839cd85ba396f5d0b891b97543d6344') in 0.0359407 seconds
[Worker0] Imported GUID: 8647d8846516479e99dbf89e8b927446 - Path: Packages/com.unity.splines/Runtime/SplineComponent.cs - Importer: ScriptedImporter/UnityEditor.QuickSearchModule:UnityEditor.Search:ASIAI0B -> (ImportResultId: '68adb8cc338dba80e6f2c33695b685c5') in 0.0288107 seconds
[Worker1] Imported GUID: 557c6f70a7173744abaa3967b6da6f5d - Path: Packages/com.unity.cinemachine/Runtime/Deprecated/AxisState.cs - Importer: ScriptedImporter/UnityEditor.QuickSearchModule:UnityEditor.Search:ASIAI0B -> (ImportResultId: '9b8c140386b181969af9ce43ded207c1') in 0.0297824 seconds
[Worker0] Imported GUID: 9e355d6040d494ded95f7b8bd325e899 - Path: Packages/com.unity.cinemachine/Editor/EditorResources/Icons/Dark/FollowOffset.png - Importer: ScriptedImporter/UnityEditor.QuickSearchModule:UnityEditor.Search:ASIAI0B -> (ImportResultId: 'cb051c83a7dceecb12f695a4dc7c71d8') in 0.031443 seconds
[Worker1] Imported GUID: f24a4388d07ef494e8516cb859803e09 - Path: Packages/com.unity.cinemachine/Editor/Timeline/CinemachineShotEditor.cs - Importer: ScriptedImporter/UnityEditor.QuickSearchModule:UnityEditor.Search:ASIAI0B -> (ImportResultId: 'fe9703b55ea4a9b7bb7e943b80419993') in 0.0289548 seconds
[Worker0] Imported GUID: b2f73bdc979030e419f33c10913639cc - Path: Packages/com.unity.cinemachine/Runtime/Core/CinemachineComponentBase.cs - Importer: ScriptedImporter/UnityEditor.QuickSearchModule:UnityEditor.Search:ASIAI0B -> (ImportResultId: '292c6dc355b2482335916ffd9da906e1') in 0.0271843 seconds
[Worker1] Imported GUID: 485daebcb9b4a264ba4f878081549056 - Path: Packages/com.unity.splines/Editor/Controls/DirectManipulation.cs - Importer: ScriptedImporter/UnityEditor.QuickSearchModule:UnityEditor.Search:ASIAI0B -> (ImportResultId: '8057c3ea315267959a3b201e79a1ae47') in 0.0308675 seconds
[Worker0] Imported GUID: bc9cc1da63a43a7448ada3165a11198d - Path: Assets/Input - Importer: ScriptedImporter/UnityEditor.QuickSearchModule:UnityEditor.Search:ASIAI0B -> (ImportResultId: '1517382686ec8a5648b88db2300829d4') in 0.0277149 seconds
[Worker1] Imported GUID: f5dc161b954c4dd6a149b642c8e53bf9 - Path: Packages/com.unity.splines/Editor/GUI/Editors/SplinePropertyDrawer.cs - Importer: ScriptedImporter/UnityEditor.QuickSearchModule:UnityEditor.Search:ASIAI0B -> (ImportResultId: '729095b9c9a716573f2c1a2d2423eee5') in 0.0284092 seconds
[Worker0] Imported GUID: 1186b8795dc3fc84e8ec53bd314d8e91 - Path: Packages/com.unity.cinemachine/Editor/Obsolete/CinemachinePOVEditor.cs - Importer: ScriptedImporter/UnityEditor.QuickSearchModule:UnityEditor.Search:ASIAI0B -> (ImportResultId: 'e36154723064d82493c8fa1a3850fc5f') in 0.028 seconds
[Worker2] Imported GUID: 2041023665614864eb4d91cfd69b2f83 - Path: Assets/Input/PlayerControls.inputactions - Importer: ScriptedImporter/UnityEditor.QuickSearchModule:UnityEditor.Search:ASIAI0B -> (ImportResultId: '2b13cb4197cf8b7558018846f4df4e7d') in 0.1736948 seconds
[Worker1] Imported GUID: 08c2d4950e5f2014dbf7d474c5987f47 - Path: Packages/com.unity.cinemachine/Editor/Editors/CinemachineFreeLookModifierEditor.cs - Importer: ScriptedImporter/UnityEditor.QuickSearchModule:UnityEditor.Search:ASIAI0B -> (ImportResultId: '05a91eb0f68f85ccf7664d276465b811') in 0.0296598 seconds
[Worker0] Imported GUID: 390265c3e834a4a7c804369abba00760 - Path: Packages/com.unity.cinemachine/Runtime/ThirdParty/clipper.cs - Importer: ScriptedImporter/UnityEditor.QuickSearchModule:UnityEditor.Search:ASIAI0B -> (ImportResultId: '1b372e5798796df54fdde70e48565f63') in 0.0278333 seconds
[Worker2] Imported GUID: a4f5990dfe3c40a2b2b9c51a7637f347 - Path: Packages/com.unity.splines/Runtime/BezierTangent.cs - Importer: ScriptedImporter/UnityEditor.QuickSearchModule:UnityEditor.Search:ASIAI0B -> (ImportResultId: '7dc3ebd778ac008d3b402e58839ce2b0') in 0.0299607 seconds
[Worker1] Imported GUID: 90eebaab98e4b44b0ba8c79821e554e1 - Path: Packages/com.unity.cinemachine/Runtime/Components/CinemachineSplineDolly.cs - Importer: ScriptedImporter/UnityEditor.QuickSearchModule:UnityEditor.Search:ASIAI0B -> (ImportResultId: '910ca2253bed75f75dadb942002ef106') in 0.0308425 seconds
[Worker2] Imported GUID: 22b1f48a2b5804151ae7f1171cc64c8c - Path: Packages/com.unity.cinemachine/Editor/EditorResources/Icons/Light/FarNearClip.png - Importer: ScriptedImporter/UnityEditor.QuickSearchModule:UnityEditor.Search:ASIAI0B -> (ImportResultId: '16315e211292bd30bbd0f22c8c7b90cc') in 0.0260255 seconds
[Worker0] Imported GUID: 7cd5c9cd9de00488ebbdd134c8a20a40 - Path: Packages/com.unity.cinemachine/Editor/EditorResources/Icons/Light/FollowOffset.png - Importer: ScriptedImporter/UnityEditor.QuickSearchModule:UnityEditor.Search:ASIAI0B -> (ImportResultId: '779fc96156f08165c88363f337533738') in 0.0261662 seconds
Reloading assemblies for play mode.
Reloading assemblies after forced synchronous recompile.
[Licensing::Client] Successfully resolved entitlement details
Begin MonoManager ReloadAssembly
'Packages/com.unity.cinemachine/Editor/Obsolete/CinemachineVirtualCameraBaseEditor.cs' contains partial class of Unity.Object, exactly 1 of the partial classes needs to be in a file with the same filename. This is to know the one that can be referenced from ie. GameObjects
'Packages/com.unity.cinemachine/Editor/Editors/CinemachineVirtualCameraBaseEditor.cs' contains partial class of Unity.Object, exactly 1 of the partial classes needs to be in a file with the same filename. This is to know the one that can be referenced from ie. GameObjects
Native extension for UWP target not found
Native extension for WindowsStandalone target not found
Native extension for OSXStandalone target not found
Native extension for WebGL target not found
ScheduleIndexationOnStartup MainProcess:True IndexOnStartup:True
[MODES] ModeService[none].Initialize
[MODES] ModeService[none].LoadModes
Mono: successfully reloaded assembly
- Finished resetting the current domain, in  1.549 seconds
Domain Reload Profiling: 2426ms
	BeginReloadAssembly (649ms)
		DisableScriptedObjects (105ms)
		CreateAndSetChildDomain (395ms)
	RebuildCommonClasses (7ms)
	RebuildNativeTypeToScriptingClass (11ms)
	initialDomainReloadingComplete (51ms)
	LoadAllAssembliesAndSetupDomain (159ms)
		LoadAssemblies (109ms)
		AnalyzeDomain (21ms)
			TypeCache.Refresh (9ms)
			ResolveRequiredComponents (8ms)
	FinalizeReload (1550ms)
		SetupLoadedEditorAssemblies (0ms)
			InitializePlatformSupportModulesInManaged (8ms)
			BeforeProcessingInitializeOnLoad (79ms)
			ProcessInitializeOnLoadAttributes (352ms)
			ProcessInitializeOnLoadMethodAttributes (127ms)
			AfterProcessingInitializeOnLoad (5ms)
		AwakeInstancesAfterBackupRestoration (563ms)
No restricted APIs configured; Validation skipped.
Checking 24 assemblies for restricted APIs found 0 usage(s) in 3 ms

Asset Pipeline Refresh (id=cf8439407369400429573cef7e3012f1): Total: 3.959 seconds - Initiated by StopAssetImportingV2(ForceSynchronousImport | ForceDomainReload)
	(Values over 0.05ms)
	Summary:
		Imports: total=0 (actual=0, local cache=0, cache server=0)
		Asset DB Process Time: managed=0 ms, native=1910 ms
		Asset DB Callback time: managed=686 ms, native=438 ms
		Scripting: domain reloads=1, domain reload time=921 ms, compile time=1 ms, other=0 ms
		Project Asset Count: scripts=1666, non-scripts=3264
		Asset File Changes: new=0, changed=0, moved=0, deleted=0
		Scan Filter Count: 0
	InvokePackagesCallback: 2.444ms
	ApplyChangesToAssetFolders: 0.315ms
	Collect global state as custom dependencies: 1.629ms
	ProcessAssetsWithTransientArtifactChanges: 174.472ms
	CategorizeAssets: 67.346ms
	CompileScripts: 1.255ms
	ImportOutOfDateAssets: 1617.203ms (1563.643ms without children)
		CollectScriptTypesHashes: 2.499ms
		ReloadNativeAssets: 1.386ms
		UnloadImportedAssets: 1.553ms
		EnsureUptoDateAssetsAreRegisteredWithGuidPM: 0.552ms
		ImportSchedulerStart: 50.050ms
	PostProcessAllAssets: 1110.768ms
		AssemblyValidation.PostprocessAllAssets 22.100ms
		PostProcessCallbackCreateDeferredMaterials 14.962ms
		PostprocessAssetsUpdateCachedIcon 14.534ms
		ShaderAssetModifiedCallback 12.231ms
		ComputeShaderImportPostprocess 8.762ms
		RaytracingShaderImportPostprocess 8.404ms
		BlockShaderImporter.PostprocessAllAssets 6.989ms
		SpeedTreeImporter.PostprocessAllAssets 6.305ms
		LocalizationDatabase.AssetDatabasePostprocessCallback 2.832ms
		XRBuildSystem.XRAssetImported 0.394ms
		MonoPostProcessAllAssets: 683.637ms
			SyncVS.PostprocessSyncProject 225.279ms
			ShaderGraphAssetPostProcessor.OnPostprocessAllAssets 179.484ms
			PostProcessor.OnPostprocessAllAssets 41.412ms
			VFXGraphPreprocessor.OnPostprocessAllAssets 31.190ms
			InputActionAssetPostprocessor.OnPostprocessAllAssets 30.038ms
			InputActionJsonNameModifierAssetProcessor.OnPostprocessAllAssets 28.055ms
			AssetPostprocessor.OnPostprocessAllAssets 26.907ms
			TextAssetPostProcessor.OnPostprocessAllAssets 21.226ms
			HDRenderPipelineGlobalSettingsPostprocessor.OnPostprocessAllAssets 14.045ms
			AssetChangedListener.OnPostprocessAllAssets 13.461ms
			BuilderAssetPostprocessor.OnPostprocessAllAssets 5.202ms
			SpeedTree9Postprocessor.OnPostprocessAllAssets 4.725ms
			RenderPipelineGlobalSettingsPostprocessor.OnPostprocessAllAssets 4.618ms
			MaterialPostprocessor.OnPostprocessAllAssets 3.416ms
			RetainedModeAssetPostprocessor.OnPostprocessAllAssets 1.928ms
			WindowAssetPostprocessingWatcher.OnPostprocessAllAssets 1.652ms
			ShaderReflectionAssetPostProcessor.OnPostprocessAllAssets 0.527ms
			StyleCatalogPostProcessor.OnPostprocessAllAssets 0.504ms
			AudioMixerPostprocessor.OnPostprocessAllAssets 0.448ms
			ArtifactBrowserPostProcessor.OnPostprocessAllAssets 0.447ms
			ProjectSettingsPostprocessor.OnPostprocessAllAssets 0.393ms
			SampleDependencyImporterPostProcessor.OnPostprocessAllAssets 0.358ms
			UVCSAssetPostprocessor.OnPostprocessAllAssets 0.339ms
			CinemachineSettings.OnPostprocessAllAssets 0.335ms
			ReferencedClipsPostProcessor.OnPostprocessAllAssets 0.326ms
			SpeedTreePostProcessor.OnPostprocessAllAssets 0.323ms
			DomainReloadProcessor.OnPostprocessAllAssets 0.300ms
			TMPro_TexturePostProcessor.OnPostprocessAllAssets 0.283ms
			SamplePostprocessor.OnPostprocessAllAssets 0.237ms
			AssetEvents.OnPostprocessAllAssets 0.234ms
			AssetDatabaseCallbacks.OnPostprocessAllAssets 0.161ms
			TerrainToolbarOverlayPostProcessor.OnPostprocessAllAssets 0.146ms
			ScenarioDriftAssetsTracker.OnPostprocessAllAssets 0.102ms
			ConfigAssetsTracker.OnPostprocessAllAssets 0.097ms
			AudioContainerPostProcessor.OnPostprocessAllAssets 0.064ms
	PostAssetChangesProfiler: 13.440ms
	GatherAllCurrentPrimaryImportResultRevisions: 0.219ms
	UnloadStreamsBegin: 1.385ms
	PersistCurrentRevisions: 0.144ms
	GenerateScriptTypeHashes: 3.592ms
	GenerateScriptTypeSerializationHashes: 6.242ms
	Untracked: 961.947ms

Loaded scene 'Temp/__Backupscenes/0.backup'
	Deserialize:            3.062 ms
	Integration:            254.674 ms
	Integration of assets:  0.005 ms
	Thread Wait Time:       0.006 ms
	Total Operation Time:   257.747 ms
[Licensing::Client] Successfully resolved entitlement details
[Licensing::Client] Successfully resolved entitlement details
[Licensing::Client] Successfully resolved entitlement details
Unloading 3 Unused Serialized files (Serialized files now loaded: 0)
Loaded scene 'Temp/__Backupscenes/0.backup'
	Deserialize:            1.694 ms
	Integration:            161.979 ms
	Integration of assets:  0.002 ms
	Thread Wait Time:       0.009 ms
	Total Operation Time:   163.685 ms
Unloading 7283 unused Assets / (8.8 MB). Loaded Objects now: 10412.
Memory consumption went from 0.84 GB to 0.83 GB.
Total: 18.439400 ms (FindLiveObjects: 0.725100 ms CreateObjectMapping: 3.121300 ms MarkObjects: 11.119800 ms  DeleteObjects: 3.472000 ms)

[Licensing::Client] Successfully resolved entitlement details
Scanning for USB devices : 6.694ms
Scanning for USB devices : 6.120ms
Scanning for USB devices : 7.182ms
Scanning for USB devices : 6.500ms
Scanning for USB devices : 6.392ms
Scanning for USB devices : 6.197ms
Asset Pipeline Refresh (id=0a878ebc1d10b5548923fe12b62764e3): Total: 0.010 seconds - Initiated by RefreshV2(AllowForceSynchronousImport)
Importing 'GUID: f2a6f8ea61444984b8acd1c499fe5c6a - Path: Assets/Prefabs/Teste Objects.prefab' with importer (PrefabImporter)
Imported 'GUID: f2a6f8ea61444984b8acd1c499fe5c6a' -> (Import Result ID: '48a1241a798738685fc06c8a048ef885') in 0.015 seconds [static and dynamic dependencies]. Details - ImportResultOutputID=3967d358e2d862d5b6f51e7f87a93e8f DependenciesID=832cbf20ac4c2aab2e1cf25682d2eec2 StaticDependenciesID=5c73fd0cfb37069d4a66af59eab392c5 
Asset Pipeline Refresh (id=bfac9c66f03c5f343bcca11f64284299): Total: 0.150 seconds - Initiated by StopAssetImportingV2(NoUpdateAssetOptions)
[Worker2] Imported GUID: f2a6f8ea61444984b8acd1c499fe5c6a - Path: Assets/Prefabs/Teste Objects.prefab - Importer: PreviewImporter -> (ImportResultId: '47f6402a72461445303b6b7494353cdf') in 1.3630836 seconds
Importing 'GUID: 3cd45d21f6c1bce4d92609ba7eaf9c13 - Path: Assets/Prefabs/Player/Player.prefab' with importer (PrefabImporter)
Imported 'GUID: 3cd45d21f6c1bce4d92609ba7eaf9c13' -> (Import Result ID: 'd29d3761ea82440e3363cc92a757e29a') in 0.012 seconds [static and dynamic dependencies]. Details - ImportResultOutputID=19e6601a6e0cab3e40ef777d6aa56f5c DependenciesID=5cceedc0df2ef1cef351d4404cc021e8 StaticDependenciesID=a17ec8a797a6e9aa77a5ee11b68688aa 
Asset Pipeline Refresh (id=064855c9ae7666249b7da747acfc549c): Total: 0.120 seconds - Initiated by StopAssetImportingV2(NoUpdateAssetOptions)
[Worker2] Imported GUID: 3cd45d21f6c1bce4d92609ba7eaf9c13 - Path: Assets/Prefabs/Player/Player.prefab - Importer: PreviewImporter -> (ImportResultId: 'c1aa33ffebfb5b0f77573a3ed2124423') in 0.0322958 seconds
Asset Pipeline Refresh (id=4d4ba96160e385641bd8cb9b01d1999e): Total: 0.011 seconds - Initiated by RefreshV2(AllowForceSynchronousImport)
[Licensing::Client] Successfully resolved entitlement details
[Licensing::Client] Successfully resolved entitlement details
[Licensing::Client] Successfully resolved entitlement details
[Licensing::Client] Successfully resolved entitlement details
[Licensing::Client] Successfully resolved entitlement details
[Licensing::Client] Successfully resolved entitlement details
[Licensing::Client] Successfully resolved entitlement details
[Licensing::Client] Successfully resolved entitlement details
[Licensing::Client] Successfully resolved entitlement details
[Licensing::Client] Successfully resolved entitlement details
[Licensing::Client] Successfully resolved entitlement details
[Licensing::Client] Successfully resolved entitlement details
[Licensing::Client] Successfully resolved entitlement details
[Licensing::Client] Successfully resolved entitlement details
[Licensing::Client] Successfully resolved entitlement details
[Licensing::Client] Successfully resolved entitlement details
[Licensing::Client] Successfully resolved entitlement details
[Licensing::Client] Successfully resolved entitlement details
[Licensing::Client] Successfully resolved entitlement details
[Licensing::Client] Successfully resolved entitlement details
[Licensing::Client] Successfully resolved entitlement details
[Licensing::Client] Successfully resolved entitlement details
Asset Pipeline Refresh (id=54d70b2d4ee2c7e44b9c7a157aa323db): Total: 0.005 seconds - Initiated by RefreshV2(AllowForceSynchronousImport)
[Licensing::Client] Successfully resolved entitlement details
Asset Pipeline Refresh (id=4c2667f2d1f69704db99d8cbcecbfeea): Total: 0.005 seconds - Initiated by RefreshV2(AllowForceSynchronousImport)
Asset Pipeline Refresh (id=b6741f26849d51a48809eeaedcc4f666): Total: 0.003 seconds - Initiated by RefreshV2(AllowForceSynchronousImport)
Asset Pipeline Refresh (id=f30fcdbcd37eac4449faa8cdb17cb4e4): Total: 0.003 seconds - Initiated by RefreshV2(AllowForceSynchronousImport)
Asset Pipeline Refresh (id=a10d3df83e9017449b1347d8a45c141b): Total: 0.005 seconds - Initiated by RefreshV2(AllowForceSynchronousImport)
[Worker2] Imported GUID: c718362a9eb442841aa81c616a3cd784 - Path: Assets/Scripts/UnityRuntime/IndustrialSim.UnityRuntime.asmdef - Importer: PreviewImporter -> (ImportResultId: 'ba179e14a000d51a8fb87024842863d6') in 0.0234609 seconds
Asset Pipeline Refresh (id=4a56f0d7bf4af5d4f8346f3993e1c371): Total: 0.006 seconds - Initiated by RefreshV2(AllowForceSynchronousImport)
[Licensing::Client] Successfully resolved entitlement details

[main 2026-08-06T16:17:23.306Z] StorageMainService: creating application shared storage
[main 2026-08-06T16:17:23.722Z] [shared storage] Creating shared storage database at 'c:\Users\saulo\.vscode-shared\sharedStorage\state.vscdb' (wasCreated: false)
[main 2026-08-06T16:17:23.723Z] [shared storage] Initializing fallback application storage (path: c:\Users\saulo\AppData\Roaming\Code\User\globalStorage\state.vscdb)
[main 2026-08-06T16:17:23.779Z] [shared storage] Fallback application storage initialized with 160 items
[main 2026-08-06T16:17:23.799Z] update#setState idle
(node:29492) [DEP0169] DeprecationWarning: `url.parse()` behavior is not standardized and prone to errors that have security implications. Use the WHATWG URL API instead. CVEs are not issued for `url.parse()` vulnerabilities.
(Use `Code --trace-deprecation ...` to show where the warning was created)
[main 2026-08-06T16:17:25.448Z] AgentHostProcessManager: agent host started
[main 2026-08-06T16:17:26.077Z] [AgentHost:stderr] (node:16128) [DEP0169] DeprecationWarning: `url.parse()` behavior is not standardized and prone to errors that have security implications. Use the WHATWG URL API instead. CVEs are not issued for `url.parse()` vulnerabilities.
(Use `Code --trace-deprecation ...` to show where the warning was created)

Unknown channel: agentHostClientProxy
Unknown channel: agentHostClientProxy
Asset Pipeline Refresh (id=3a284c6c806d14d45bcade5ca44cd262): Total: 0.005 seconds - Initiated by RefreshV2(AllowForceSynchronousImport)
[main 2026-08-06T16:17:28.930Z] Extension host with pid 24780 exited with code: 0, signal: unknown.
Asset Pipeline Refresh (id=3fd3a8d69339e964aac6a3b1b7252b98): Total: 0.003 seconds - Initiated by RefreshV2(AllowForceSynchronousImport)
[Worker2] Imported GUID: 9550f6b9c1ac87345a996c43f204fb30 - Path: Packages/com.unity.timeline/DocCodeExamples/DocCodeExamples.asmdef - Importer: PreviewImporter -> (ImportResultId: 'a19d5856cc82a8a23b8532a1815e31d3') in 0.025778 seconds
[Worker0] Imported GUID: 41b01d3964f844d8b43923c18b3a9a6f - Path: Packages/com.unity.inputsystem/DocCodeSamples.Tests/DocCodeSamples.asmdef - Importer: PreviewImporter -> (ImportResultId: 'ffac8c8c30fdcafa5883c9ae58d5a50f') in 0.0273948 seconds
[Worker2] Imported GUID: d1fecb7e41996c7468b18df518b721d9 - Path: Packages/com.unity.collections/DocCodeSamples.Tests/DocCodeSamples.Tests.asmdef - Importer: PreviewImporter -> (ImportResultId: '64760fbbb52c80e8839fe244fb478c3f') in 0.0246252 seconds
[Worker0] Imported GUID: 0701c31d90b4f6a4885e4b989889a427 - Path: Assets/Tests/EditMode/IndustrialSim.Core.Tests.asmdef - Importer: PreviewImporter -> (ImportResultId: '0b58bf69b18151ca009b4433ae0346d7') in 0.0262869 seconds
[Worker2] Imported GUID: eecdf9bdfcb2949619db458f3e24c5e2 - Path: Packages/com.unity.testtools.codecoverage/Editor/CoverageFormats/OpenCover/Mono.Reflection/Reflection.asmdef - Importer: PreviewImporter -> (ImportResultId: '63bf398bc18f9151ced6f9db30640960') in 0.023878 seconds
[Worker0] Imported GUID: 19c3df1967929405fba735480b3da9a7 - Path: Packages/com.unity.testtools.codecoverage/Editor/CoverageFormats/OpenCover/Model/Model.asmdef - Importer: PreviewImporter -> (ImportResultId: 'e1d73f3a37fd78327492c020bc0456ac') in 0.0241771 seconds
Starting new worker id: 5 with log in C:/Projetos/IC_Proccess_Simulation/Logs/AssetImportWorkerHW5.log
[Worker2] Imported GUID: ba8c092d026123a418fb4bfb797a7bd8 - Path: Packages/com.unity.cinemachine/Editor/Unity.Cinemachine.Editor.asmdef - Importer: PreviewImporter -> (ImportResultId: '7ffcc17a7b6917342b7a8e6b15a998d8') in 0.0242076 seconds
Starting new worker id: 6 with log in C:/Projetos/IC_Proccess_Simulation/Logs/AssetImportWorkerHW6.log
[Worker0] Imported GUID: 4f5c0c83dfd6a0743834baba2b4de79e - Path: Packages/com.unity.collections/Unity.Collections.BurstCompatibilityGen/Unity.Collections.BurstCompatibilityGen.asmdef - Importer: PreviewImporter -> (ImportResultId: '5c95aea9fa48497fc307522474d5c64a') in 0.1407297 seconds
[Worker0] Imported GUID: 5e96082520aa86a458e400b89afe93a4 - Path: Packages/com.unity.collections/Unity.Collections.Tests.Playmode/Unity.Collections.Tests.Playmode.asmdef - Importer: PreviewImporter -> (ImportResultId: 'cd1f76e05dc00c95b21517618903ca1a') in 0.0267417 seconds
Request Asset Garbage Collect because used heap size increased from 0.83 GB to 1.10 GB, exceeding the threshold of 256.0 MB.
[Worker2] Imported GUID: 17b36165d09634a48bf5a0e4bb27f4bd - Path: Packages/com.unity.collab-proxy/Editor/UnityInternals/Unity.CollabProxy.Editor.asmdef - Importer: PreviewImporter -> (ImportResultId: '31a9a9ba9fd5f13b35e5de1ca9936bed') in 0.0281817 seconds
Unloading 27 Unused Serialized files (Serialized files now loaded: 0)
[Worker2] Imported GUID: c668b7a00ffe56a498ddb1fc9f96f4e6 - Path: Packages/com.unity.collections/Unity.Collections.Editor/Unity.Collections.Editor.asmdef - Importer: PreviewImporter -> (ImportResultId: '1c76492606f94261e5d8931241e7aa10') in 0.0253419 seconds
[Worker0] Imported GUID: 8baa6eabecd47164e94a1eb92b18f394 - Path: Packages/com.unity.collections/Unity.Collections.CodeGen/Unity.Collections.CodeGen.asmdef - Importer: PreviewImporter -> (ImportResultId: '56db6aea7d438af73a78259c891c38f8') in 0.0270623 seconds
Unloading 32 unused Assets / (3.4 MB). Loaded Objects now: 10922.
Memory consumption went from 1.10 GB to 1.09 GB.
Total: 22.029900 ms (FindLiveObjects: 0.623600 ms CreateObjectMapping: 1.648100 ms MarkObjects: 18.827500 ms  DeleteObjects: 0.928500 ms)

[Worker2] Imported GUID: 64222b0d0713a412f92762e2fccd795a - Path: Packages/com.unity.collections/Unity.Collections.PerformanceTests/Unity.Collections.PerformanceTests.asmdef - Importer: PreviewImporter -> (ImportResultId: 'dd8b203b98e5b82057c5f3a7b0dfd187') in 0.0264152 seconds
[Worker0] Imported GUID: e0cd26848372d4e5c891c569017e11f1 - Path: Packages/com.unity.collections/Unity.Collections/Unity.Collections.asmdef - Importer: PreviewImporter -> (ImportResultId: 'bb2bba3010bc33380725a37fd74b066e') in 0.0261768 seconds
[Worker0] Imported GUID: ebbea1c70c20149eea64c53647a70872 - Path: Packages/com.unity.collections/Unity.Collections.Tests/Unity.Collections.Tests.asmdef - Importer: PreviewImporter -> (ImportResultId: '11b40a16302f91e6e56ed021fde9bda6') in 0.0248069 seconds
[Worker2] Imported GUID: 4307f53044263cf4b835bd812fc161a4 - Path: Packages/com.unity.cinemachine/Runtime/Unity.Cinemachine.asmdef - Importer: PreviewImporter -> (ImportResultId: 'fd7399c0079ae640bc86dfed59baca52') in 0.0266416 seconds
[Worker2] Imported GUID: d04eb9c554ad44ceab303cecf0c0cf82 - Path: Packages/com.unity.visualeffectgraph/Unity.VisualEffectGraph.Runtime.asmdef - Importer: PreviewImporter -> (ImportResultId: '4e478e573a874043b9e9003ccdcb4f6e') in 0.0290189 seconds
[Worker0] Imported GUID: 4efc780901275194582067357ece5e4b - Path: Packages/com.unity.visualeffectgraph/Tests/Runtime/Unity.VisualEffectGraph.Runtime.Tests.asmdef - Importer: PreviewImporter -> (ImportResultId: '138dd75651e7a8e2a3157cfc5da49317') in 0.030198 seconds
Worker ready: AssetImportWorkerHW6 6
Worker ready: AssetImportWorkerHW5 5
Asset Pipeline Refresh (id=dbd97725ea12a754789de700001dc9f6): Total: 0.004 seconds - Initiated by RefreshV2(AllowForceSynchronousImport)
[ScriptCompilation] Requested script compilation because: Assembly Definition File(s) changed
[ScriptCompilation] Requested script compilation because: AssetDatabase observed changes in script compilation related files
Importing 'GUID: c718362a9eb442841aa81c616a3cd784 - Path: Assets/Scripts/UnityRuntime/IndustrialSim.UnityRuntime.asmdef' with importer (AssemblyDefinitionImporter)
Imported 'GUID: c718362a9eb442841aa81c616a3cd784' -> (Import Result ID: '7bbef95130fcfb77a759df794eba7e93') in 0.002 seconds [static dependencies only]. Details - ImportResultOutputID=7510fb66ce5d2bb11871e8f0818c2bbf DependenciesID=84079f8d91925e2618d8ac7fb3b75bfd StaticDependenciesID=5c86f2ccebfa7e8a7e53c95540cbcead 

Asset Pipeline Refresh (id=81c763d6595a3fc4e885733dfe9b446b): Total: 0.356 seconds - Initiated by StopAssetImportingV2(NoUpdateAssetOptions)
	(Values over 0.05ms)
	Summary:
		Imports: total=1 (actual=1, local cache=0, cache server=0)
		Asset DB Process Time: managed=0 ms, native=164 ms
		Asset DB Callback time: managed=120 ms, native=70 ms
		Scripting: domain reloads=0, domain reload time=0 ms, compile time=1 ms, other=0 ms
		Project Asset Count: scripts=1666, non-scripts=3266
		Asset File Changes: new=0, changed=1, moved=0, deleted=0
		Scan Filter Count: 4
	ApplyChangesToAssetFolders: 0.115ms
	Scan: 11.676ms
	Collect global state as custom dependencies: 0.052ms
	ProcessAssetsWithTransientArtifactChanges: 0.061ms
	CategorizeAssets: 35.096ms
	CompileScripts: 0.587ms
	ImportOutOfDateAssets: 63.122ms (8.529ms without children)
		ImportManagerImport: 7.481ms (0.210ms without children)
		UnloadImportedAssets: 0.886ms
		ReloadImportedAssets: 4.220ms
		EnsureUptoDateAssetsAreRegisteredWithGuidPM: 0.442ms
		ImportSchedulerStart: 45.733ms
	PostProcessAllAssets: 181.962ms
		LocalizationDatabase.AssetDatabasePostprocessCallback 54.369ms
		AssemblyValidation.PostprocessAllAssets 4.792ms
		XRBuildSystem.XRAssetImported 2.366ms
		MonoPostProcessAllAssets: 120.284ms
			SyncVS.PostprocessSyncProject 119.249ms
			AssetChangedListener.OnPostprocessAllAssets 0.506ms
			ShaderGraphAssetPostProcessor.OnPostprocessAllAssets 0.105ms
			AssetPostprocessor.OnPostprocessAllAssets 0.061ms
			RenderPipelineGlobalSettingsPostprocessor.OnPostprocessAllAssets 0.053ms
	PostAssetChangesProfiler: 8.991ms
	GatherAllCurrentPrimaryImportResultRevisions: 0.179ms
	PersistCurrentRevisions: 0.198ms
	Untracked: 53.961ms

[ScriptCompilation] Requested script compilation because: Assembly Definition File(s) changed
[ScriptCompilation] Requested script compilation because: AssetDatabase observed changes in script compilation related files
Importing 'GUID: c718362a9eb442841aa81c616a3cd784 - Path: Assets/Scripts/UnityRuntime/IndustrialSim.UnityRuntime.asmdef' with importer (AssemblyDefinitionImporter)
Imported 'GUID: c718362a9eb442841aa81c616a3cd784' -> (Import Result ID: '7bbef95130fcfb77a759df794eba7e93') in 0.001 seconds [static dependencies only]. Details - ImportResultOutputID=7510fb66ce5d2bb11871e8f0818c2bbf DependenciesID=84079f8d91925e2618d8ac7fb3b75bfd StaticDependenciesID=5c86f2ccebfa7e8a7e53c95540cbcead 
Asset Pipeline Refresh (id=4be8b361e2d60134ab898a17f615593f): Total: 0.173 seconds - Initiated by StopAssetImportingV2(NoUpdateAssetOptions)
Assembly for Assembly Definition File 'Assets/Tests/PlayMode/IndustrialSim.PlayMode.Tests.asmdef' will not be compiled, because it has no scripts associated with it.
UnityEngine.Debug:ExtractStackTraceNoAlloc (byte*,int,string)
UnityEngine.StackTraceUtility:ExtractStackTrace ()
UnityEngine.DebugLogHandler:Internal_Log (UnityEngine.LogType,UnityEngine.LogOption,string,UnityEngine.Object)
UnityEngine.DebugLogHandler:LogFormat (UnityEngine.LogType,UnityEngine.Object,string,object[])
UnityEngine.Logger:LogFormat (UnityEngine.LogType,string,object[])
UnityEngine.Debug:LogWarningFormat (string,object[])
UnityEditor.Scripting.ScriptCompilation.EditorCompilation:WarnIfThereAreAssembliesWithoutAnyScripts (UnityEditor.Scripting.ScriptCompilation.ScriptAssemblySettings,UnityEditor.Scripting.ScriptCompilation.ScriptAssembly[])
UnityEditor.Scripting.ScriptCompilation.EditorCompilation:CompileScriptsWithSettings (UnityEditor.Scripting.ScriptCompilation.ScriptAssemblySettings)
UnityEditor.Scripting.ScriptCompilation.EditorCompilation:CompileScripts (UnityEditor.Scripting.ScriptCompilation.EditorScriptCompilationOptions,UnityEditor.BuildTarget,int,string[])
UnityEditor.Scripting.ScriptCompilation.EditorCompilation:TickCompilationPipeline (UnityEditor.Scripting.ScriptCompilation.EditorScriptCompilationOptions,UnityEditor.BuildTarget,int,string[],bool)
UnityEditor.Scripting.ScriptCompilation.EditorCompilationInterface:TickCompilationPipeline (UnityEditor.Scripting.ScriptCompilation.EditorScriptCompilationOptions,UnityEditor.BuildTarget,int,string[],bool)

info: Microsoft.AspNetCore.Hosting.Diagnostics[1]
      Request starting HTTP/2 POST http://ilpp/UnityILPP.PostProcessing/Ping - application/grpc -
info: Microsoft.AspNetCore.Routing.EndpointMiddleware[0]
      Executing endpoint 'gRPC - /UnityILPP.PostProcessing/Ping'
info: Microsoft.AspNetCore.Routing.EndpointMiddleware[1]
      Executed endpoint 'gRPC - /UnityILPP.PostProcessing/Ping'
info: Microsoft.AspNetCore.Hosting.Diagnostics[2]
      Request finished HTTP/2 POST http://ilpp/UnityILPP.PostProcessing/Ping - 200 - application/grpc 1.3127ms
Starting: C:\Program Files\Unity\Hub\Editor\6000.5.1f1\Editor\Data\Tools\BuildPipeline\bee_backend.exe --ipc --defer-dag-verification --dagfile="Library/Bee/1900b0aE.dag" --continue-on-failure --profile="Library/Bee/backend1.traceevents" ScriptAssemblies
WorkingDir: C:/Projetos/IC_Proccess_Simulation
info: Microsoft.AspNetCore.Hosting.Diagnostics[1]
      Request starting HTTP/2 POST http://ilpp/UnityILPP.PostProcessing/ConfigurePostProcessors - application/grpc -
info: Microsoft.AspNetCore.Routing.EndpointMiddleware[0]
      Executing endpoint 'gRPC - /UnityILPP.PostProcessing/ConfigurePostProcessors'
info: Unity.ILPP.Runner.PostProcessingAssemblyLoadContext[0]
      Current configuration matches the requested one, skipping
info: Microsoft.AspNetCore.Routing.EndpointMiddleware[1]
      Executed endpoint 'gRPC - /UnityILPP.PostProcessing/ConfigurePostProcessors'
info: Microsoft.AspNetCore.Hosting.Diagnostics[2]
      Request finished HTTP/2 POST http://ilpp/UnityILPP.PostProcessing/ConfigurePostProcessors - 200 - application/grpc 1.7753ms
ExitCode: 4 Duration: 0s281ms
Rebuilding DAG because FileSignature timestamp changed: Library/Bee/1900b0aE-inputdata.json
[746/954    0s] ILPP-Configuration Library/ilpp-configuration.nevergeneratedoutput
*** Tundra requires additional run (0.18 seconds), 1 items updated, 745 evaluated
Starting: C:\Program Files\Unity\Hub\Editor\6000.5.1f1\Editor\Data\netcorerun\netcorerun.exe "C:\Program Files\Unity\Hub\Editor\6000.5.1f1\Editor\Data\Tools\BuildPipeline\ScriptCompilationBuildProgram.exe" "Library/Bee/1900b0aE.dag.json" "Library/Bee/1900b0aE-inputdata.json" "Library\Bee\buildprogram0.traceevents"
WorkingDir: C:/Projetos/IC_Proccess_Simulation
ExitCode: 0 Duration: 8s99ms
Starting: C:\Program Files\Unity\Hub\Editor\6000.5.1f1\Editor\Data\Tools\BuildPipeline\bee_backend.exe --ipc --defer-dag-verification --dagfile="Library/Bee/1900b0aE.dag" --continue-on-failure --dagfilejson="Library\Bee\1900b0aE.dag.json" --profile="Library/Bee/backend2.traceevents" ScriptAssemblies
WorkingDir: C:/Projetos/IC_Proccess_Simulation
[Worker2] Imported GUID: c718362a9eb442841aa81c616a3cd784 - Path: Assets/Scripts/UnityRuntime/IndustrialSim.UnityRuntime.asmdef - Importer: ScriptedImporter/UnityEditor.QuickSearchModule:UnityEditor.Search:ASIAI0B -> (ImportResultId: 'a89f22b005c4ee09bcf17b2f89e0595a') in 0.0828147 seconds
info: Microsoft.AspNetCore.Hosting.Diagnostics[1]
      Request starting HTTP/2 POST http://ilpp/UnityILPP.PostProcessing/ConfigurePostProcessors - application/grpc -
info: Microsoft.AspNetCore.Routing.EndpointMiddleware[0]
      Executing endpoint 'gRPC - /UnityILPP.PostProcessing/ConfigurePostProcessors'
info: Unity.ILPP.Runner.PostProcessingAssemblyLoadContext[0]
      Current configuration matches the requested one, skipping
info: Microsoft.AspNetCore.Routing.EndpointMiddleware[1]
      Executed endpoint 'gRPC - /UnityILPP.PostProcessing/ConfigurePostProcessors'
info: Microsoft.AspNetCore.Hosting.Diagnostics[2]
      Request finished HTTP/2 POST http://ilpp/UnityILPP.PostProcessing/ConfigurePostProcessors - 200 - application/grpc 0.7541ms
[Worker0] Imported GUID: 3cd45d21f6c1bce4d92609ba7eaf9c13 - Path: Assets/Prefabs/Player/Player.prefab - Importer: ScriptedImporter/UnityEditor.QuickSearchModule:UnityEditor.Search:ASIAI0B -> (ImportResultId: '648fe850b108ad8159c517aa1b5c4b29') in 0.5611749 seconds
Importing 'GUID: eaf43ee8703584945ac42222c8ad424d - Path: Assets/Materials' with importer (DefaultImporter)
Imported 'GUID: eaf43ee8703584945ac42222c8ad424d' -> (Import Result ID: '55aa78b49ba4167ea1a691208cdcd3cc') in 0.008 seconds [static dependencies only]. Details - ImportResultOutputID=8d15f7d48c0cbb03a9d3bef3f787ec2f DependenciesID=3f2daba20bd546e8a02c60f757557b1e StaticDependenciesID=2deceac5ceafbfd1f68ab9663f9be3e8 

Asset Pipeline Refresh (id=29451e706c2791a4e993709899e845ea): Total: 0.753 seconds - Initiated by StopAssetImportingV2(NoUpdateAssetOptions)
	(Values over 0.05ms)
	Summary:
		Imports: total=1 (actual=1, local cache=0, cache server=0)
		Asset DB Process Time: managed=0 ms, native=746 ms
		Asset DB Callback time: managed=4 ms, native=2 ms
		Scripting: domain reloads=0, domain reload time=0 ms, compile time=0 ms, other=0 ms
		Project Asset Count: scripts=1667, non-scripts=3266
		Asset File Changes: new=1, changed=1, moved=0, deleted=0
		Scan Filter Count: 2
	ApplyChangesToAssetFolders: 0.116ms
	Scan: 7.619ms
	Collect global state as custom dependencies: 0.051ms
	OnSourceAssetsModified: 0.116ms
	ProcessAssetsWithTransientArtifactChanges: 0.117ms
	CategorizeAssets: 41.334ms
	ImportOutOfDateAssets: 296.933ms (7.412ms without children)
		ImportManagerImport: 238.436ms (0.213ms without children)
		UnloadImportedAssets: 0.180ms
		EnsureUptoDateAssetsAreRegisteredWithGuidPM: 0.736ms
		ImportSchedulerStart: 50.116ms
	PostProcessAllAssets: 2.079ms
		XRBuildSystem.XRAssetImported 0.361ms
		MonoPostProcessAllAssets: 1.469ms
			SyncVS.PostprocessSyncProject 0.756ms
			AssetChangedListener.OnPostprocessAllAssets 0.209ms
			ShaderGraphAssetPostProcessor.OnPostprocessAllAssets 0.094ms
			RenderPipelineGlobalSettingsPostprocessor.OnPostprocessAllAssets 0.062ms
			AssetPostprocessor.OnPostprocessAllAssets 0.056ms
	PostAssetChangesProfiler: 4.952ms
	GatherAllCurrentPrimaryImportResultRevisions: 0.197ms
	PersistCurrentRevisions: 0.202ms
	Untracked: 399.652ms

[Worker2] Imported GUID: eaf43ee8703584945ac42222c8ad424d - Path: Assets/Materials - Importer: PreviewImporter -> (ImportResultId: 'b05503a7d275e506347efdbe31078769') in 0.0271655 seconds
[Worker2] Imported GUID: eaf43ee8703584945ac42222c8ad424d - Path: Assets/Materials - Importer: ScriptedImporter/UnityEditor.QuickSearchModule:UnityEditor.Search:ASIAI0B -> (ImportResultId: 'f70bf8377bc613d8c56d119abc9b87d1') in 0.0273458 seconds
info: Microsoft.AspNetCore.Hosting.Diagnostics[1]
      Request starting HTTP/2 POST http://ilpp/UnityILPP.PostProcessing/PostProcessAssembly - application/grpc -
info: Microsoft.AspNetCore.Routing.EndpointMiddleware[0]
      Executing endpoint 'gRPC - /UnityILPP.PostProcessing/PostProcessAssembly'
info: Unity.ILPP.Runner.PostProcessingPipeline[0]
      Processing assembly Library/Bee/artifacts/1900b0aE.dag/IndustrialSim.UnityRuntime.dll, with 143 defines and 303 references
info: Unity.ILPP.Runner.PostProcessingPipeline[0]
      processors: Unity.Jobs.CodeGen.JobsILPostProcessor, zzzUnity.Burst.CodeGen.BurstILPostProcessor
info: Unity.ILPP.Runner.PostProcessingPipeline[0]
      running Unity.Jobs.CodeGen.JobsILPostProcessor
info: Unity.ILPP.Runner.PostProcessingPipeline[0]
      running zzzUnity.Burst.CodeGen.BurstILPostProcessor
info: Microsoft.AspNetCore.Routing.EndpointMiddleware[1]
      Executed endpoint 'gRPC - /UnityILPP.PostProcessing/PostProcessAssembly'
info: Microsoft.AspNetCore.Hosting.Diagnostics[2]
      Request finished HTTP/2 POST http://ilpp/UnityILPP.PostProcessing/PostProcessAssembly - 200 - application/grpc 107.0714ms
ExitCode: 0 Duration: 4s480ms
Finished compiling graph: 957 nodes, 18253 flattened edges (15585 ToBuild, 150 ToUse), maximum node priority 1016
[537/954    0s] WriteText Library/Bee/artifacts/1900b0aE.dag/IndustrialSim.UnityRuntime.dll.mvfrm.rsp
[538/954    0s] WriteText Library/Bee/artifacts/1900b0aE.dag/IndustrialSim.UnityRuntime.rsp
[539/954    0s] WriteResponseFile Library/Bee/artifacts/rsp/14891791737140642749.rsp
[744/954    0s] ILPP-Configuration Library/ilpp-configuration.nevergeneratedoutput
[949/954    1s] MovedFromExtractor-Combine Library/Bee/artifacts/1900b0aE.dag/IndustrialSim.UnityRuntime.dll.mvfrm
[950/954    2s] Csc Library/Bee/artifacts/1900b0aE.dag/IndustrialSim.UnityRuntime.dll (+2 others)
[951/954    0s] ILPostProcess Library/Bee/artifacts/1900b0aE.dag/post-processed/IndustrialSim.UnityRuntime.dll (+pdb)
Processing assembly Library/Bee/artifacts/1900b0aE.dag/IndustrialSim.UnityRuntime.dll, with 143 defines and 303 references

processors: Unity.Jobs.CodeGen.JobsILPostProcessor, zzzUnity.Burst.CodeGen.BurstILPostProcessor

running Unity.Jobs.CodeGen.JobsILPostProcessor

running zzzUnity.Burst.CodeGen.BurstILPostProcessor
[952/954    0s] CopyFiles Library/ScriptAssemblies/IndustrialSim.UnityRuntime.pdb
[953/954    0s] CopyFiles Library/ScriptAssemblies/IndustrialSim.UnityRuntime.dll
*** Tundra build success (4.45 seconds), 9 items updated, 954 evaluated
Reloading assemblies after forced synchronous recompile.
Begin MonoManager ReloadAssembly
Total cache size 134027684
Total cache size after purge 134027684, took 00:00:00.3455264
Native extension for UWP target not found
Native extension for WindowsStandalone target not found
Native extension for OSXStandalone target not found
Native extension for WebGL target not found
[MODES] ModeService[none].Initialize
[MODES] ModeService[none].LoadModes
ScheduleIndexationOnStartup MainProcess:True IndexOnStartup:True
Mono: successfully reloaded assembly
- Finished resetting the current domain, in  1.725 seconds
Domain Reload Profiling: 3030ms
	BeginReloadAssembly (879ms)
		DisableScriptedObjects (147ms)
		CreateAndSetChildDomain (465ms)
	RebuildCommonClasses (8ms)
	RebuildNativeTypeToScriptingClass (11ms)
	initialDomainReloadingComplete (51ms)
	LoadAllAssembliesAndSetupDomain (355ms)
		LoadAssemblies (118ms)
		AnalyzeDomain (206ms)
			TypeCache.Refresh (11ms)
			BuildScriptInfoCaches (186ms)
			ResolveRequiredComponents (8ms)
	FinalizeReload (1726ms)
		SetupLoadedEditorAssemblies (0ms)
			InitializePlatformSupportModulesInManaged (9ms)
			BeforeProcessingInitializeOnLoad (163ms)
			ProcessInitializeOnLoadAttributes (333ms)
			ProcessInitializeOnLoadMethodAttributes (128ms)
			AfterProcessingInitializeOnLoad (5ms)
		AwakeInstancesAfterBackupRestoration (471ms)

Asset Pipeline Refresh (id=ff9f57d5990fe934ab8a5efb498877d4): Total: 3.512 seconds - Initiated by RefreshV2(AllowForceSynchronousImport)
	(Values over 0.05ms)
	Summary:
		Imports: total=0 (actual=0, local cache=0, cache server=0)
		Asset DB Process Time: managed=0 ms, native=1903 ms
		Asset DB Callback time: managed=41 ms, native=0 ms
		Scripting: domain reloads=1, domain reload time=1377 ms, compile time=189 ms, other=0 ms
		Project Asset Count: scripts=1667, non-scripts=3266
		Asset File Changes: new=0, changed=0, moved=0, deleted=0
		Scan Filter Count: 0
	InvokePackagesCallback: 1.596ms
	ApplyChangesToAssetFolders: 0.325ms
	Scan: 5.573ms
	Collect global state as custom dependencies: 1.942ms
	ProcessAssetsWithTransientArtifactChanges: 4.922ms
	CategorizeAssets: 65.404ms
	CompileScripts: 188.980ms
	ImportOutOfDateAssets: 1787.662ms (1739.443ms without children)
		CollectScriptTypesHashes: 5.939ms
		ReloadNativeAssets: 1.423ms
		UnloadImportedAssets: 0.139ms
		EnsureUptoDateAssetsAreRegisteredWithGuidPM: 0.549ms
		ImportSchedulerStart: 46.086ms
	PostProcessAllAssets: 41.631ms
		MonoPostProcessAllAssets: 41.626ms
			HDRenderPipelineGlobalSettingsPostprocessor.OnPostprocessAllAssets 13.329ms
			SyncVS.PostprocessSyncProject 12.041ms
			SpeedTree9Postprocessor.OnPostprocessAllAssets 2.653ms
			WindowAssetPostprocessingWatcher.OnPostprocessAllAssets 1.878ms
			RenderPipelineGlobalSettingsPostprocessor.OnPostprocessAllAssets 0.923ms
			CinemachineSettings.OnPostprocessAllAssets 0.449ms
			ReferencedClipsPostProcessor.OnPostprocessAllAssets 0.412ms
			ShaderReflectionAssetPostProcessor.OnPostprocessAllAssets 0.373ms
			ProjectSettingsPostprocessor.OnPostprocessAllAssets 0.365ms
			InputActionAssetPostprocessor.OnPostprocessAllAssets 0.319ms
			TerrainToolbarOverlayPostProcessor.OnPostprocessAllAssets 0.262ms
			DomainReloadProcessor.OnPostprocessAllAssets 0.234ms
			AssetChangedListener.OnPostprocessAllAssets 0.209ms
			AssetDatabaseCallbacks.OnPostprocessAllAssets 0.148ms
			ShaderGraphAssetPostProcessor.OnPostprocessAllAssets 0.094ms
			AssetPostprocessor.OnPostprocessAllAssets 0.056ms
	GatherAllCurrentPrimaryImportResultRevisions: 0.252ms
	UnloadStreamsBegin: 2.194ms
	PersistCurrentRevisions: 0.136ms
	GenerateScriptTypeHashes: 2.656ms
	GenerateScriptTypeSerializationHashes: 4.804ms
	Untracked: 1402.411ms

[Licensing::Client] Successfully resolved entitlement details
[Licensing::Client] Successfully resolved entitlement details
Asset Pipeline Refresh (id=d9c67a1bd46409b408d14194e953e7b9): Total: 0.004 seconds - Initiated by RefreshV2(AllowForceSynchronousImport)
[Licensing::Client] Successfully resolved entitlement details
Importing 'GUID: 9e9ba91141f0d4540a8a74adbe6e32be - Path: Assets/Shaders' with importer (DefaultImporter)
Imported 'GUID: 9e9ba91141f0d4540a8a74adbe6e32be' -> (Import Result ID: '7b326d3f559e34fbe5c205499e9de1c8') in 0.011 seconds [static dependencies only]. Details - ImportResultOutputID=05f407d56745838cd4c5605a0845ffb1 DependenciesID=b55ed91e56c28f0e2d334c6358ac8e5e StaticDependenciesID=7ce722ac09cd241e777eef656685944a 
Asset Pipeline Refresh (id=842429a12193c4448a2bfa7ebeec2c4b): Total: 0.152 seconds - Initiated by StopAssetImportingV2(NoUpdateAssetOptions)
[Worker5] Imported GUID: 9e9ba91141f0d4540a8a74adbe6e32be - Path: Assets/Shaders - Importer: PreviewImporter -> (ImportResultId: '0e5c61dfbfa112742e0a122e757016a6') in 0.0281772 seconds
Asset Pipeline Refresh (id=44af0f4c04ebf5d4ab06e9e5cf72b22d): Total: 0.009 seconds - Initiated by RefreshV2(AllowForceSynchronousImport)
[Worker2] Imported GUID: 9e9ba91141f0d4540a8a74adbe6e32be - Path: Assets/Shaders - Importer: ScriptedImporter/UnityEditor.QuickSearchModule:UnityEditor.Search:ASIAI0B -> (ImportResultId: '2af585b12c02f058dd244cb5a97b0fe0') in 0.0678384 seconds
Importing 'GUID: 030cb4cf28ef16f41a0c46d344cdcfc6 - Path: Assets/Shaders/Liquids' with importer (DefaultImporter)
Imported 'GUID: 030cb4cf28ef16f41a0c46d344cdcfc6' -> (Import Result ID: 'fb9bb9879d375600eec0190ac1f61b0c') in 0.010 seconds [static dependencies only]. Details - ImportResultOutputID=696585826d132e191fa209803f1ebef2 DependenciesID=3404a7b581f0fbb412a63efdcd89097d StaticDependenciesID=5861eaeb8b1762642ce74649e60f4161 
Asset Pipeline Refresh (id=27a6076a737a04740a37d72701624ca6): Total: 0.114 seconds - Initiated by StopAssetImportingV2(NoUpdateAssetOptions)
[Worker2] Imported GUID: 030cb4cf28ef16f41a0c46d344cdcfc6 - Path: Assets/Shaders/Liquids - Importer: PreviewImporter -> (ImportResultId: '929cc403300fd8baaf8d74af760b5f67') in 0.0330836 seconds
[Worker2] Imported GUID: 030cb4cf28ef16f41a0c46d344cdcfc6 - Path: Assets/Shaders/Liquids - Importer: ScriptedImporter/UnityEditor.QuickSearchModule:UnityEditor.Search:ASIAI0B -> (ImportResultId: 'd0d31250235d994f591c9931b89548ef') in 0.029369 seconds
Asset Pipeline Refresh (id=bf3c1fdac4699b2458cb782e88e92a48): Total: 0.010 seconds - Initiated by RefreshV2(AllowForceSynchronousImport)
[Worker2] Imported GUID: bc9cc1da63a43a7448ada3165a11198d - Path: Assets/Input - Importer: PreviewImporter -> (ImportResultId: 'dbc4a651f6e1a96b544244f20c59a794') in 0.0254877 seconds
Importing 'GUID: ea00bf93ba5f0f14293df59d55c174e2 - Path: Assets/VFX' with importer (DefaultImporter)
Imported 'GUID: ea00bf93ba5f0f14293df59d55c174e2' -> (Import Result ID: 'c003ec36832659cac8d5d2d8bc007ee0') in 0.010 seconds [static dependencies only]. Details - ImportResultOutputID=3afaaf4b7d07f7555ca69518a724baf5 DependenciesID=0da93b1d734f223d633b8f08554488c3 StaticDependenciesID=e001651dfbabb730f2af45f8d82501be 
Refreshing native plugins compatible for Editor in 2.81 ms, found 4 plugins.
Asset Pipeline Refresh (id=3f59c7052a896bd4a896306e61ae9996): Total: 0.114 seconds - Initiated by StopAssetImportingV2(NoUpdateAssetOptions)
[Worker2] Imported GUID: ea00bf93ba5f0f14293df59d55c174e2 - Path: Assets/VFX - Importer: PreviewImporter -> (ImportResultId: 'e1422894a94625c95fef39329a14cd45') in 0.0235004 seconds
[Worker2] Imported GUID: ea00bf93ba5f0f14293df59d55c174e2 - Path: Assets/VFX - Importer: ScriptedImporter/UnityEditor.QuickSearchModule:UnityEditor.Search:ASIAI0B -> (ImportResultId: '52a40faee426cc91d9df3be171b5a139') in 0.0271107 seconds
Asset Pipeline Refresh (id=a074cfd8878f4ba469d6d339b0847c98): Total: 0.010 seconds - Initiated by RefreshV2(AllowForceSynchronousImport)
Importing 'GUID: ef7e5b544d636c1448ee36b194031fc1 - Path: Assets/Materials/Liquids' with importer (DefaultImporter)
Imported 'GUID: ef7e5b544d636c1448ee36b194031fc1' -> (Import Result ID: 'c1eeef705790c5bbb4e0241671667281') in 0.007 seconds [static dependencies only]. Details - ImportResultOutputID=4bb066d76f6b3580f19d5e71a44bc050 DependenciesID=c61c95551dd580853c7ce89a14bee09e StaticDependenciesID=f981d58a0823b4b141787bab96b96ebe 
Asset Pipeline Refresh (id=fe896e0e48d91fd4782f7409bc319c08): Total: 0.105 seconds - Initiated by StopAssetImportingV2(NoUpdateAssetOptions)
[Worker2] Imported GUID: ef7e5b544d636c1448ee36b194031fc1 - Path: Assets/Materials/Liquids - Importer: PreviewImporter -> (ImportResultId: '69f78b68d5691ad06361f604de77884c') in 0.0255955 seconds
[Worker2] Imported GUID: ef7e5b544d636c1448ee36b194031fc1 - Path: Assets/Materials/Liquids - Importer: ScriptedImporter/UnityEditor.QuickSearchModule:UnityEditor.Search:ASIAI0B -> (ImportResultId: '9be8dcf3c90305c72f989c8d377d98bc') in 0.0274064 seconds
Asset Pipeline Refresh (id=ee6e9508d7608e94291979e7ea9a3651): Total: 0.010 seconds - Initiated by RefreshV2(AllowForceSynchronousImport)
Importing 'GUID: bdbb68d10b015b5478c4f440df6e0e65 - Path: Assets/VFX/Liquids' with importer (DefaultImporter)
Imported 'GUID: bdbb68d10b015b5478c4f440df6e0e65' -> (Import Result ID: '029604c367186ac655cbee870a9adde8') in 0.009 seconds [static dependencies only]. Details - ImportResultOutputID=f822195f1c0541774405de8754d92eaf DependenciesID=aea3aab6bc9a278be530815b6ba4a887 StaticDependenciesID=1157394c0ee54155eeaee89b0e0beac1 
Asset Pipeline Refresh (id=632f22c8c357974428b39e77fd95c6f7): Total: 0.108 seconds - Initiated by StopAssetImportingV2(NoUpdateAssetOptions)
[Worker2] Imported GUID: bdbb68d10b015b5478c4f440df6e0e65 - Path: Assets/VFX/Liquids - Importer: PreviewImporter -> (ImportResultId: '001f69e8d22b5573f4cb11cafd5b1750') in 0.0266979 seconds
[Worker2] Imported GUID: bdbb68d10b015b5478c4f440df6e0e65 - Path: Assets/VFX/Liquids - Importer: ScriptedImporter/UnityEditor.QuickSearchModule:UnityEditor.Search:ASIAI0B -> (ImportResultId: 'aebed0bb06e381f267a3e8f9e340ec7c') in 0.0263854 seconds
Asset Pipeline Refresh (id=3ae349afb9d26b3408f0c0ad34dec52c): Total: 0.010 seconds - Initiated by RefreshV2(AllowForceSynchronousImport)
Importing 'GUID: f6f8c25324162f24587ec98530753f36 - Path: Assets/Scripts/UnityRuntime/Visualization' with importer (DefaultImporter)
Imported 'GUID: f6f8c25324162f24587ec98530753f36' -> (Import Result ID: '77af11f9ba80b1d4ad7342b81ec7215d') in 0.007 seconds [static dependencies only]. Details - ImportResultOutputID=f5ecce3d72968de50033ec2a52996726 DependenciesID=6c20771e2749e9ad71be07bc8cbf2b60 StaticDependenciesID=8b511cabe52b59325ff0473df4ca35ae 
Asset Pipeline Refresh (id=0f0fe7de4d46a454091847b96bbb7dad): Total: 0.106 seconds - Initiated by StopAssetImportingV2(NoUpdateAssetOptions)
[Worker2] Imported GUID: f6f8c25324162f24587ec98530753f36 - Path: Assets/Scripts/UnityRuntime/Visualization - Importer: PreviewImporter -> (ImportResultId: '9c37948f04e2241f562cf5e48b3eeff5') in 0.0271575 seconds
[Worker2] Imported GUID: f6f8c25324162f24587ec98530753f36 - Path: Assets/Scripts/UnityRuntime/Visualization - Importer: ScriptedImporter/UnityEditor.QuickSearchModule:UnityEditor.Search:ASIAI0B -> (ImportResultId: '21364e8ebaa6bce6fdfb923bb9c64594') in 0.0279843 seconds
Asset Pipeline Refresh (id=bd91d338d65a69f45ac1dcfb42a7bd9a): Total: 0.010 seconds - Initiated by RefreshV2(AllowForceSynchronousImport)
Importing 'GUID: 19d0474303899974e8f06efaa0fc81eb - Path: Assets/Scripts/UnityRuntime/Visualization/Water' with importer (DefaultImporter)
Imported 'GUID: 19d0474303899974e8f06efaa0fc81eb' -> (Import Result ID: 'ad6d200d21751663820215ef1a985957') in 0.009 seconds [static dependencies only]. Details - ImportResultOutputID=8a5d7950866846e4de5a9dbfb3eb1dc5 DependenciesID=a82e0ec75a4ad897b6062831eb1f9ab2 StaticDependenciesID=de4b649f6f5ed9a0bc59edca2c628bb1 
Asset Pipeline Refresh (id=bc40123fc80f5f94f96788e11b81bf97): Total: 0.108 seconds - Initiated by StopAssetImportingV2(NoUpdateAssetOptions)
[Worker2] Imported GUID: 19d0474303899974e8f06efaa0fc81eb - Path: Assets/Scripts/UnityRuntime/Visualization/Water - Importer: PreviewImporter -> (ImportResultId: 'd2d6ab5a16e896e96d2a366c14491cb5') in 0.031368 seconds
[Worker2] Imported GUID: 19d0474303899974e8f06efaa0fc81eb - Path: Assets/Scripts/UnityRuntime/Visualization/Water - Importer: ScriptedImporter/UnityEditor.QuickSearchModule:UnityEditor.Search:ASIAI0B -> (ImportResultId: '7eec0c9cb574de639dafec89939a4f97') in 0.0279816 seconds
Asset Pipeline Refresh (id=8ba7e0bb27a51644dbba815a6bb37214): Total: 0.010 seconds - Initiated by RefreshV2(AllowForceSynchronousImport)
[Worker2] Imported GUID: c90a7ec85e47a864bb698cef82334a2f - Path: Assets/Scripts/UnityRuntime/Player - Importer: PreviewImporter -> (ImportResultId: '42b1897ee75aaae16444648b95953e91') in 0.0266614 seconds
Importing 'GUID: a0f2b2a746fa05648ab5eeec9805042c - Path: Assets/Shaders/Liquids/Includes' with importer (DefaultImporter)
Imported 'GUID: a0f2b2a746fa05648ab5eeec9805042c' -> (Import Result ID: 'f8dafaff1222ea8639e2bb852e44425c') in 0.007 seconds [static dependencies only]. Details - ImportResultOutputID=6b55cc0135f775d2ff5e936bff0080ee DependenciesID=478439fe79c2cfdcbd8317b13c0c6fea StaticDependenciesID=7903ffa0de8fc8450eb05487d52565d0 
Asset Pipeline Refresh (id=0cda1443553760b43bd6f0efe70afa07): Total: 0.109 seconds - Initiated by StopAssetImportingV2(NoUpdateAssetOptions)
[Worker2] Imported GUID: a0f2b2a746fa05648ab5eeec9805042c - Path: Assets/Shaders/Liquids/Includes - Importer: PreviewImporter -> (ImportResultId: '49bc4588ccc6cea04b35476763f1fd97') in 0.0280503 seconds
[Worker2] Imported GUID: a0f2b2a746fa05648ab5eeec9805042c - Path: Assets/Shaders/Liquids/Includes - Importer: ScriptedImporter/UnityEditor.QuickSearchModule:UnityEditor.Search:ASIAI0B -> (ImportResultId: '8ff1f6f1205421378af1353e8b601cfc') in 0.0268106 seconds
Asset Pipeline Refresh (id=5db4e5eca2a33964fbae52f2f45ccdb3): Total: 0.010 seconds - Initiated by RefreshV2(AllowForceSynchronousImport)
Asset Pipeline Refresh (id=bed70237aa25fd149baf86fc0a086c81): Total: 0.004 seconds - Initiated by RefreshV2(AllowForceSynchronousImport)
Asset Pipeline Refresh (id=bf00995f4ff0a0e489c222a00bba7b28): Total: 0.004 seconds - Initiated by RefreshV2(AllowForceSynchronousImport)
Asset Pipeline Refresh (id=dbe34a76d1f71424a94bf107519617e6): Total: 0.005 seconds - Initiated by RefreshV2(AllowForceSynchronousImport)
Asset Pipeline Refresh (id=6733e1350a6cf6444ae411daa94d18d7): Total: 0.004 seconds - Initiated by RefreshV2(AllowForceSynchronousImport)
Asset Pipeline Refresh (id=de35c66e96da1124696cde04a6c70fa7): Total: 0.004 seconds - Initiated by RefreshV2(AllowForceSynchronousImport)
Loaded scene 'Library/Unused/ca3079a394b68b54487c41d86c2bf380'
	Deserialize:            0.300 ms
	Integration:            0.318 ms
	Integration of assets:  0.001 ms
	Thread Wait Time:       0.014 ms
	Total Operation Time:   0.633 ms
Unloading 2 Unused Serialized files (Serialized files now loaded: 0)
Unloading 140 unused Assets / (3.5 MB). Loaded Objects now: 10960.
Memory consumption went from 1.05 GB to 1.05 GB.
Total: 15.678200 ms (FindLiveObjects: 0.528700 ms CreateObjectMapping: 1.521600 ms MarkObjects: 12.672600 ms  DeleteObjects: 0.954300 ms)

Launched and connected shader compiler UnityShaderCompiler.exe after 0.01 seconds
Launched and connected shader compiler UnityShaderCompiler.exe after 0.01 seconds
Importing 'GUID: f2a6f8ea61444984b8acd1c499fe5c6a - Path: Assets/Prefabs/Teste Objects.prefab' with importer (PrefabImporter)
Imported 'GUID: f2a6f8ea61444984b8acd1c499fe5c6a' -> (Import Result ID: '09c6eeafd97a55e1e233128a70d762a7') in 0.004 seconds [static and dynamic dependencies]. Details - ImportResultOutputID=7b9d8f730d9529d110003d4320ba289e DependenciesID=feb2d2a15fd8259d89a6454c229c88c5 StaticDependenciesID=bcaeef8b436c0572e632867926e70521 
Asset Pipeline Refresh (id=75b61ab4d859427478a9df7aaf13ef4b): Total: 0.121 seconds - Initiated by StopAssetImportingV2(NoUpdateAssetOptions)
[Worker2] Imported GUID: f2a6f8ea61444984b8acd1c499fe5c6a - Path: Assets/Prefabs/Teste Objects.prefab - Importer: ScriptedImporter/UnityEditor.QuickSearchModule:UnityEditor.Search:ASIAI0B -> (ImportResultId: '3c597f62f71000a6128e00c6ec368bc8') in 0.1105232 seconds
Importing 'GUID: f2a6f8ea61444984b8acd1c499fe5c6a - Path: Assets/Prefabs/Teste Objects.prefab' with importer (PrefabImporter)
Imported 'GUID: f2a6f8ea61444984b8acd1c499fe5c6a' -> (Import Result ID: '4f7253d69eeb7b86a57c8d8e74853005') in 0.003 seconds [static and dynamic dependencies]. Details - ImportResultOutputID=264e63a3e80d59ef41151dc2efef4214 DependenciesID=426b9b8fb18cd6156708c69ca846c0c6 StaticDependenciesID=20f2b27e7f5eb5f393c80877153800fd 
Asset Pipeline Refresh (id=3c04f075734e3de488737a3db8ff7059): Total: 0.107 seconds - Initiated by StopAssetImportingV2(NoUpdateAssetOptions)
[Worker2] Imported GUID: f2a6f8ea61444984b8acd1c499fe5c6a - Path: Assets/Prefabs/Teste Objects.prefab - Importer: ScriptedImporter/UnityEditor.QuickSearchModule:UnityEditor.Search:ASIAI0B -> (ImportResultId: 'b0e1f05fc0f32cf6e458c098524858ca') in 0.0778332 seconds
Importing 'GUID: f2a6f8ea61444984b8acd1c499fe5c6a - Path: Assets/Prefabs/Teste Objects.prefab' with importer (PrefabImporter)
Imported 'GUID: f2a6f8ea61444984b8acd1c499fe5c6a' -> (Import Result ID: '8e26be71605700cf08af7874898ebfed') in 0.003 seconds [static and dynamic dependencies]. Details - ImportResultOutputID=d56c652c82694d41191aeeb09a87c334 DependenciesID=06b91d0b2bb8f6efe80712212d9ebf0d StaticDependenciesID=2279fedef7da5e42849cf4a6625bb68e 
Asset Pipeline Refresh (id=08732d2e0d0816342b308a2fb3689532): Total: 0.112 seconds - Initiated by StopAssetImportingV2(NoUpdateAssetOptions)
[Worker2] Imported GUID: f2a6f8ea61444984b8acd1c499fe5c6a - Path: Assets/Prefabs/Teste Objects.prefab - Importer: ScriptedImporter/UnityEditor.QuickSearchModule:UnityEditor.Search:ASIAI0B -> (ImportResultId: '625cb0f7a63b1121d550b6b9f5c7c2e2') in 0.0766717 seconds
Asset Pipeline Refresh (id=d823c59bf7f924c4db0dfaf35c4fb595): Total: 0.010 seconds - Initiated by RefreshV2(AllowForceSynchronousImport)
Importing 'GUID: f2a6f8ea61444984b8acd1c499fe5c6a - Path: Assets/Prefabs/Teste Objects.prefab' with importer (PrefabImporter)
Imported 'GUID: f2a6f8ea61444984b8acd1c499fe5c6a' -> (Import Result ID: 'f0fa778a57125dc6e6b236b8b74d14df') in 0.003 seconds [static and dynamic dependencies]. Details - ImportResultOutputID=eb98500325cc66b5df3284e78735f2ea DependenciesID=072d1296a0609c2b33982c1aeb1c334d StaticDependenciesID=3c0f87b6e8f422e45cc1e3d69e5f6233 
Asset Pipeline Refresh (id=4d87212935896874f87804b14d8d2037): Total: 0.104 seconds - Initiated by StopAssetImportingV2(NoUpdateAssetOptions)
Importing 'GUID: f2a6f8ea61444984b8acd1c499fe5c6a - Path: Assets/Prefabs/Teste Objects.prefab' with importer (PrefabImporter)
Imported 'GUID: f2a6f8ea61444984b8acd1c499fe5c6a' -> (Import Result ID: '3bb5291f952c35b93c205778b6326f79') in 0.003 seconds [static and dynamic dependencies]. Details - ImportResultOutputID=4b749ff66b971ed374a48c29c90934d3 DependenciesID=32a669fdc56aeb47f595a3d86cdf4204 StaticDependenciesID=513311e7c150e82387f6261297418de6 
Asset Pipeline Refresh (id=44edf1fe58da84b4db33e79e9eba4aee): Total: 0.107 seconds - Initiated by StopAssetImportingV2(NoUpdateAssetOptions)
[Worker2] Imported GUID: f2a6f8ea61444984b8acd1c499fe5c6a - Path: Assets/Prefabs/Teste Objects.prefab - Importer: ScriptedImporter/UnityEditor.QuickSearchModule:UnityEditor.Search:ASIAI0B -> (ImportResultId: '2ec4dc358f6f0390250fcc9b1c2f838e') in 0.0702866 seconds
Asset Pipeline Refresh (id=d3010ff6c8c923544a39c28138e3f831): Total: 0.009 seconds - Initiated by RefreshV2(AllowForceSynchronousImport)
Importing 'GUID: f2a6f8ea61444984b8acd1c499fe5c6a - Path: Assets/Prefabs/Teste Objects.prefab' with importer (PrefabImporter)
Imported 'GUID: f2a6f8ea61444984b8acd1c499fe5c6a' -> (Import Result ID: 'c4a97d547aac98f087699438f9652fdc') in 0.004 seconds [static and dynamic dependencies]. Details - ImportResultOutputID=7ae7d0701e58254d5dfcc352b8aeb247 DependenciesID=ff436eb2d7d3ddf912f191d2137eafd1 StaticDependenciesID=aab0f2ef5634e6276aa9c1333f8abb4e 
Asset Pipeline Refresh (id=31ff1a880f5c88a4bb5c2bd5b0cc773d): Total: 0.105 seconds - Initiated by StopAssetImportingV2(NoUpdateAssetOptions)
[Worker2] Imported GUID: f2a6f8ea61444984b8acd1c499fe5c6a - Path: Assets/Prefabs/Teste Objects.prefab - Importer: ScriptedImporter/UnityEditor.QuickSearchModule:UnityEditor.Search:ASIAI0B -> (ImportResultId: '0e05da4aec7e7f4c7d9946c65ae39a03') in 0.0755602 seconds
Importing 'GUID: f2a6f8ea61444984b8acd1c499fe5c6a - Path: Assets/Prefabs/Teste Objects.prefab' with importer (PrefabImporter)
Imported 'GUID: f2a6f8ea61444984b8acd1c499fe5c6a' -> (Import Result ID: 'd1e6a4ef2dbfdff0002b24b865ab8a5d') in 0.003 seconds [static and dynamic dependencies]. Details - ImportResultOutputID=f08886bd080b3182e40e47beeb213087 DependenciesID=f408b7eebe2faf0fee6daafb19e8000a StaticDependenciesID=05b554298f6562faee001242425dbb8a 
Asset Pipeline Refresh (id=cb6c49517a5075240b79e87a54c7146e): Total: 0.119 seconds - Initiated by StopAssetImportingV2(NoUpdateAssetOptions)
[Worker2] Imported GUID: f2a6f8ea61444984b8acd1c499fe5c6a - Path: Assets/Prefabs/Teste Objects.prefab - Importer: ScriptedImporter/UnityEditor.QuickSearchModule:UnityEditor.Search:ASIAI0B -> (ImportResultId: 'ec5f4341c7c31ed68b8e9d1ab954809f') in 0.0686645 seconds
Asset Pipeline Refresh (id=25d0f1e0d1e0b2840926630b6f035fbf): Total: 0.010 seconds - Initiated by RefreshV2(AllowForceSynchronousImport)
Importing 'GUID: f2a6f8ea61444984b8acd1c499fe5c6a - Path: Assets/Prefabs/Teste Objects.prefab' with importer (PrefabImporter)
Imported 'GUID: f2a6f8ea61444984b8acd1c499fe5c6a' -> (Import Result ID: '3fe0eee15e5e65f54a06a32f99a84cb8') in 0.003 seconds [static and dynamic dependencies]. Details - ImportResultOutputID=ddf021e135aacecf5ca84116c782f66f DependenciesID=41f4205428259ef814c37c283f23242b StaticDependenciesID=cc1819341b65c5e35ebad0fb7a8bd3e6 
Asset Pipeline Refresh (id=c9c3d733d4b9c14489b28a03f306eabf): Total: 0.109 seconds - Initiated by StopAssetImportingV2(NoUpdateAssetOptions)
[Worker2] Imported GUID: f2a6f8ea61444984b8acd1c499fe5c6a - Path: Assets/Prefabs/Teste Objects.prefab - Importer: ScriptedImporter/UnityEditor.QuickSearchModule:UnityEditor.Search:ASIAI0B -> (ImportResultId: '32017a709f0ce847dfb30b6129a6a906') in 0.0707831 seconds
Asset Pipeline Refresh (id=21210505c844f164f8a248d8029c4168): Total: 0.010 seconds - Initiated by RefreshV2(AllowForceSynchronousImport)
Asset Pipeline Refresh (id=b9c18b020765aa240b61895525c3e5ec): Total: 0.003 seconds - Initiated by RefreshV2(AllowForceSynchronousImport)
Importing 'GUID: f2a6f8ea61444984b8acd1c499fe5c6a - Path: Assets/Prefabs/Teste Objects.prefab' with importer (PrefabImporter)
Imported 'GUID: f2a6f8ea61444984b8acd1c499fe5c6a' -> (Import Result ID: '1139ffdb23316edb00223f04ad874b3b') in 0.003 seconds [static and dynamic dependencies]. Details - ImportResultOutputID=6ea4059e1cdbe67210d6a8950040ec22 DependenciesID=0e444e52d38194c835f4f1a4ddf64f09 StaticDependenciesID=a6a0d13a83af79a30c1ab926499d193f 
Asset Pipeline Refresh (id=bc363df49f45fe642bfaf0f0b675eaaa): Total: 0.106 seconds - Initiated by StopAssetImportingV2(NoUpdateAssetOptions)
Importing 'GUID: f2a6f8ea61444984b8acd1c499fe5c6a - Path: Assets/Prefabs/Teste Objects.prefab' with importer (PrefabImporter)
Imported 'GUID: f2a6f8ea61444984b8acd1c499fe5c6a' -> (Import Result ID: '39319d7d70b86f7fb8b5e2fa2844dce4') in 0.003 seconds [static and dynamic dependencies]. Details - ImportResultOutputID=9cc0765d8495a1febe2aacf47ecb4054 DependenciesID=bb0f99a063bfd3eb76aaf0ea2f66a92f StaticDependenciesID=fd135bb5453d5e191b382683b8107bca 
Asset Pipeline Refresh (id=ec5d5cbc04cc3324ea6a3b0a6265fec7): Total: 0.106 seconds - Initiated by StopAssetImportingV2(NoUpdateAssetOptions)
[Worker2] Imported GUID: f2a6f8ea61444984b8acd1c499fe5c6a - Path: Assets/Prefabs/Teste Objects.prefab - Importer: ScriptedImporter/UnityEditor.QuickSearchModule:UnityEditor.Search:ASIAI0B -> (ImportResultId: '624510992d6a71cb25324e3332065029') in 0.0771271 seconds
Importing 'GUID: f2a6f8ea61444984b8acd1c499fe5c6a - Path: Assets/Prefabs/Teste Objects.prefab' with importer (PrefabImporter)
Imported 'GUID: f2a6f8ea61444984b8acd1c499fe5c6a' -> (Import Result ID: '865cd30b7059260b95b045a1343df7a9') in 0.003 seconds [static and dynamic dependencies]. Details - ImportResultOutputID=eef37b62ce6e6ed8d44d1dbe3be30acf DependenciesID=ac9b78869e174c32f7a58b089142af90 StaticDependenciesID=2af83bb8410d601445587a1454a193b8 
Asset Pipeline Refresh (id=9b573055b8618b345a02c675b3902bb4): Total: 0.110 seconds - Initiated by StopAssetImportingV2(NoUpdateAssetOptions)
[Worker2] Imported GUID: f2a6f8ea61444984b8acd1c499fe5c6a - Path: Assets/Prefabs/Teste Objects.prefab - Importer: ScriptedImporter/UnityEditor.QuickSearchModule:UnityEditor.Search:ASIAI0B -> (ImportResultId: 'ba440285df71bead05e25340a9bfbf25') in 0.0733642 seconds
Importing 'GUID: f2a6f8ea61444984b8acd1c499fe5c6a - Path: Assets/Prefabs/Teste Objects.prefab' with importer (PrefabImporter)
Imported 'GUID: f2a6f8ea61444984b8acd1c499fe5c6a' -> (Import Result ID: '1d98720262bb474f08777ad1dc4415da') in 0.003 seconds [static and dynamic dependencies]. Details - ImportResultOutputID=3b314772ba7fdca09b6094e18e892241 DependenciesID=0a3aa5b75fed54e59ef0dc68341cfc26 StaticDependenciesID=102585aeb6adeb93b03d8f58f646ed09 
Asset Pipeline Refresh (id=13df903ff307c2e4c937be3cd8e049c1): Total: 0.109 seconds - Initiated by StopAssetImportingV2(NoUpdateAssetOptions)
Importing 'GUID: f2a6f8ea61444984b8acd1c499fe5c6a - Path: Assets/Prefabs/Teste Objects.prefab' with importer (PrefabImporter)
Imported 'GUID: f2a6f8ea61444984b8acd1c499fe5c6a' -> (Import Result ID: '6988353bcb5f029ad5cfade5913d3b92') in 0.004 seconds [static and dynamic dependencies]. Details - ImportResultOutputID=471f08cfeab1789cd34704a1de84bef3 DependenciesID=16dfbf064d900618a6292bf758d5844f StaticDependenciesID=1d183e7c2cd59f4115e2fc10077e40d1 
Asset Pipeline Refresh (id=f59cd7e69dbf7ae44ab8f654280c3e5f): Total: 0.107 seconds - Initiated by StopAssetImportingV2(NoUpdateAssetOptions)
Importing 'GUID: f2a6f8ea61444984b8acd1c499fe5c6a - Path: Assets/Prefabs/Teste Objects.prefab' with importer (PrefabImporter)
Imported 'GUID: f2a6f8ea61444984b8acd1c499fe5c6a' -> (Import Result ID: '470cd49614539fe47f4feeaf1008a1d9') in 0.003 seconds [static and dynamic dependencies]. Details - ImportResultOutputID=64d550dbd71d6f11afc23b5014c265ce DependenciesID=8346b8d664b0fd219d94dcfa8d75d8a8 StaticDependenciesID=967c1d11e406ea19cc5167abf1bd8cef 
Asset Pipeline Refresh (id=9c7e70991479c6143b8c87ec4498ac2c): Total: 0.107 seconds - Initiated by StopAssetImportingV2(NoUpdateAssetOptions)
Importing 'GUID: f2a6f8ea61444984b8acd1c499fe5c6a - Path: Assets/Prefabs/Teste Objects.prefab' with importer (PrefabImporter)
Imported 'GUID: f2a6f8ea61444984b8acd1c499fe5c6a' -> (Import Result ID: '1dc07caf9069b4461c7a9eb1f948e1cd') in 0.003 seconds [static and dynamic dependencies]. Details - ImportResultOutputID=08dc0433dbe5d82d00d75d3b519be13d DependenciesID=b225879aa23e70769e50eaf55ef55087 StaticDependenciesID=1373e6d39abdc1b642e48dd02ba0db88 
Asset Pipeline Refresh (id=6646d6d920497b540b1890b5eb71ed3a): Total: 0.108 seconds - Initiated by StopAssetImportingV2(NoUpdateAssetOptions)
[Worker2] Imported GUID: f2a6f8ea61444984b8acd1c499fe5c6a - Path: Assets/Prefabs/Teste Objects.prefab - Importer: ScriptedImporter/UnityEditor.QuickSearchModule:UnityEditor.Search:ASIAI0B -> (ImportResultId: '977e666fd54fbcd7ef3c982d2d63330e') in 0.0766008 seconds
Importing 'GUID: f2a6f8ea61444984b8acd1c499fe5c6a - Path: Assets/Prefabs/Teste Objects.prefab' with importer (PrefabImporter)
Imported 'GUID: f2a6f8ea61444984b8acd1c499fe5c6a' -> (Import Result ID: '4bca26c09c3ec73c62967329ae9f4ea1') in 0.003 seconds [static and dynamic dependencies]. Details - ImportResultOutputID=2208916144c98c3ffdaf74fd8002cb41 DependenciesID=3d799a44e6dde025afddff62586ac95f StaticDependenciesID=64b890b93a5b556299fd1732fb608035 
Asset Pipeline Refresh (id=c38d3f570c7b45c4bbc7983feae86e9a): Total: 0.109 seconds - Initiated by StopAssetImportingV2(NoUpdateAssetOptions)
[Worker2] Imported GUID: f2a6f8ea61444984b8acd1c499fe5c6a - Path: Assets/Prefabs/Teste Objects.prefab - Importer: ScriptedImporter/UnityEditor.QuickSearchModule:UnityEditor.Search:ASIAI0B -> (ImportResultId: 'aaed9b56b684da79911a4e429499b449') in 0.0748412 seconds
Importing 'GUID: f2a6f8ea61444984b8acd1c499fe5c6a - Path: Assets/Prefabs/Teste Objects.prefab' with importer (PrefabImporter)
Imported 'GUID: f2a6f8ea61444984b8acd1c499fe5c6a' -> (Import Result ID: '3fc9b95b25742d3d81097b002e78817e') in 0.003 seconds [static and dynamic dependencies]. Details - ImportResultOutputID=f04f8fea49082f8e2fdef891ca6be4a4 DependenciesID=a6860641c0880ee14b8c0a09b324a2c8 StaticDependenciesID=eed4a4e9de2b13c123d259845dbc765c 
Asset Pipeline Refresh (id=de6f059af1ad4934093c601f652da82e): Total: 0.109 seconds - Initiated by StopAssetImportingV2(NoUpdateAssetOptions)
[Worker2] Imported GUID: f2a6f8ea61444984b8acd1c499fe5c6a - Path: Assets/Prefabs/Teste Objects.prefab - Importer: ScriptedImporter/UnityEditor.QuickSearchModule:UnityEditor.Search:ASIAI0B -> (ImportResultId: 'f098d344a633d2a2e8905572cf48a2e7') in 0.0688261 seconds
Asset Pipeline Refresh (id=0bb56d2988af7044b84ad891be51cd4a): Total: 0.011 seconds - Initiated by RefreshV2(AllowForceSynchronousImport)
Importing 'GUID: ef7e5b544d636c1448ee36b194031fc1 - Path: Assets/Materials/Boiler' with importer (DefaultImporter)
Imported 'GUID: ef7e5b544d636c1448ee36b194031fc1' -> (Import Result ID: '5ede1e5a1ebfda26fa656a45b3031fd7') in 0.002 seconds [static dependencies only]. Details - ImportResultOutputID=ce5aad4df04b202f3431bd81d693d17f DependenciesID=2f107246478d57e2586efbdc3a8be46e StaticDependenciesID=3dfca886585b18a51bf59934a6313895 
Asset Pipeline Refresh (id=31f1b50d8fc0f44478ee3fd735f7fa23): Total: 0.114 seconds - Initiated by StopAssetImportingV2(NoUpdateAssetOptions)
[Worker2] Imported GUID: ef7e5b544d636c1448ee36b194031fc1 - Path: Assets/Materials/Boiler - Importer: PreviewImporter -> (ImportResultId: 'e979316eb5060e0a0109d9a7ee50b2c7') in 0.0305021 seconds
[Worker2] Imported GUID: ef7e5b544d636c1448ee36b194031fc1 - Path: Assets/Materials/Boiler - Importer: ScriptedImporter/UnityEditor.QuickSearchModule:UnityEditor.Search:ASIAI0B -> (ImportResultId: 'cbd63e20b03eec95b294a4c51288ce64') in 0.0319069 seconds
Unloading 0 Unused Serialized files (Serialized files now loaded: 0)
Unloading 22 unused Assets / (3.4 MB). Loaded Objects now: 10976.
Memory consumption went from 1.06 GB to 1.06 GB.
Total: 17.426100 ms (FindLiveObjects: 0.569700 ms CreateObjectMapping: 1.559700 ms MarkObjects: 14.528500 ms  DeleteObjects: 0.766500 ms)

Asset Pipeline Refresh (id=5f8f1867637d00142bf471b7699c56e7): Total: 0.011 seconds - Initiated by RefreshV2(AllowForceSynchronousImport)
Importing 'GUID: 030cb4cf28ef16f41a0c46d344cdcfc6 - Path: Assets/Shaders/Boiler' with importer (DefaultImporter)
Imported 'GUID: 030cb4cf28ef16f41a0c46d344cdcfc6' -> (Import Result ID: '7b0cce4b9b0bb78c687b76081b1334b5') in 0.001 seconds [static dependencies only]. Details - ImportResultOutputID=dbce641dd5a8b45f00b35e5f386b3295 DependenciesID=ad93aece2b23dbbdd956d55e986c09aa StaticDependenciesID=dc44b120789f106b34871d6e80bb0de4 
Refreshing native plugins compatible for Editor in 3.39 ms, found 4 plugins.
Asset Pipeline Refresh (id=b2702a5dc2bc1dd4d8783552b2e1cf15): Total: 0.118 seconds - Initiated by StopAssetImportingV2(NoUpdateAssetOptions)
[Worker5] Imported GUID: 030cb4cf28ef16f41a0c46d344cdcfc6 - Path: Assets/Shaders/Boiler - Importer: PreviewImporter -> (ImportResultId: '8c762feb7612b28a067f6e76b07066a9') in 0.0291476 seconds
[Worker2] Imported GUID: a0f2b2a746fa05648ab5eeec9805042c - Path: Assets/Shaders/Boiler/Includes - Importer: ScriptedImporter/UnityEditor.QuickSearchModule:UnityEditor.Search:ASIAI0B -> (ImportResultId: '48a6efa5f3388e4aa943eccfa8ce8b99') in 0.0294217 seconds
[Worker5] Imported GUID: 030cb4cf28ef16f41a0c46d344cdcfc6 - Path: Assets/Shaders/Boiler - Importer: ScriptedImporter/UnityEditor.QuickSearchModule:UnityEditor.Search:ASIAI0B -> (ImportResultId: '53396f69690bda1a3477f5a5bcf7bce8') in 0.0694334 seconds
Asset Pipeline Refresh (id=9c2edbc62e45d2f43ab0addc6a39406f): Total: 0.010 seconds - Initiated by RefreshV2(AllowForceSynchronousImport)
Asset Pipeline Refresh (id=884e812e35941314fa0223664bfff015): Total: 0.003 seconds - Initiated by RefreshV2(AllowForceSynchronousImport)
Importing 'GUID: 19d0474303899974e8f06efaa0fc81eb - Path: Assets/Scripts/UnityRuntime/Visualization/Boiler' with importer (DefaultImporter)
Imported 'GUID: 19d0474303899974e8f06efaa0fc81eb' -> (Import Result ID: '7dab83f48ce67621dd3554aabdcf0e99') in 0.001 seconds [static dependencies only]. Details - ImportResultOutputID=20cf8bec060109f9dc180faed4b7ceb8 DependenciesID=34600c44829b0b1ccdb813b628e16bba StaticDependenciesID=e2ab78c2d96169384a78dd8090a88283 
Asset Pipeline Refresh (id=adb1acd259235dc409dd01fb065427aa): Total: 0.103 seconds - Initiated by StopAssetImportingV2(NoUpdateAssetOptions)
[Worker2] Imported GUID: 19d0474303899974e8f06efaa0fc81eb - Path: Assets/Scripts/UnityRuntime/Visualization/Boiler - Importer: ScriptedImporter/UnityEditor.QuickSearchModule:UnityEditor.Search:ASIAI0B -> (ImportResultId: '3293a0b8d9572cea89a438e8c5c57d19') in 0.033653 seconds
Asset Pipeline Refresh (id=9bab8077b67ee174ba080f35c8f58cb8): Total: 0.010 seconds - Initiated by RefreshV2(AllowForceSynchronousImport)
Asset Pipeline Refresh (id=1086def9722f55b46a6f4d8c93e94d3e): Total: 0.003 seconds - Initiated by RefreshV2(AllowForceSynchronousImport)
Asset Pipeline Refresh (id=b12d1dd6e0eb9aa449a2d237a1aa2fd1): Total: 0.004 seconds - Initiated by RefreshV2(AllowForceSynchronousImport)
Asset Pipeline Refresh (id=cec0a8bd5c9d4514ea4376d5d1912d08): Total: 0.023 seconds - Initiated by RefreshV2(AllowForceSynchronousImport)
Asset Pipeline Refresh (id=6f6ff6cc313a3154a850e08de3c5bd45): Total: 0.005 seconds - Initiated by RefreshV2(AllowForceSynchronousImport)
Asset Pipeline Refresh (id=81f3f50a2bfc7674aaa0e2e61f4ea7ff): Total: 0.003 seconds - Initiated by RefreshV2(AllowForceSynchronousImport)
Asset Pipeline Refresh (id=704e80084686b75499ea75d57a5a8a7c): Total: 0.003 seconds - Initiated by RefreshV2(AllowForceSynchronousImport)
Asset Pipeline Refresh (id=e060f25a86544eb43be489cfe54127dd): Total: 0.004 seconds - Initiated by RefreshV2(AllowForceSynchronousImport)
Asset Pipeline Refresh (id=8e8cfa3333e5ca8488e4234fae27cc16): Total: 0.003 seconds - Initiated by RefreshV2(AllowForceSynchronousImport)
Asset Pipeline Refresh (id=059d0aa85037d6e4095cf6e25bebb8a4): Total: 0.003 seconds - Initiated by RefreshV2(AllowForceSynchronousImport)
Asset Pipeline Refresh (id=e0b7df2658e4b6542bcd7fca3f7847e7): Total: 0.004 seconds - Initiated by RefreshV2(AllowForceSynchronousImport)
Asset Pipeline Refresh (id=54f5d74f7be0eca4aa371fd47602ad46): Total: 0.003 seconds - Initiated by RefreshV2(AllowForceSynchronousImport)
Asset Pipeline Refresh (id=6048cf3db7c5507488f3413dfef81a27): Total: 0.003 seconds - Initiated by RefreshV2(AllowForceSynchronousImport)
Asset Pipeline Refresh (id=97926ffedcc01994f81e575fedad0272): Total: 0.004 seconds - Initiated by RefreshV2(AllowForceSynchronousImport)
Asset Pipeline Refresh (id=13bfb11e46d27994588d55de4c8ac4a5): Total: 0.003 seconds - Initiated by RefreshV2(AllowForceSynchronousImport)
Asset Pipeline Refresh (id=79b34f9fb26c36e45b2373165adcc606): Total: 0.003 seconds - Initiated by RefreshV2(AllowForceSynchronousImport)
Asset Pipeline Refresh (id=bb435b2fc36c3f14aa3c5840f7911062): Total: 0.004 seconds - Initiated by RefreshV2(AllowForceSynchronousImport)
Asset Pipeline Refresh (id=89e7edc41c6e5704587cc91be3ef5a4d): Total: 0.003 seconds - Initiated by RefreshV2(AllowForceSynchronousImport)
Asset Pipeline Refresh (id=f7bda1bef03e0f349a0da21923031047): Total: 0.004 seconds - Initiated by RefreshV2(AllowForceSynchronousImport)
Asset Pipeline Refresh (id=635833eddb174ad43ba6d515ceedaa9f): Total: 0.003 seconds - Initiated by RefreshV2(AllowForceSynchronousImport)
Asset Pipeline Refresh (id=780e8713112759c4ca0694830d72bf4b): Total: 0.003 seconds - Initiated by RefreshV2(AllowForceSynchronousImport)
Asset Pipeline Refresh (id=1f3846954389e94448558cc75d48c0b9): Total: 0.003 seconds - Initiated by RefreshV2(AllowForceSynchronousImport)
Asset Pipeline Refresh (id=2a16fd18da05bd543b24e5135f1ca544): Total: 0.003 seconds - Initiated by RefreshV2(AllowForceSynchronousImport)
Asset Pipeline Refresh (id=9834539b28c241c4aaeec57789bc71cb): Total: 0.003 seconds - Initiated by RefreshV2(AllowForceSynchronousImport)
Asset Pipeline Refresh (id=8a5866a9a8a2b7f4882567446cf62cb2): Total: 0.003 seconds - Initiated by RefreshV2(AllowForceSynchronousImport)
Asset Pipeline Refresh (id=67b02c0d5e80c5b4fa9c802e0d90c411): Total: 0.004 seconds - Initiated by RefreshV2(AllowForceSynchronousImport)
Asset Pipeline Refresh (id=0b0fe67129f250f459e2a5521fb3bca9): Total: 0.004 seconds - Initiated by RefreshV2(AllowForceSynchronousImport)
Asset Pipeline Refresh (id=c85f95ee28c81fc4da9b51d5431b0894): Total: 0.003 seconds - Initiated by RefreshV2(AllowForceSynchronousImport)
Asset Pipeline Refresh (id=f98325dcafd9ec34184f96eb6b9c688d): Total: 0.004 seconds - Initiated by RefreshV2(AllowForceSynchronousImport)
Asset Pipeline Refresh (id=54632406d97cde2419516d19ad34c626): Total: 0.004 seconds - Initiated by RefreshV2(AllowForceSynchronousImport)
Asset Pipeline Refresh (id=19f5d6f45366a2245a0c8f0d67bd0c67): Total: 0.005 seconds - Initiated by RefreshV2(AllowForceSynchronousImport)
Asset Pipeline Refresh (id=5d6a2978dc26ed74cad24e804b4f07c0): Total: 0.003 seconds - Initiated by RefreshV2(AllowForceSynchronousImport)
Asset Pipeline Refresh (id=e8060d06e6ec9b74e8457297ddede374): Total: 0.004 seconds - Initiated by RefreshV2(AllowForceSynchronousImport)
Asset Pipeline Refresh (id=b329e6b06ee9e394c877aa0acd0d4b56): Total: 0.003 seconds - Initiated by RefreshV2(AllowForceSynchronousImport)
Asset Pipeline Refresh (id=911164530112cb3449484d4e3482cf39): Total: 0.004 seconds - Initiated by RefreshV2(AllowForceSynchronousImport)
Asset Pipeline Refresh (id=63b15d50a39d121459d3037179b04e6a): Total: 0.004 seconds - Initiated by RefreshV2(AllowForceSynchronousImport)
Asset Pipeline Refresh (id=5fd334350335c534397e908c9b83a311): Total: 0.004 seconds - Initiated by RefreshV2(AllowForceSynchronousImport)
Asset Pipeline Refresh (id=726b2aeb15cc5b942a617ef5d6b55f85): Total: 0.004 seconds - Initiated by RefreshV2(AllowForceSynchronousImport)
Asset Pipeline Refresh (id=4440d0668b14bfc489c4845f848ee8e1): Total: 0.003 seconds - Initiated by RefreshV2(AllowForceSynchronousImport)
Asset Pipeline Refresh (id=19bcb9dc43288b94d84cf615fa55f254): Total: 0.003 seconds - Initiated by RefreshV2(AllowForceSynchronousImport)
Asset Pipeline Refresh (id=919a590eaab270645859bc7597bc8f5f): Total: 0.005 seconds - Initiated by RefreshV2(AllowForceSynchronousImport)
Asset Pipeline Refresh (id=4e13da84ba2e5fd4e896e680cc5ec68c): Total: 0.003 seconds - Initiated by RefreshV2(AllowForceSynchronousImport)
Asset Pipeline Refresh (id=dc36417469aae5b4f9412899a57bfb28): Total: 0.003 seconds - Initiated by RefreshV2(AllowForceSynchronousImport)
Asset Pipeline Refresh (id=82521ff9fca71bc4e8124dd8bf8e917b): Total: 0.003 seconds - Initiated by RefreshV2(AllowForceSynchronousImport)
Asset Pipeline Refresh (id=521425ad8ea00cc42bea8a4bec00785f): Total: 0.003 seconds - Initiated by RefreshV2(AllowForceSynchronousImport)
Asset Pipeline Refresh (id=42c011b489b55e147846ed075803cb4a): Total: 0.003 seconds - Initiated by RefreshV2(AllowForceSynchronousImport)
Asset Pipeline Refresh (id=e8f11c9ad4c056942bcd25c26aa8412c): Total: 0.003 seconds - Initiated by RefreshV2(AllowForceSynchronousImport)
Asset Pipeline Refresh (id=d0b07964e6a1ae4448d748d841d58167): Total: 0.004 seconds - Initiated by RefreshV2(AllowForceSynchronousImport)
[Worker2] Imported GUID: 19d0474303899974e8f06efaa0fc81eb - Path: Assets/Scripts/UnityRuntime/Visualization/Boiler - Importer: PreviewImporter -> (ImportResultId: '97144f6844349275558e78df3ba26f15') in 0.0284651 seconds
[ScriptCompilation] Requested script compilation because: AssetDatabase observed changes in script compilation related files
[Licensing::Client] Successfully resolved entitlement details

Asset Pipeline Refresh (id=61d9681651fc1294b980892d430b4ecc): Total: 1.205 seconds - Initiated by StopAssetImportingV2(NoUpdateAssetOptions)
	(Values over 0.05ms)
	Summary:
		Imports: total=0 (actual=0, local cache=0, cache server=0)
		Asset DB Process Time: managed=0 ms, native=257 ms
		Asset DB Callback time: managed=944 ms, native=2 ms
		Scripting: domain reloads=0, domain reload time=0 ms, compile time=1 ms, other=0 ms
		Project Asset Count: scripts=1675, non-scripts=3266
		Asset File Changes: new=1, changed=1, moved=0, deleted=0
		Scan Filter Count: 6
	ApplyChangesToAssetFolders: 0.133ms
	Scan: 125.330ms
	OnSourceAssetsModified: 0.072ms
	ProcessAssetsWithTransientArtifactChanges: 0.210ms
	CategorizeAssets: 32.361ms
	CompileScripts: 0.529ms
	ImportOutOfDateAssets: 53.790ms (6.764ms without children)
		UnloadImportedAssets: 0.175ms
		EnsureUptoDateAssetsAreRegisteredWithGuidPM: 0.370ms
		ImportSchedulerStart: 46.444ms
	PostProcessAllAssets: 941.613ms
		XRBuildSystem.XRAssetImported 0.405ms
		MonoPostProcessAllAssets: 940.970ms
			SyncVS.PostprocessSyncProject 940.410ms
			AssetPostprocessor.OnPostprocessAllAssets 0.067ms
			RenderPipelineGlobalSettingsPostprocessor.OnPostprocessAllAssets 0.062ms
			AssetChangedListener.OnPostprocessAllAssets 0.054ms
	PostAssetChangesProfiler: 5.263ms
	GatherAllCurrentPrimaryImportResultRevisions: 0.210ms
	PersistCurrentRevisions: 0.141ms
	Untracked: 44.921ms

Assembly for Assembly Definition File 'Assets/Tests/PlayMode/IndustrialSim.PlayMode.Tests.asmdef' will not be compiled, because it has no scripts associated with it.
UnityEngine.Debug:ExtractStackTraceNoAlloc (byte*,int,string)
UnityEngine.StackTraceUtility:ExtractStackTrace ()
UnityEngine.DebugLogHandler:Internal_Log (UnityEngine.LogType,UnityEngine.LogOption,string,UnityEngine.Object)
UnityEngine.DebugLogHandler:LogFormat (UnityEngine.LogType,UnityEngine.Object,string,object[])
UnityEngine.Logger:LogFormat (UnityEngine.LogType,string,object[])
UnityEngine.Debug:LogWarningFormat (string,object[])
UnityEditor.Scripting.ScriptCompilation.EditorCompilation:WarnIfThereAreAssembliesWithoutAnyScripts (UnityEditor.Scripting.ScriptCompilation.ScriptAssemblySettings,UnityEditor.Scripting.ScriptCompilation.ScriptAssembly[])
UnityEditor.Scripting.ScriptCompilation.EditorCompilation:CompileScriptsWithSettings (UnityEditor.Scripting.ScriptCompilation.ScriptAssemblySettings)
UnityEditor.Scripting.ScriptCompilation.EditorCompilation:CompileScripts (UnityEditor.Scripting.ScriptCompilation.EditorScriptCompilationOptions,UnityEditor.BuildTarget,int,string[])
UnityEditor.Scripting.ScriptCompilation.EditorCompilation:TickCompilationPipeline (UnityEditor.Scripting.ScriptCompilation.EditorScriptCompilationOptions,UnityEditor.BuildTarget,int,string[],bool)
UnityEditor.Scripting.ScriptCompilation.EditorCompilationInterface:TickCompilationPipeline (UnityEditor.Scripting.ScriptCompilation.EditorScriptCompilationOptions,UnityEditor.BuildTarget,int,string[],bool)

info: Microsoft.AspNetCore.Hosting.Diagnostics[1]
      Request starting HTTP/2 POST http://ilpp/UnityILPP.PostProcessing/Ping - application/grpc -
info: Microsoft.AspNetCore.Routing.EndpointMiddleware[0]
      Executing endpoint 'gRPC - /UnityILPP.PostProcessing/Ping'
info: Microsoft.AspNetCore.Routing.EndpointMiddleware[1]
      Executed endpoint 'gRPC - /UnityILPP.PostProcessing/Ping'
info: Microsoft.AspNetCore.Hosting.Diagnostics[2]
      Request finished HTTP/2 POST http://ilpp/UnityILPP.PostProcessing/Ping - 200 - application/grpc 0.2648ms
Starting: C:\Program Files\Unity\Hub\Editor\6000.5.1f1\Editor\Data\Tools\BuildPipeline\bee_backend.exe --ipc --defer-dag-verification --dagfile="Library/Bee/1900b0aE.dag" --continue-on-failure --profile="Library/Bee/backend1.traceevents" ScriptAssemblies
WorkingDir: C:/Projetos/IC_Proccess_Simulation
info: Microsoft.AspNetCore.Hosting.Diagnostics[1]
      Request starting HTTP/2 POST http://ilpp/UnityILPP.PostProcessing/ConfigurePostProcessors - application/grpc -
info: Microsoft.AspNetCore.Routing.EndpointMiddleware[0]
      Executing endpoint 'gRPC - /UnityILPP.PostProcessing/ConfigurePostProcessors'
info: Unity.ILPP.Runner.PostProcessingAssemblyLoadContext[0]
      Current configuration matches the requested one, skipping
info: Microsoft.AspNetCore.Routing.EndpointMiddleware[1]
      Executed endpoint 'gRPC - /UnityILPP.PostProcessing/ConfigurePostProcessors'
info: Microsoft.AspNetCore.Hosting.Diagnostics[2]
      Request finished HTTP/2 POST http://ilpp/UnityILPP.PostProcessing/ConfigurePostProcessors - 200 - application/grpc 2.8351ms
Starting: C:\Program Files\Unity\Hub\Editor\6000.5.1f1\Editor\Data\netcorerun\netcorerun.exe "C:\Program Files\Unity\Hub\Editor\6000.5.1f1\Editor\Data\Tools\BuildPipeline\ScriptCompilationBuildProgram.exe" "Library/Bee/1900b0aE.dag.json" "Library/Bee/1900b0aE-inputdata.json" "Library\Bee\buildprogram0.traceevents"
WorkingDir: C:/Projetos/IC_Proccess_Simulation
ExitCode: 4 Duration: 0s272ms
Rebuilding DAG because FileSignature timestamp changed: Library/Bee/1900b0aE-inputdata.json
[746/954    0s] ILPP-Configuration Library/ilpp-configuration.nevergeneratedoutput
*** Tundra requires additional run (0.20 seconds), 1 items updated, 745 evaluated

[main 2026-08-06T16:45:43.832Z] StorageMainService: creating application shared storage
[main 2026-08-06T16:45:44.050Z] [shared storage] Creating shared storage database at 'c:\Users\saulo\.vscode-shared\sharedStorage\state.vscdb' (wasCreated: false)
[main 2026-08-06T16:45:44.052Z] [shared storage] Initializing fallback application storage (path: c:\Users\saulo\AppData\Roaming\Code\User\globalStorage\state.vscdb)
[main 2026-08-06T16:45:44.074Z] [shared storage] Fallback application storage initialized with 160 items
[main 2026-08-06T16:45:44.078Z] update#setState idle
[Worker2] Imported GUID: 08c603ae206b1524dbb3c01e6a585c76 - Path: Assets/Scripts/UnityRuntime/Visualization/Boiler/ProceduralBoilerWaterSurfaceMesh.cs - Importer: PreviewImporter -> (ImportResultId: '0ca7eb7910fe46deac61e576f7378ba4') in 0.0267729 seconds
[Worker5] Imported GUID: 08c603ae206b1524dbb3c01e6a585c76 - Path: Assets/Scripts/UnityRuntime/Visualization/Boiler/ProceduralBoilerWaterSurfaceMesh.cs - Importer: ScriptedImporter/UnityEditor.QuickSearchModule:UnityEditor.Search:ASIAI0B -> (ImportResultId: '1910c02a099edc5b9abc6d6dcbe8fed0') in 0.0562382 seconds
(node:26992) [DEP0169] DeprecationWarning: `url.parse()` behavior is not standardized and prone to errors that have security implications. Use the WHATWG URL API instead. CVEs are not issued for `url.parse()` vulnerabilities.
(Use `Code --trace-deprecation ...` to show where the warning was created)
ExitCode: 0 Duration: 3s46ms
Starting: C:\Program Files\Unity\Hub\Editor\6000.5.1f1\Editor\Data\Tools\BuildPipeline\bee_backend.exe --ipc --defer-dag-verification --dagfile="Library/Bee/1900b0aE.dag" --continue-on-failure --dagfilejson="Library\Bee\1900b0aE.dag.json" --profile="Library/Bee/backend2.traceevents" ScriptAssemblies
WorkingDir: C:/Projetos/IC_Proccess_Simulation
[main 2026-08-06T16:45:45.904Z] AgentHostProcessManager: agent host started
info: Microsoft.AspNetCore.Hosting.Diagnostics[1]
      Request starting HTTP/2 POST http://ilpp/UnityILPP.PostProcessing/ConfigurePostProcessors - application/grpc -
info: Microsoft.AspNetCore.Routing.EndpointMiddleware[0]
      Executing endpoint 'gRPC - /UnityILPP.PostProcessing/ConfigurePostProcessors'
info: Unity.ILPP.Runner.PostProcessingAssemblyLoadContext[0]
      Current configuration matches the requested one, skipping
info: Microsoft.AspNetCore.Routing.EndpointMiddleware[1]
      Executed endpoint 'gRPC - /UnityILPP.PostProcessing/ConfigurePostProcessors'
info: Microsoft.AspNetCore.Hosting.Diagnostics[2]
      Request finished HTTP/2 POST http://ilpp/UnityILPP.PostProcessing/ConfigurePostProcessors - 200 - application/grpc 1.0605ms
[main 2026-08-06T16:45:46.484Z] [AgentHost:stderr] (node:34224) [DEP0169] DeprecationWarning: `url.parse()` behavior is not standardized and prone to errors that have security implications. Use the WHATWG URL API instead. CVEs are not issued for `url.parse()` vulnerabilities.
(Use `Code --trace-deprecation ...` to show where the warning was created)

Unknown channel: agentHostClientProxy
Unknown channel: agentHostClientProxy
Unknown channel: agentHostClientProxy
Unknown channel: agentHostClientProxy
info: Microsoft.AspNetCore.Hosting.Diagnostics[1]
      Request starting HTTP/2 POST http://ilpp/UnityILPP.PostProcessing/PostProcessAssembly - application/grpc -
info: Microsoft.AspNetCore.Routing.EndpointMiddleware[0]
      Executing endpoint 'gRPC - /UnityILPP.PostProcessing/PostProcessAssembly'
info: Unity.ILPP.Runner.PostProcessingPipeline[0]
      Processing assembly Library/Bee/artifacts/1900b0aE.dag/IndustrialSim.UnityRuntime.dll, with 143 defines and 303 references
info: Unity.ILPP.Runner.PostProcessingPipeline[0]
      processors: Unity.Jobs.CodeGen.JobsILPostProcessor, zzzUnity.Burst.CodeGen.BurstILPostProcessor
info: Unity.ILPP.Runner.PostProcessingPipeline[0]
      running Unity.Jobs.CodeGen.JobsILPostProcessor
info: Unity.ILPP.Runner.PostProcessingPipeline[0]
      running zzzUnity.Burst.CodeGen.BurstILPostProcessor
info: Microsoft.AspNetCore.Routing.EndpointMiddleware[1]
      Executed endpoint 'gRPC - /UnityILPP.PostProcessing/PostProcessAssembly'
info: Microsoft.AspNetCore.Hosting.Diagnostics[2]
      Request finished HTTP/2 POST http://ilpp/UnityILPP.PostProcessing/PostProcessAssembly - 200 - application/grpc 3.4956ms
ExitCode: 0 Duration: 18s
Finished compiling graph: 957 nodes, 18253 flattened edges (15585 ToBuild, 150 ToUse), maximum node priority 1016
[539/954    0s] WriteText Library/Bee/artifacts/1900b0aE.dag/IndustrialSim.UnityRuntime.rsp
[745/954    0s] ILPP-Configuration Library/ilpp-configuration.nevergeneratedoutput
[BUSY       6s] Csc Library/Bee/artifacts/1900b0aE.dag/IndustrialSim.UnityRuntime.dll (+2 others)
[BUSY      16s] Csc Library/Bee/artifacts/1900b0aE.dag/IndustrialSim.UnityRuntime.dll (+2 others)
[950/954   17s] Csc Library/Bee/artifacts/1900b0aE.dag/IndustrialSim.UnityRuntime.dll (+2 others)
[             ] Modification date of `Assets\Scripts\UnityRuntime\Visualization\Boiler\ProceduralBoilerWaterSurfaceMesh.cs` changed while running `Csc Library/Bee/artifacts/1900b0aE.dag/IndustrialSim.UnityRuntime.dll (+2 others)`. Old timestamp: 134305083405515492, new timestamp: 134305083495241851
[951/954    0s] ILPostProcess Library/Bee/artifacts/1900b0aE.dag/post-processed/IndustrialSim.UnityRuntime.dll (+pdb)
Processing assembly Library/Bee/artifacts/1900b0aE.dag/IndustrialSim.UnityRuntime.dll, with 143 defines and 303 references

processors: Unity.Jobs.CodeGen.JobsILPostProcessor, zzzUnity.Burst.CodeGen.BurstILPostProcessor

running Unity.Jobs.CodeGen.JobsILPostProcessor

running zzzUnity.Burst.CodeGen.BurstILPostProcessor
[952/954    0s] CopyFiles Library/ScriptAssemblies/IndustrialSim.UnityRuntime.dll
[953/954    0s] CopyFiles Library/ScriptAssemblies/IndustrialSim.UnityRuntime.pdb
*** Tundra build success (18.01 seconds), 6 items updated, 954 evaluated
Reloading assemblies after finishing script compilation.
Reloading assemblies after forced synchronous recompile.
Total cache size 134027684
Total cache size after purge 134027684, took 00:00:00.4559734
Begin MonoManager ReloadAssembly
Native extension for UWP target not found
Native extension for WindowsStandalone target not found
Native extension for OSXStandalone target not found
Native extension for WebGL target not found
[MODES] ModeService[none].Initialize
[MODES] ModeService[none].LoadModes
ScheduleIndexationOnStartup MainProcess:True IndexOnStartup:True
Mono: successfully reloaded assembly
- Finished resetting the current domain, in  2.156 seconds
Domain Reload Profiling: 5049ms
	BeginReloadAssembly (1039ms)
		DisableScriptedObjects (285ms)
		CreateAndSetChildDomain (492ms)
	RebuildCommonClasses (8ms)
	RebuildNativeTypeToScriptingClass (12ms)
	initialDomainReloadingComplete (261ms)
	LoadAllAssembliesAndSetupDomain (1572ms)
		LoadAssemblies (736ms)
		AnalyzeDomain (736ms)
			TypeCache.Refresh (16ms)
			BuildScriptInfoCaches (708ms)
			ResolveRequiredComponents (10ms)
	FinalizeReload (2157ms)
		SetupLoadedEditorAssemblies (0ms)
			InitializePlatformSupportModulesInManaged (13ms)
			BeforeProcessingInitializeOnLoad (256ms)
			ProcessInitializeOnLoadAttributes (436ms)
			ProcessInitializeOnLoadMethodAttributes (146ms)
			AfterProcessingInitializeOnLoad (6ms)
		AwakeInstancesAfterBackupRestoration (600ms)

Asset Pipeline Refresh (id=ffb7589c1323c604a98a41d47217b683): Total: 6.468 seconds - Initiated by StopAssetImportingV2(ForceSynchronousImport | ForceDomainReload)
	(Values over 0.05ms)
	Summary:
		Imports: total=0 (actual=0, local cache=0, cache server=0)
		Asset DB Process Time: managed=0 ms, native=2471 ms
		Asset DB Callback time: managed=54 ms, native=45 ms
		Scripting: domain reloads=1, domain reload time=3895 ms, compile time=2 ms, other=0 ms
		Project Asset Count: scripts=1675, non-scripts=3266
		Asset File Changes: new=0, changed=0, moved=0, deleted=0
		Scan Filter Count: 0
	InvokePackagesCallback: 1.745ms
	ApplyChangesToAssetFolders: 0.364ms
	Collect global state as custom dependencies: 9.932ms
	ProcessAssetsWithTransientArtifactChanges: 7.150ms
	CategorizeAssets: 71.197ms
	CompileScripts: 1.518ms
	ImportOutOfDateAssets: 2320.293ms (2271.169ms without children)
		CollectScriptTypesHashes: 2.957ms
		ReloadNativeAssets: 1.473ms
		UnloadImportedAssets: 0.257ms
		EnsureUptoDateAssetsAreRegisteredWithGuidPM: 0.609ms
		ImportSchedulerStart: 46.757ms
	PostProcessAllAssets: 55.057ms
		XRBuildSystem.XRAssetImported 0.398ms
		PostProcessCallbackCreateDeferredMaterials 0.071ms
		MonoPostProcessAllAssets: 54.230ms
			HDRenderPipelineGlobalSettingsPostprocessor.OnPostprocessAllAssets 9.995ms
			SyncVS.PostprocessSyncProject 6.738ms
			AssetChangedListener.OnPostprocessAllAssets 5.164ms
			BuilderAssetPostprocessor.OnPostprocessAllAssets 4.754ms
			AssetPostprocessor.OnPostprocessAllAssets 3.107ms
			MaterialPostprocessor.OnPostprocessAllAssets 2.991ms
			SpeedTree9Postprocessor.OnPostprocessAllAssets 1.539ms
			WindowAssetPostprocessingWatcher.OnPostprocessAllAssets 1.482ms
			ShaderGraphAssetPostProcessor.OnPostprocessAllAssets 1.251ms
			RetainedModeAssetPostprocessor.OnPostprocessAllAssets 1.042ms
			VFXGraphPreprocessor.OnPostprocessAllAssets 0.920ms
			RenderPipelineGlobalSettingsPostprocessor.OnPostprocessAllAssets 0.711ms
			TMPro_TexturePostProcessor.OnPostprocessAllAssets 0.471ms
			ArtifactBrowserPostProcessor.OnPostprocessAllAssets 0.457ms
			SampleDependencyImporterPostProcessor.OnPostprocessAllAssets 0.337ms
			AudioMixerPostprocessor.OnPostprocessAllAssets 0.293ms
			InputActionAssetPostprocessor.OnPostprocessAllAssets 0.293ms
			CinemachineSettings.OnPostprocessAllAssets 0.290ms
			UVCSAssetPostprocessor.OnPostprocessAllAssets 0.280ms
			ReferencedClipsPostProcessor.OnPostprocessAllAssets 0.268ms
			TextAssetPostProcessor.OnPostprocessAllAssets 0.263ms
			ShaderReflectionAssetPostProcessor.OnPostprocessAllAssets 0.255ms
			PostProcessor.OnPostprocessAllAssets 0.242ms
			InputActionJsonNameModifierAssetProcessor.OnPostprocessAllAssets 0.231ms
			DomainReloadProcessor.OnPostprocessAllAssets 0.216ms
			AssetEvents.OnPostprocessAllAssets 0.212ms
			StyleCatalogPostProcessor.OnPostprocessAllAssets 0.189ms
			ProjectSettingsPostprocessor.OnPostprocessAllAssets 0.142ms
			AssetDatabaseCallbacks.OnPostprocessAllAssets 0.130ms
			SpeedTreePostProcessor.OnPostprocessAllAssets 0.122ms
			TerrainToolbarOverlayPostProcessor.OnPostprocessAllAssets 0.118ms
			SamplePostprocessor.OnPostprocessAllAssets 0.107ms
			ConfigAssetsTracker.OnPostprocessAllAssets 0.104ms
			ScenarioDriftAssetsTracker.OnPostprocessAllAssets 0.098ms
			AudioContainerPostProcessor.OnPostprocessAllAssets 0.061ms
	PostAssetChangesProfiler: 44.374ms
	GatherAllCurrentPrimaryImportResultRevisions: 0.277ms
	PersistCurrentRevisions: 0.155ms
	GenerateScriptTypeHashes: 2.830ms
	GenerateScriptTypeSerializationHashes: 5.073ms
	Untracked: 3926.460ms

[Licensing::Client] Successfully resolved entitlement details
[Licensing::Client] Successfully resolved entitlement details
[Licensing::Client] Successfully resolved entitlement details
[main 2026-08-06T16:46:14.125Z] update#setState checking for updates
[main 2026-08-06T16:46:14.356Z] update#setState downloading
[main 2026-08-06T16:46:33.092Z] update#setState downloading
[Worker5] Imported GUID: 08c603ae206b1524dbb3c01e6a585c76 - Path: Assets/Scripts/UnityRuntime/Visualization/Boiler/ProceduralBoilerWaterSurfaceMesh.cs - Importer: PreviewImporter -> (ImportResultId: '00000000000000000000000000000000') in 0.0308237 seconds
[Worker5] Import Error Code:(4)
Message: Build asset version error: assets/scripts/unityruntime/visualization/boiler/proceduralboilerwatersurfacemesh.cs in SourceAssetDB has modification time of '2026-08-06T16:45:40.5515492Z' while content on disk has modification time of '2026-08-06T16:45:49.5241851Z'
[Worker5] Imported GUID: 08c603ae206b1524dbb3c01e6a585c76 - Path: Assets/Scripts/UnityRuntime/Visualization/Boiler/ProceduralBoilerWaterSurfaceMesh.cs - Importer: PreviewImporter -> (ImportResultId: '00000000000000000000000000000000') in 0.0283671 seconds
[Worker5] Import Error Code:(4)
Message: Build asset version error: assets/scripts/unityruntime/visualization/boiler/proceduralboilerwatersurfacemesh.cs in SourceAssetDB has modification time of '2026-08-06T16:45:40.5515492Z' while content on disk has modification time of '2026-08-06T16:45:49.5241851Z'
[Worker5] Imported GUID: 08c603ae206b1524dbb3c01e6a585c76 - Path: Assets/Scripts/UnityRuntime/Visualization/Boiler/ProceduralBoilerWaterSurfaceMesh.cs - Importer: PreviewImporter -> (ImportResultId: '00000000000000000000000000000000') in 0.0302395 seconds
[Worker5] Import Error Code:(4)
Message: Build asset version error: assets/scripts/unityruntime/visualization/boiler/proceduralboilerwatersurfacemesh.cs in SourceAssetDB has modification time of '2026-08-06T16:45:40.5515492Z' while content on disk has modification time of '2026-08-06T16:45:49.5241851Z'
[Worker5] Imported GUID: 08c603ae206b1524dbb3c01e6a585c76 - Path: Assets/Scripts/UnityRuntime/Visualization/Boiler/ProceduralBoilerWaterSurfaceMesh.cs - Importer: PreviewImporter -> (ImportResultId: '00000000000000000000000000000000') in 0.0288796 seconds
[Worker5] Import Error Code:(4)
Message: Build asset version error: assets/scripts/unityruntime/visualization/boiler/proceduralboilerwatersurfacemesh.cs in SourceAssetDB has modification time of '2026-08-06T16:45:40.5515492Z' while content on disk has modification time of '2026-08-06T16:45:49.5241851Z'
[Worker5] Imported GUID: 08c603ae206b1524dbb3c01e6a585c76 - Path: Assets/Scripts/UnityRuntime/Visualization/Boiler/ProceduralBoilerWaterSurfaceMesh.cs - Importer: PreviewImporter -> (ImportResultId: '00000000000000000000000000000000') in 0.522189 seconds
[Worker5] Import Error Code:(4)
Message: Build asset version error: assets/scripts/unityruntime/visualization/boiler/proceduralboilerwatersurfacemesh.cs in SourceAssetDB has modification time of '2026-08-06T16:45:40.5515492Z' while content on disk has modification time of '2026-08-06T16:45:49.5241851Z'
[ScriptCompilation] Requested script compilation because: AssetDatabase observed changes in script compilation related files
[Licensing::Client] Successfully resolved entitlement details
Assembly for Assembly Definition File 'Assets/Tests/PlayMode/IndustrialSim.PlayMode.Tests.asmdef' will not be compiled, because it has no scripts associated with it.
UnityEngine.Debug:ExtractStackTraceNoAlloc (byte*,int,string)
UnityEngine.StackTraceUtility:ExtractStackTrace ()
UnityEngine.DebugLogHandler:Internal_Log (UnityEngine.LogType,UnityEngine.LogOption,string,UnityEngine.Object)
UnityEngine.DebugLogHandler:LogFormat (UnityEngine.LogType,UnityEngine.Object,string,object[])
UnityEngine.Logger:LogFormat (UnityEngine.LogType,string,object[])
UnityEngine.Debug:LogWarningFormat (string,object[])
UnityEditor.Scripting.ScriptCompilation.EditorCompilation:WarnIfThereAreAssembliesWithoutAnyScripts (UnityEditor.Scripting.ScriptCompilation.ScriptAssemblySettings,UnityEditor.Scripting.ScriptCompilation.ScriptAssembly[])
UnityEditor.Scripting.ScriptCompilation.EditorCompilation:CompileScriptsWithSettings (UnityEditor.Scripting.ScriptCompilation.ScriptAssemblySettings)
UnityEditor.Scripting.ScriptCompilation.EditorCompilation:CompileScripts (UnityEditor.Scripting.ScriptCompilation.EditorScriptCompilationOptions,UnityEditor.BuildTarget,int,string[])
UnityEditor.Scripting.ScriptCompilation.EditorCompilation:TickCompilationPipeline (UnityEditor.Scripting.ScriptCompilation.EditorScriptCompilationOptions,UnityEditor.BuildTarget,int,string[],bool)
UnityEditor.Scripting.ScriptCompilation.EditorCompilationInterface:TickCompilationPipeline (UnityEditor.Scripting.ScriptCompilation.EditorScriptCompilationOptions,UnityEditor.BuildTarget,int,string[],bool)

info: Microsoft.AspNetCore.Hosting.Diagnostics[1]
      Request starting HTTP/2 POST http://ilpp/UnityILPP.PostProcessing/Ping - application/grpc -
info: Microsoft.AspNetCore.Routing.EndpointMiddleware[0]
      Executing endpoint 'gRPC - /UnityILPP.PostProcessing/Ping'
info: Microsoft.AspNetCore.Routing.EndpointMiddleware[1]
      Executed endpoint 'gRPC - /UnityILPP.PostProcessing/Ping'
info: Microsoft.AspNetCore.Hosting.Diagnostics[2]
      Request finished HTTP/2 POST http://ilpp/UnityILPP.PostProcessing/Ping - 200 - application/grpc 0.2670ms
Starting: C:\Program Files\Unity\Hub\Editor\6000.5.1f1\Editor\Data\Tools\BuildPipeline\bee_backend.exe --ipc --defer-dag-verification --dagfile="Library/Bee/1900b0aE.dag" --continue-on-failure --profile="Library/Bee/backend1.traceevents" ScriptAssemblies
WorkingDir: C:/Projetos/IC_Proccess_Simulation
info: Microsoft.AspNetCore.Hosting.Diagnostics[1]
      Request starting HTTP/2 POST http://ilpp/UnityILPP.PostProcessing/ConfigurePostProcessors - application/grpc -
info: Microsoft.AspNetCore.Routing.EndpointMiddleware[0]
      Executing endpoint 'gRPC - /UnityILPP.PostProcessing/ConfigurePostProcessors'
info: Unity.ILPP.Runner.PostProcessingAssemblyLoadContext[0]
      Current configuration matches the requested one, skipping
info: Microsoft.AspNetCore.Routing.EndpointMiddleware[1]
      Executed endpoint 'gRPC - /UnityILPP.PostProcessing/ConfigurePostProcessors'
info: Microsoft.AspNetCore.Hosting.Diagnostics[2]
      Request finished HTTP/2 POST http://ilpp/UnityILPP.PostProcessing/ConfigurePostProcessors - 200 - application/grpc 1.6648ms
info: Microsoft.AspNetCore.Hosting.Diagnostics[1]
      Request starting HTTP/2 POST http://ilpp/UnityILPP.PostProcessing/PostProcessAssembly - application/grpc -
info: Microsoft.AspNetCore.Routing.EndpointMiddleware[0]
      Executing endpoint 'gRPC - /UnityILPP.PostProcessing/PostProcessAssembly'
info: Unity.ILPP.Runner.PostProcessingPipeline[0]
      Processing assembly Library/Bee/artifacts/1900b0aE.dag/IndustrialSim.UnityRuntime.dll, with 143 defines and 303 references
info: Unity.ILPP.Runner.PostProcessingPipeline[0]
      processors: Unity.Jobs.CodeGen.JobsILPostProcessor, zzzUnity.Burst.CodeGen.BurstILPostProcessor
info: Unity.ILPP.Runner.PostProcessingPipeline[0]
      running Unity.Jobs.CodeGen.JobsILPostProcessor
info: Unity.ILPP.Runner.PostProcessingPipeline[0]
      running zzzUnity.Burst.CodeGen.BurstILPostProcessor
info: Microsoft.AspNetCore.Routing.EndpointMiddleware[1]
      Executed endpoint 'gRPC - /UnityILPP.PostProcessing/PostProcessAssembly'
info: Microsoft.AspNetCore.Hosting.Diagnostics[2]
      Request finished HTTP/2 POST http://ilpp/UnityILPP.PostProcessing/PostProcessAssembly - 200 - application/grpc 3.3633ms
ExitCode: 0 Duration: 0s511ms
[745/954    0s] ILPP-Configuration Library/ilpp-configuration.nevergeneratedoutput
[950/954    0s] Csc Library/Bee/artifacts/1900b0aE.dag/IndustrialSim.UnityRuntime.dll (+2 others)
[951/954    0s] ILPostProcess Library/Bee/artifacts/1900b0aE.dag/post-processed/IndustrialSim.UnityRuntime.dll (+pdb)
Processing assembly Library/Bee/artifacts/1900b0aE.dag/IndustrialSim.UnityRuntime.dll, with 143 defines and 303 references

processors: Unity.Jobs.CodeGen.JobsILPostProcessor, zzzUnity.Burst.CodeGen.BurstILPostProcessor

running Unity.Jobs.CodeGen.JobsILPostProcessor

running zzzUnity.Burst.CodeGen.BurstILPostProcessor
[952/954    0s] CopyFiles Library/ScriptAssemblies/IndustrialSim.UnityRuntime.pdb
[953/954    0s] CopyFiles Library/ScriptAssemblies/IndustrialSim.UnityRuntime.dll
*** Tundra build success (0.46 seconds), 5 items updated, 954 evaluated
Reloading assemblies after forced synchronous recompile.
Begin MonoManager ReloadAssembly
Total cache size 134027684
Total cache size after purge 134027684, took 00:00:00.2035987
[main 2026-08-06T16:46:48.633Z] update#setState downloaded
Native extension for UWP target not found
Native extension for WindowsStandalone target not found
Native extension for OSXStandalone target not found
Native extension for WebGL target not found
[MODES] ModeService[none].Initialize
[MODES] ModeService[none].LoadModes
ScheduleIndexationOnStartup MainProcess:True IndexOnStartup:True
Mono: successfully reloaded assembly
- Finished resetting the current domain, in  1.956 seconds
Domain Reload Profiling: 3419ms
	BeginReloadAssembly (1002ms)
		DisableScriptedObjects (284ms)
		CreateAndSetChildDomain (414ms)
	RebuildCommonClasses (8ms)
	RebuildNativeTypeToScriptingClass (12ms)
	initialDomainReloadingComplete (57ms)
	LoadAllAssembliesAndSetupDomain (385ms)
		LoadAssemblies (124ms)
		AnalyzeDomain (228ms)
			TypeCache.Refresh (11ms)
			BuildScriptInfoCaches (207ms)
			ResolveRequiredComponents (8ms)
	FinalizeReload (1957ms)
		SetupLoadedEditorAssemblies (0ms)
			InitializePlatformSupportModulesInManaged (9ms)
			BeforeProcessingInitializeOnLoad (179ms)
			ProcessInitializeOnLoadAttributes (349ms)
			ProcessInitializeOnLoadMethodAttributes (176ms)
			AfterProcessingInitializeOnLoad (9ms)
		AwakeInstancesAfterBackupRestoration (585ms)

Asset Pipeline Refresh (id=f59c5aa6261f1dd4daf7d13477f36e21): Total: 9.188 seconds - Initiated by RefreshV2(AllowForceSynchronousImport)
	(Values over 0.05ms)
	Summary:
		Imports: total=0 (actual=0, local cache=0, cache server=0)
		Asset DB Process Time: managed=0 ms, native=6697 ms
		Asset DB Callback time: managed=61 ms, native=164 ms
		Scripting: domain reloads=1, domain reload time=1531 ms, compile time=734 ms, other=0 ms
		Project Asset Count: scripts=1675, non-scripts=3266
		Asset File Changes: new=0, changed=1, moved=0, deleted=0
		Scan Filter Count: 0
	InvokePackagesCallback: 3.538ms
	ApplyChangesToAssetFolders: 0.824ms
	Scan: 10.160ms
	Collect global state as custom dependencies: 1.724ms
	OnSourceAssetsModified: 0.718ms
	ProcessAssetsWithTransientArtifactChanges: 6.515ms
	CategorizeAssets: 74.216ms
	CompileScripts: 734.172ms
	ImportOutOfDateAssets: 2019.219ms (1970.345ms without children)
		CollectScriptTypesHashes: 1.861ms
		ReloadNativeAssets: 1.437ms
		UnloadImportedAssets: 0.090ms
		EnsureUptoDateAssetsAreRegisteredWithGuidPM: 0.576ms
		ImportSchedulerStart: 46.746ms
	PostProcessAllAssets: 176.111ms
		PostProcessCallbackCreateDeferredMaterials 114.115ms
		XRBuildSystem.XRAssetImported 0.368ms
		MonoPostProcessAllAssets: 60.962ms
			HDRenderPipelineGlobalSettingsPostprocessor.OnPostprocessAllAssets 12.367ms
			SyncVS.PostprocessSyncProject 7.093ms
			BuilderAssetPostprocessor.OnPostprocessAllAssets 5.416ms
			AssetChangedListener.OnPostprocessAllAssets 5.036ms
			AssetPostprocessor.OnPostprocessAllAssets 3.751ms
			MaterialPostprocessor.OnPostprocessAllAssets 3.340ms
			SpeedTree9Postprocessor.OnPostprocessAllAssets 1.706ms
			WindowAssetPostprocessingWatcher.OnPostprocessAllAssets 1.549ms
			ShaderGraphAssetPostProcessor.OnPostprocessAllAssets 1.270ms
			RetainedModeAssetPostprocessor.OnPostprocessAllAssets 1.124ms
			VFXGraphPreprocessor.OnPostprocessAllAssets 0.956ms
			AudioMixerPostprocessor.OnPostprocessAllAssets 0.712ms
			RenderPipelineGlobalSettingsPostprocessor.OnPostprocessAllAssets 0.688ms
			SampleDependencyImporterPostProcessor.OnPostprocessAllAssets 0.609ms
			ArtifactBrowserPostProcessor.OnPostprocessAllAssets 0.586ms
			TMPro_TexturePostProcessor.OnPostprocessAllAssets 0.485ms
			ReferencedClipsPostProcessor.OnPostprocessAllAssets 0.396ms
			AssetEvents.OnPostprocessAllAssets 0.394ms
			InputActionAssetPostprocessor.OnPostprocessAllAssets 0.323ms
			CinemachineSettings.OnPostprocessAllAssets 0.312ms
			UVCSAssetPostprocessor.OnPostprocessAllAssets 0.296ms
			TextAssetPostProcessor.OnPostprocessAllAssets 0.285ms
			StyleCatalogPostProcessor.OnPostprocessAllAssets 0.284ms
			ShaderReflectionAssetPostProcessor.OnPostprocessAllAssets 0.270ms
			InputActionJsonNameModifierAssetProcessor.OnPostprocessAllAssets 0.220ms
			DomainReloadProcessor.OnPostprocessAllAssets 0.213ms
			PostProcessor.OnPostprocessAllAssets 0.195ms
			ProjectSettingsPostprocessor.OnPostprocessAllAssets 0.160ms
			SpeedTreePostProcessor.OnPostprocessAllAssets 0.140ms
			AssetDatabaseCallbacks.OnPostprocessAllAssets 0.140ms
			TerrainToolbarOverlayPostProcessor.OnPostprocessAllAssets 0.129ms
			ConfigAssetsTracker.OnPostprocessAllAssets 0.117ms
			SamplePostprocessor.OnPostprocessAllAssets 0.114ms
			ScenarioDriftAssetsTracker.OnPostprocessAllAssets 0.106ms
			AudioContainerPostProcessor.OnPostprocessAllAssets 0.067ms
	PostAssetChangesProfiler: 48.839ms
	GatherAllCurrentPrimaryImportResultRevisions: 0.671ms
	UnloadStreamsBegin: 0.079ms
	PersistCurrentRevisions: 0.130ms
	GenerateScriptTypeHashes: 2.749ms
	GenerateScriptTypeSerializationHashes: 4.915ms
	Untracked: 6105.322ms

[Licensing::Client] Successfully resolved entitlement details
[Licensing::Client] Successfully resolved entitlement details
Asset Pipeline Refresh (id=58493de6e132cfd48a9efe79d0f05607): Total: 0.004 seconds - Initiated by RefreshV2(AllowForceSynchronousImport)
[Licensing::Client] Successfully resolved entitlement details
[Worker5] Imported GUID: 08c603ae206b1524dbb3c01e6a585c76 - Path: Assets/Scripts/UnityRuntime/Visualization/Boiler/ProceduralBoilerWaterSurfaceMesh.cs - Importer: PreviewImporter -> (ImportResultId: 'af6824e72de094b0c96acf402918848b') in 0.0259328 seconds
Asset Pipeline Refresh (id=88257a0f8c4380e48847d3c9cbccf367): Total: 0.094 seconds - Initiated by RefreshV2(AllowForceSynchronousImport)
Asset Pipeline Refresh (id=a3c4ba4efad97584e98f1e798ccdedc4): Total: 0.006 seconds - Initiated by RefreshV2(AllowForceSynchronousImport)
Asset Pipeline Refresh (id=7ecbc0ae9f59efa41b4e1355fc813978): Total: 0.003 seconds - Initiated by RefreshV2(AllowForceSynchronousImport)
Asset Pipeline Refresh (id=b4ab266695aff404387e19a23577df3e): Total: 0.005 seconds - Initiated by RefreshV2(AllowForceSynchronousImport)
[main 2026-08-06T16:48:17.428Z] update#setState ready
Asset Pipeline Refresh (id=78175627d2b3e544b832030f1fe71b93): Total: 0.005 seconds - Initiated by RefreshV2(AllowForceSynchronousImport)
[Worker2] Imported GUID: 08c603ae206b1524dbb3c01e6a585c76 - Path: Assets/Scripts/UnityRuntime/Visualization/Boiler/ProceduralBoilerWaterSurfaceMesh.cs - Importer: ScriptedImporter/UnityEditor.QuickSearchModule:UnityEditor.Search:ASIAI0B -> (ImportResultId: '50fb20236fc50db32a6c737ae18dc8f9') in 0.0891568 seconds
[ScriptCompilation] Requested script compilation because: AssetDatabase observed changes in script compilation related files
[Licensing::Client] Successfully resolved entitlement details
Refreshing native plugins compatible for Editor in 2.10 ms, found 4 plugins.

Asset Pipeline Refresh (id=06b33feee5543e54e951dba965fcc86f): Total: 0.336 seconds - Initiated by StopAssetImportingV2(NoUpdateAssetOptions)
	(Values over 0.05ms)
	Summary:
		Imports: total=0 (actual=0, local cache=0, cache server=0)
		Asset DB Process Time: managed=0 ms, native=168 ms
		Asset DB Callback time: managed=161 ms, native=5 ms
		Scripting: domain reloads=0, domain reload time=0 ms, compile time=1 ms, other=0 ms
		Project Asset Count: scripts=1675, non-scripts=3266
		Asset File Changes: new=1, changed=1, moved=0, deleted=0
		Scan Filter Count: 6
	ApplyChangesToAssetFolders: 0.116ms
	Scan: 18.129ms
	Collect global state as custom dependencies: 0.058ms
	OnSourceAssetsModified: 0.604ms
	ProcessAssetsWithTransientArtifactChanges: 0.742ms
	CategorizeAssets: 31.658ms
	CompileScripts: 0.591ms
	ImportOutOfDateAssets: 56.031ms (6.225ms without children)
		UnloadImportedAssets: 0.180ms
		EnsureUptoDateAssetsAreRegisteredWithGuidPM: 0.382ms
		ImportSchedulerStart: 49.202ms
	PostProcessAllAssets: 159.259ms
		PostProcessCallbackCreateDeferredMaterials 2.291ms
		XRBuildSystem.XRAssetImported 0.382ms
		MonoPostProcessAllAssets: 156.321ms
			SyncVS.PostprocessSyncProject 152.676ms
			ProjectSettingsPostprocessor.OnPostprocessAllAssets 0.954ms
			MaterialPostprocessor.OnPostprocessAllAssets 0.256ms
			AssetChangedListener.OnPostprocessAllAssets 0.237ms
			AssetPostprocessor.OnPostprocessAllAssets 0.199ms
			AudioContainerPostProcessor.OnPostprocessAllAssets 0.166ms
			StyleCatalogPostProcessor.OnPostprocessAllAssets 0.158ms
			InputActionJsonNameModifierAssetProcessor.OnPostprocessAllAssets 0.135ms
			AudioMixerPostprocessor.OnPostprocessAllAssets 0.124ms
			ShaderGraphAssetPostProcessor.OnPostprocessAllAssets 0.080ms
			RenderPipelineGlobalSettingsPostprocessor.OnPostprocessAllAssets 0.073ms
	PostAssetChangesProfiler: 6.987ms
	GatherAllCurrentPrimaryImportResultRevisions: 0.177ms
	PersistCurrentRevisions: 0.139ms
	Untracked: 61.443ms

[Worker5] Imported GUID: 1ae4037c94a81b541ac220f66e3355be - Path: Assets/Scripts/UnityRuntime/Visualization/Boiler/BoilerWaterPreviewController.cs - Importer: PreviewImporter -> (ImportResultId: 'ddf286df216f220d8ca09a90b6cad171') in 0.0248927 seconds
Assembly for Assembly Definition File 'Assets/Tests/PlayMode/IndustrialSim.PlayMode.Tests.asmdef' will not be compiled, because it has no scripts associated with it.
UnityEngine.Debug:ExtractStackTraceNoAlloc (byte*,int,string)
UnityEngine.StackTraceUtility:ExtractStackTrace ()
UnityEngine.DebugLogHandler:Internal_Log (UnityEngine.LogType,UnityEngine.LogOption,string,UnityEngine.Object)
UnityEngine.DebugLogHandler:LogFormat (UnityEngine.LogType,UnityEngine.Object,string,object[])
UnityEngine.Logger:LogFormat (UnityEngine.LogType,string,object[])
UnityEngine.Debug:LogWarningFormat (string,object[])
UnityEditor.Scripting.ScriptCompilation.EditorCompilation:WarnIfThereAreAssembliesWithoutAnyScripts (UnityEditor.Scripting.ScriptCompilation.ScriptAssemblySettings,UnityEditor.Scripting.ScriptCompilation.ScriptAssembly[])
UnityEditor.Scripting.ScriptCompilation.EditorCompilation:CompileScriptsWithSettings (UnityEditor.Scripting.ScriptCompilation.ScriptAssemblySettings)
UnityEditor.Scripting.ScriptCompilation.EditorCompilation:CompileScripts (UnityEditor.Scripting.ScriptCompilation.EditorScriptCompilationOptions,UnityEditor.BuildTarget,int,string[])
UnityEditor.Scripting.ScriptCompilation.EditorCompilation:TickCompilationPipeline (UnityEditor.Scripting.ScriptCompilation.EditorScriptCompilationOptions,UnityEditor.BuildTarget,int,string[],bool)
UnityEditor.Scripting.ScriptCompilation.EditorCompilationInterface:TickCompilationPipeline (UnityEditor.Scripting.ScriptCompilation.EditorScriptCompilationOptions,UnityEditor.BuildTarget,int,string[],bool)

info: Microsoft.AspNetCore.Hosting.Diagnostics[1]
      Request starting HTTP/2 POST http://ilpp/UnityILPP.PostProcessing/Ping - application/grpc -
info: Microsoft.AspNetCore.Routing.EndpointMiddleware[0]
      Executing endpoint 'gRPC - /UnityILPP.PostProcessing/Ping'
info: Microsoft.AspNetCore.Routing.EndpointMiddleware[1]
      Executed endpoint 'gRPC - /UnityILPP.PostProcessing/Ping'
info: Microsoft.AspNetCore.Hosting.Diagnostics[2]
      Request finished HTTP/2 POST http://ilpp/UnityILPP.PostProcessing/Ping - 200 - application/grpc 0.2694ms
Starting: C:\Program Files\Unity\Hub\Editor\6000.5.1f1\Editor\Data\Tools\BuildPipeline\bee_backend.exe --ipc --defer-dag-verification --dagfile="Library/Bee/1900b0aE.dag" --continue-on-failure --profile="Library/Bee/backend1.traceevents" ScriptAssemblies
WorkingDir: C:/Projetos/IC_Proccess_Simulation
info: Microsoft.AspNetCore.Hosting.Diagnostics[1]
      Request starting HTTP/2 POST http://ilpp/UnityILPP.PostProcessing/ConfigurePostProcessors - application/grpc -
info: Microsoft.AspNetCore.Routing.EndpointMiddleware[0]
      Executing endpoint 'gRPC - /UnityILPP.PostProcessing/ConfigurePostProcessors'
info: Unity.ILPP.Runner.PostProcessingAssemblyLoadContext[0]
      Current configuration matches the requested one, skipping
info: Microsoft.AspNetCore.Routing.EndpointMiddleware[1]
      Executed endpoint 'gRPC - /UnityILPP.PostProcessing/ConfigurePostProcessors'
info: Microsoft.AspNetCore.Hosting.Diagnostics[2]
      Request finished HTTP/2 POST http://ilpp/UnityILPP.PostProcessing/ConfigurePostProcessors - 200 - application/grpc 1.2877ms
ExitCode: 4 Duration: 0s230ms
Rebuilding DAG because FileSignature timestamp changed: Library/Bee/1900b0aE-inputdata.json
[746/954    0s] ILPP-Configuration Library/ilpp-configuration.nevergeneratedoutput
*** Tundra requires additional run (0.20 seconds), 1 items updated, 745 evaluated
Starting: C:\Program Files\Unity\Hub\Editor\6000.5.1f1\Editor\Data\netcorerun\netcorerun.exe "C:\Program Files\Unity\Hub\Editor\6000.5.1f1\Editor\Data\Tools\BuildPipeline\ScriptCompilationBuildProgram.exe" "Library/Bee/1900b0aE.dag.json" "Library/Bee/1900b0aE-inputdata.json" "Library\Bee\buildprogram0.traceevents"
WorkingDir: C:/Projetos/IC_Proccess_Simulation
[Worker2] Imported GUID: 1ae4037c94a81b541ac220f66e3355be - Path: Assets/Scripts/UnityRuntime/Visualization/Boiler/BoilerWaterPreviewController.cs - Importer: ScriptedImporter/UnityEditor.QuickSearchModule:UnityEditor.Search:ASIAI0B -> (ImportResultId: 'f28eef996e6eecfcfaf66222e892e349') in 0.0323202 seconds
ExitCode: 0 Duration: 1s97ms
Starting: C:\Program Files\Unity\Hub\Editor\6000.5.1f1\Editor\Data\Tools\BuildPipeline\bee_backend.exe --ipc --defer-dag-verification --dagfile="Library/Bee/1900b0aE.dag" --continue-on-failure --dagfilejson="Library\Bee\1900b0aE.dag.json" --profile="Library/Bee/backend2.traceevents" ScriptAssemblies
WorkingDir: C:/Projetos/IC_Proccess_Simulation
info: Microsoft.AspNetCore.Hosting.Diagnostics[1]
      Request starting HTTP/2 POST http://ilpp/UnityILPP.PostProcessing/ConfigurePostProcessors - application/grpc -
info: Microsoft.AspNetCore.Routing.EndpointMiddleware[0]
      Executing endpoint 'gRPC - /UnityILPP.PostProcessing/ConfigurePostProcessors'
info: Unity.ILPP.Runner.PostProcessingAssemblyLoadContext[0]
      Current configuration matches the requested one, skipping
info: Microsoft.AspNetCore.Routing.EndpointMiddleware[1]
      Executed endpoint 'gRPC - /UnityILPP.PostProcessing/ConfigurePostProcessors'
info: Microsoft.AspNetCore.Hosting.Diagnostics[2]
      Request finished HTTP/2 POST http://ilpp/UnityILPP.PostProcessing/ConfigurePostProcessors - 200 - application/grpc 0.9508ms
info: Microsoft.AspNetCore.Hosting.Diagnostics[1]
      Request starting HTTP/2 POST http://ilpp/UnityILPP.PostProcessing/PostProcessAssembly - application/grpc -
info: Microsoft.AspNetCore.Routing.EndpointMiddleware[0]
      Executing endpoint 'gRPC - /UnityILPP.PostProcessing/PostProcessAssembly'
info: Unity.ILPP.Runner.PostProcessingPipeline[0]
      Processing assembly Library/Bee/artifacts/1900b0aE.dag/IndustrialSim.UnityRuntime.dll, with 143 defines and 303 references
info: Unity.ILPP.Runner.PostProcessingPipeline[0]
      processors: Unity.Jobs.CodeGen.JobsILPostProcessor, zzzUnity.Burst.CodeGen.BurstILPostProcessor
info: Unity.ILPP.Runner.PostProcessingPipeline[0]
      running Unity.Jobs.CodeGen.JobsILPostProcessor
info: Unity.ILPP.Runner.PostProcessingPipeline[0]
      running zzzUnity.Burst.CodeGen.BurstILPostProcessor
info: Microsoft.AspNetCore.Routing.EndpointMiddleware[1]
      Executed endpoint 'gRPC - /UnityILPP.PostProcessing/PostProcessAssembly'
info: Microsoft.AspNetCore.Hosting.Diagnostics[2]
      Request finished HTTP/2 POST http://ilpp/UnityILPP.PostProcessing/PostProcessAssembly - 200 - application/grpc 3.0916ms
ExitCode: 0 Duration: 0s809ms
Finished compiling graph: 957 nodes, 18253 flattened edges (15585 ToBuild, 150 ToUse), maximum node priority 1016
[539/954    0s] WriteText Library/Bee/artifacts/1900b0aE.dag/IndustrialSim.UnityRuntime.rsp
[745/954    0s] ILPP-Configuration Library/ilpp-configuration.nevergeneratedoutput
[950/954    0s] Csc Library/Bee/artifacts/1900b0aE.dag/IndustrialSim.UnityRuntime.dll (+2 others)
[951/954    0s] ILPostProcess Library/Bee/artifacts/1900b0aE.dag/post-processed/IndustrialSim.UnityRuntime.dll (+pdb)
Processing assembly Library/Bee/artifacts/1900b0aE.dag/IndustrialSim.UnityRuntime.dll, with 143 defines and 303 references

processors: Unity.Jobs.CodeGen.JobsILPostProcessor, zzzUnity.Burst.CodeGen.BurstILPostProcessor

running Unity.Jobs.CodeGen.JobsILPostProcessor

running zzzUnity.Burst.CodeGen.BurstILPostProcessor
[952/954    0s] CopyFiles Library/ScriptAssemblies/IndustrialSim.UnityRuntime.pdb
[953/954    0s] CopyFiles Library/ScriptAssemblies/IndustrialSim.UnityRuntime.dll
*** Tundra build success (0.78 seconds), 6 items updated, 954 evaluated
Reloading assemblies after forced synchronous recompile.
Begin MonoManager ReloadAssembly
Total cache size 134027684
Total cache size after purge 134027684, took 00:00:00.4954286
Refreshing native plugins compatible for Editor in 2.38 ms, found 4 plugins.
Native extension for UWP target not found
Native extension for WindowsStandalone target not found
Native extension for OSXStandalone target not found
Native extension for WebGL target not found
[MODES] ModeService[none].Initialize
[MODES] ModeService[none].LoadModes
ScheduleIndexationOnStartup MainProcess:True IndexOnStartup:True
Mono: successfully reloaded assembly
- Finished resetting the current domain, in  1.920 seconds
Domain Reload Profiling: 3315ms
	BeginReloadAssembly (809ms)
		DisableScriptedObjects (203ms)
		CreateAndSetChildDomain (396ms)
	RebuildCommonClasses (9ms)
	RebuildNativeTypeToScriptingClass (12ms)
	initialDomainReloadingComplete (61ms)
	LoadAllAssembliesAndSetupDomain (502ms)
		LoadAssemblies (181ms)
		AnalyzeDomain (272ms)
			TypeCache.Refresh (16ms)
			BuildScriptInfoCaches (243ms)
			ResolveRequiredComponents (11ms)
	FinalizeReload (1921ms)
		SetupLoadedEditorAssemblies (0ms)
			InitializePlatformSupportModulesInManaged (9ms)
			BeforeProcessingInitializeOnLoad (169ms)
			ProcessInitializeOnLoadAttributes (334ms)
			ProcessInitializeOnLoadMethodAttributes (155ms)
			AfterProcessingInitializeOnLoad (8ms)
		AwakeInstancesAfterBackupRestoration (555ms)

Asset Pipeline Refresh (id=8978786828f2d2b4f9e2c3e42aca2a53): Total: 4.049 seconds - Initiated by RefreshV2(AllowForceSynchronousImport)
	(Values over 0.05ms)
	Summary:
		Imports: total=0 (actual=0, local cache=0, cache server=0)
		Asset DB Process Time: managed=0 ms, native=2128 ms
		Asset DB Callback time: managed=58 ms, native=50 ms
		Scripting: domain reloads=1, domain reload time=1674 ms, compile time=137 ms, other=0 ms
		Project Asset Count: scripts=1675, non-scripts=3266
		Asset File Changes: new=0, changed=0, moved=0, deleted=0
		Scan Filter Count: 0
	InvokePackagesCallback: 1.851ms
	ApplyChangesToAssetFolders: 0.360ms
	Scan: 6.333ms
	Collect global state as custom dependencies: 1.657ms
	ProcessAssetsWithTransientArtifactChanges: 9.045ms
	CategorizeAssets: 75.118ms
	CompileScripts: 136.616ms
	ImportOutOfDateAssets: 1997.526ms (1938.186ms without children)
		CollectScriptTypesHashes: 2.448ms
		ReloadNativeAssets: 1.453ms
		UnloadImportedAssets: 0.103ms
		EnsureUptoDateAssetsAreRegisteredWithGuidPM: 1.024ms
		ImportSchedulerStart: 56.717ms
	PostProcessAllAssets: 60.701ms
		PostProcessCallbackCreateDeferredMaterials 1.463ms
		XRBuildSystem.XRAssetImported 0.368ms
		MonoPostProcessAllAssets: 58.333ms
			HDRenderPipelineGlobalSettingsPostprocessor.OnPostprocessAllAssets 10.154ms
			SyncVS.PostprocessSyncProject 7.259ms
			BuilderAssetPostprocessor.OnPostprocessAllAssets 4.668ms
			AssetChangedListener.OnPostprocessAllAssets 4.616ms
			AssetPostprocessor.OnPostprocessAllAssets 3.147ms
			MaterialPostprocessor.OnPostprocessAllAssets 3.010ms
			SpeedTree9Postprocessor.OnPostprocessAllAssets 1.569ms
			WindowAssetPostprocessingWatcher.OnPostprocessAllAssets 1.453ms
			ShaderGraphAssetPostProcessor.OnPostprocessAllAssets 1.313ms
			RetainedModeAssetPostprocessor.OnPostprocessAllAssets 1.136ms
			VFXGraphPreprocessor.OnPostprocessAllAssets 0.916ms
			RenderPipelineGlobalSettingsPostprocessor.OnPostprocessAllAssets 0.770ms
			TMPro_TexturePostProcessor.OnPostprocessAllAssets 0.452ms
			ArtifactBrowserPostProcessor.OnPostprocessAllAssets 0.443ms
			SampleDependencyImporterPostProcessor.OnPostprocessAllAssets 0.325ms
			InputActionAssetPostprocessor.OnPostprocessAllAssets 0.295ms
			AudioMixerPostprocessor.OnPostprocessAllAssets 0.285ms
			CinemachineSettings.OnPostprocessAllAssets 0.274ms
			ReferencedClipsPostProcessor.OnPostprocessAllAssets 0.272ms
			ShaderReflectionAssetPostProcessor.OnPostprocessAllAssets 0.268ms
			TextAssetPostProcessor.OnPostprocessAllAssets 0.263ms
			UVCSAssetPostprocessor.OnPostprocessAllAssets 0.262ms
			AssetEvents.OnPostprocessAllAssets 0.221ms
			InputActionJsonNameModifierAssetProcessor.OnPostprocessAllAssets 0.220ms
			DomainReloadProcessor.OnPostprocessAllAssets 0.193ms
			PostProcessor.OnPostprocessAllAssets 0.190ms
			StyleCatalogPostProcessor.OnPostprocessAllAssets 0.188ms
			ProjectSettingsPostprocessor.OnPostprocessAllAssets 0.143ms
			SpeedTreePostProcessor.OnPostprocessAllAssets 0.125ms
			TerrainToolbarOverlayPostProcessor.OnPostprocessAllAssets 0.122ms
			AssetDatabaseCallbacks.OnPostprocessAllAssets 0.119ms
			ConfigAssetsTracker.OnPostprocessAllAssets 0.110ms
			SamplePostprocessor.OnPostprocessAllAssets 0.106ms
			ScenarioDriftAssetsTracker.OnPostprocessAllAssets 0.100ms
			AudioContainerPostProcessor.OnPostprocessAllAssets 0.060ms
	PostAssetChangesProfiler: 48.019ms
	GatherAllCurrentPrimaryImportResultRevisions: 0.237ms
	PersistCurrentRevisions: 0.133ms
	GenerateScriptTypeHashes: 3.308ms
	GenerateScriptTypeSerializationHashes: 5.794ms
	Untracked: 1704.681ms

[Licensing::Client] Successfully resolved entitlement details
[Licensing::Client] Successfully resolved entitlement details
[Licensing::Client] Successfully resolved entitlement details
[Worker5] Imported GUID: 1ae4037c94a81b541ac220f66e3355be - Path: Assets/Scripts/UnityRuntime/Visualization/Boiler/BoilerWaterPreviewController.cs - Importer: PreviewImporter -> (ImportResultId: '0b47ff2162ac826d8ab692f0ebc3535f') in 0.0281119 seconds
[ScriptCompilation] Requested script compilation because: AssetDatabase observed changes in script compilation related files
Assembly for Assembly Definition File 'Assets/Tests/PlayMode/IndustrialSim.PlayMode.Tests.asmdef' will not be compiled, because it has no scripts associated with it.
UnityEngine.Debug:ExtractStackTraceNoAlloc (byte*,int,string)
UnityEngine.StackTraceUtility:ExtractStackTrace ()
UnityEngine.DebugLogHandler:Internal_Log (UnityEngine.LogType,UnityEngine.LogOption,string,UnityEngine.Object)
UnityEngine.DebugLogHandler:LogFormat (UnityEngine.LogType,UnityEngine.Object,string,object[])
UnityEngine.Logger:LogFormat (UnityEngine.LogType,string,object[])
UnityEngine.Debug:LogWarningFormat (string,object[])
UnityEditor.Scripting.ScriptCompilation.EditorCompilation:WarnIfThereAreAssembliesWithoutAnyScripts (UnityEditor.Scripting.ScriptCompilation.ScriptAssemblySettings,UnityEditor.Scripting.ScriptCompilation.ScriptAssembly[])
UnityEditor.Scripting.ScriptCompilation.EditorCompilation:CompileScriptsWithSettings (UnityEditor.Scripting.ScriptCompilation.ScriptAssemblySettings)
UnityEditor.Scripting.ScriptCompilation.EditorCompilation:CompileScripts (UnityEditor.Scripting.ScriptCompilation.EditorScriptCompilationOptions,UnityEditor.BuildTarget,int,string[])
UnityEditor.Scripting.ScriptCompilation.EditorCompilation:TickCompilationPipeline (UnityEditor.Scripting.ScriptCompilation.EditorScriptCompilationOptions,UnityEditor.BuildTarget,int,string[],bool)
UnityEditor.Scripting.ScriptCompilation.EditorCompilationInterface:TickCompilationPipeline (UnityEditor.Scripting.ScriptCompilation.EditorScriptCompilationOptions,UnityEditor.BuildTarget,int,string[],bool)

info: Microsoft.AspNetCore.Hosting.Diagnostics[1]
      Request starting HTTP/2 POST http://ilpp/UnityILPP.PostProcessing/Ping - application/grpc -
info: Microsoft.AspNetCore.Routing.EndpointMiddleware[0]
      Executing endpoint 'gRPC - /UnityILPP.PostProcessing/Ping'
info: Microsoft.AspNetCore.Routing.EndpointMiddleware[1]
      Executed endpoint 'gRPC - /UnityILPP.PostProcessing/Ping'
info: Microsoft.AspNetCore.Hosting.Diagnostics[2]
      Request finished HTTP/2 POST http://ilpp/UnityILPP.PostProcessing/Ping - 200 - application/grpc 0.1456ms
Starting: C:\Program Files\Unity\Hub\Editor\6000.5.1f1\Editor\Data\Tools\BuildPipeline\bee_backend.exe --ipc --defer-dag-verification --dagfile="Library/Bee/1900b0aE.dag" --continue-on-failure --profile="Library/Bee/backend1.traceevents" ScriptAssemblies
WorkingDir: C:/Projetos/IC_Proccess_Simulation
info: Microsoft.AspNetCore.Hosting.Diagnostics[1]
      Request starting HTTP/2 POST http://ilpp/UnityILPP.PostProcessing/ConfigurePostProcessors - application/grpc -
info: Microsoft.AspNetCore.Routing.EndpointMiddleware[0]
      Executing endpoint 'gRPC - /UnityILPP.PostProcessing/ConfigurePostProcessors'
info: Unity.ILPP.Runner.PostProcessingAssemblyLoadContext[0]
      Current configuration matches the requested one, skipping
info: Microsoft.AspNetCore.Routing.EndpointMiddleware[1]
      Executed endpoint 'gRPC - /UnityILPP.PostProcessing/ConfigurePostProcessors'
info: Microsoft.AspNetCore.Hosting.Diagnostics[2]
      Request finished HTTP/2 POST http://ilpp/UnityILPP.PostProcessing/ConfigurePostProcessors - 200 - application/grpc 1.4464ms
info: Microsoft.AspNetCore.Hosting.Diagnostics[1]
      Request starting HTTP/2 POST http://ilpp/UnityILPP.PostProcessing/PostProcessAssembly - application/grpc -
info: Microsoft.AspNetCore.Routing.EndpointMiddleware[0]
      Executing endpoint 'gRPC - /UnityILPP.PostProcessing/PostProcessAssembly'
info: Unity.ILPP.Runner.PostProcessingPipeline[0]
      Processing assembly Library/Bee/artifacts/1900b0aE.dag/IndustrialSim.UnityRuntime.dll, with 143 defines and 303 references
info: Unity.ILPP.Runner.PostProcessingPipeline[0]
      processors: Unity.Jobs.CodeGen.JobsILPostProcessor, zzzUnity.Burst.CodeGen.BurstILPostProcessor
info: Unity.ILPP.Runner.PostProcessingPipeline[0]
      running Unity.Jobs.CodeGen.JobsILPostProcessor
info: Unity.ILPP.Runner.PostProcessingPipeline[0]
      running zzzUnity.Burst.CodeGen.BurstILPostProcessor
info: Microsoft.AspNetCore.Routing.EndpointMiddleware[1]
      Executed endpoint 'gRPC - /UnityILPP.PostProcessing/PostProcessAssembly'
info: Microsoft.AspNetCore.Hosting.Diagnostics[2]
      Request finished HTTP/2 POST http://ilpp/UnityILPP.PostProcessing/PostProcessAssembly - 200 - application/grpc 2.1891ms
ExitCode: 0 Duration: 0s400ms
[745/954    0s] ILPP-Configuration Library/ilpp-configuration.nevergeneratedoutput
[950/954    0s] Csc Library/Bee/artifacts/1900b0aE.dag/IndustrialSim.UnityRuntime.dll (+2 others)
[951/954    0s] ILPostProcess Library/Bee/artifacts/1900b0aE.dag/post-processed/IndustrialSim.UnityRuntime.dll (+pdb)
Processing assembly Library/Bee/artifacts/1900b0aE.dag/IndustrialSim.UnityRuntime.dll, with 143 defines and 303 references

processors: Unity.Jobs.CodeGen.JobsILPostProcessor, zzzUnity.Burst.CodeGen.BurstILPostProcessor

running Unity.Jobs.CodeGen.JobsILPostProcessor

running zzzUnity.Burst.CodeGen.BurstILPostProcessor
[952/954    0s] CopyFiles Library/ScriptAssemblies/IndustrialSim.UnityRuntime.pdb
[953/954    0s] CopyFiles Library/ScriptAssemblies/IndustrialSim.UnityRuntime.dll
*** Tundra build success (0.37 seconds), 5 items updated, 954 evaluated
Reloading assemblies after forced synchronous recompile.
Begin MonoManager ReloadAssembly
Total cache size 134027684
Total cache size after purge 134027684, took 00:00:00.1769343
Native extension for UWP target not found
Native extension for WindowsStandalone target not found
Native extension for OSXStandalone target not found
Native extension for WebGL target not found
[MODES] ModeService[none].Initialize
[MODES] ModeService[none].LoadModes
ScheduleIndexationOnStartup MainProcess:True IndexOnStartup:True
Mono: successfully reloaded assembly
- Finished resetting the current domain, in  1.794 seconds
Domain Reload Profiling: 3211ms
	BeginReloadAssembly (953ms)
		DisableScriptedObjects (278ms)
		CreateAndSetChildDomain (379ms)
	RebuildCommonClasses (8ms)
	RebuildNativeTypeToScriptingClass (12ms)
	initialDomainReloadingComplete (53ms)
	LoadAllAssembliesAndSetupDomain (391ms)
		LoadAssemblies (121ms)
		AnalyzeDomain (238ms)
			TypeCache.Refresh (12ms)
			BuildScriptInfoCaches (217ms)
			ResolveRequiredComponents (8ms)
	FinalizeReload (1795ms)
		SetupLoadedEditorAssemblies (0ms)
			InitializePlatformSupportModulesInManaged (9ms)
			BeforeProcessingInitializeOnLoad (162ms)
			ProcessInitializeOnLoadAttributes (325ms)
			ProcessInitializeOnLoadMethodAttributes (144ms)
			AfterProcessingInitializeOnLoad (5ms)
		AwakeInstancesAfterBackupRestoration (528ms)

Asset Pipeline Refresh (id=de76cce97aa92ab4bab21f50d4bb1597): Total: 4.163 seconds - Initiated by RefreshV2(AllowForceSynchronousImport)
	(Values over 0.05ms)
	Summary:
		Imports: total=0 (actual=0, local cache=0, cache server=0)
		Asset DB Process Time: managed=0 ms, native=1983 ms
		Asset DB Callback time: managed=55 ms, native=48 ms
		Scripting: domain reloads=1, domain reload time=1476 ms, compile time=599 ms, other=0 ms
		Project Asset Count: scripts=1675, non-scripts=3266
		Asset File Changes: new=0, changed=1, moved=0, deleted=0
		Scan Filter Count: 0
	InvokePackagesCallback: 1.999ms
	ApplyChangesToAssetFolders: 0.448ms
	Scan: 14.457ms
	Collect global state as custom dependencies: 1.703ms
	OnSourceAssetsModified: 0.666ms
	ProcessAssetsWithTransientArtifactChanges: 6.043ms
	CategorizeAssets: 64.672ms
	CompileScripts: 599.330ms
	ImportOutOfDateAssets: 1857.432ms (1808.620ms without children)
		CollectScriptTypesHashes: 2.529ms
		ReloadNativeAssets: 1.451ms
		UnloadImportedAssets: 0.090ms
		EnsureUptoDateAssetsAreRegisteredWithGuidPM: 0.565ms
		ImportSchedulerStart: 46.681ms
	PostProcessAllAssets: 56.015ms
		PostProcessCallbackCreateDeferredMaterials 0.648ms
		XRBuildSystem.XRAssetImported 0.362ms
		MonoPostProcessAllAssets: 54.592ms
			HDRenderPipelineGlobalSettingsPostprocessor.OnPostprocessAllAssets 10.161ms
			SyncVS.PostprocessSyncProject 6.839ms
			AssetChangedListener.OnPostprocessAllAssets 5.328ms
			BuilderAssetPostprocessor.OnPostprocessAllAssets 4.568ms
			AssetPostprocessor.OnPostprocessAllAssets 3.236ms
			MaterialPostprocessor.OnPostprocessAllAssets 2.972ms
			SpeedTree9Postprocessor.OnPostprocessAllAssets 1.660ms
			WindowAssetPostprocessingWatcher.OnPostprocessAllAssets 1.461ms
			ShaderGraphAssetPostProcessor.OnPostprocessAllAssets 1.393ms
			RetainedModeAssetPostprocessor.OnPostprocessAllAssets 1.194ms
			VFXGraphPreprocessor.OnPostprocessAllAssets 0.992ms
			RenderPipelineGlobalSettingsPostprocessor.OnPostprocessAllAssets 0.773ms
			TMPro_TexturePostProcessor.OnPostprocessAllAssets 0.458ms
			ArtifactBrowserPostProcessor.OnPostprocessAllAssets 0.427ms
			TextAssetPostProcessor.OnPostprocessAllAssets 0.398ms
			UVCSAssetPostprocessor.OnPostprocessAllAssets 0.369ms
			SampleDependencyImporterPostProcessor.OnPostprocessAllAssets 0.358ms
			InputActionAssetPostprocessor.OnPostprocessAllAssets 0.317ms
			AudioMixerPostprocessor.OnPostprocessAllAssets 0.300ms
			ShaderReflectionAssetPostProcessor.OnPostprocessAllAssets 0.299ms
			ReferencedClipsPostProcessor.OnPostprocessAllAssets 0.275ms
			CinemachineSettings.OnPostprocessAllAssets 0.275ms
			InputActionJsonNameModifierAssetProcessor.OnPostprocessAllAssets 0.229ms
			DomainReloadProcessor.OnPostprocessAllAssets 0.214ms
			AssetEvents.OnPostprocessAllAssets 0.208ms
			StyleCatalogPostProcessor.OnPostprocessAllAssets 0.207ms
			PostProcessor.OnPostprocessAllAssets 0.194ms
			ProjectSettingsPostprocessor.OnPostprocessAllAssets 0.145ms
			SpeedTreePostProcessor.OnPostprocessAllAssets 0.131ms
			SamplePostprocessor.OnPostprocessAllAssets 0.129ms
			AssetDatabaseCallbacks.OnPostprocessAllAssets 0.120ms
			TerrainToolbarOverlayPostProcessor.OnPostprocessAllAssets 0.120ms
			ConfigAssetsTracker.OnPostprocessAllAssets 0.119ms
			ScenarioDriftAssetsTracker.OnPostprocessAllAssets 0.090ms
			AudioContainerPostProcessor.OnPostprocessAllAssets 0.059ms
	PostAssetChangesProfiler: 46.630ms
	GatherAllCurrentPrimaryImportResultRevisions: 0.236ms
	PersistCurrentRevisions: 0.132ms
	GenerateScriptTypeHashes: 2.631ms
	GenerateScriptTypeSerializationHashes: 4.722ms
	Untracked: 1507.223ms

[Licensing::Client] Successfully resolved entitlement details
[Licensing::Client] Successfully resolved entitlement details
[Licensing::Client] Successfully resolved entitlement details
[Worker2] Imported GUID: 1ae4037c94a81b541ac220f66e3355be - Path: Assets/Scripts/UnityRuntime/Visualization/Boiler/BoilerWaterPreviewController.cs - Importer: PreviewImporter -> (ImportResultId: '8dc8b35d966991f82f11301f016d5b49') in 0.0269128 seconds
Asset Pipeline Refresh (id=07e902b69ad8c0d47a2b24f26cd5832f): Total: 0.004 seconds - Initiated by RefreshV2(AllowForceSynchronousImport)
Asset Pipeline Refresh (id=99cf6bc02794de54e88e7f4674863683): Total: 0.005 seconds - Initiated by RefreshV2(AllowForceSynchronousImport)
[Worker2] Imported GUID: 1ae4037c94a81b541ac220f66e3355be - Path: Assets/Scripts/UnityRuntime/Visualization/Boiler/BoilerWaterPreviewController.cs - Importer: ScriptedImporter/UnityEditor.QuickSearchModule:UnityEditor.Search:ASIAI0B -> (ImportResultId: 'c83ea003ac390d63824a3d06b08fd8ea') in 0.0941123 seconds
[ScriptCompilation] Requested script compilation because: AssetDatabase observed changes in script compilation related files
[Licensing::Client] Successfully resolved entitlement details

Asset Pipeline Refresh (id=7aa203efdab821941a7b660d095500f4): Total: 0.321 seconds - Initiated by StopAssetImportingV2(NoUpdateAssetOptions)
	(Values over 0.05ms)
	Summary:
		Imports: total=0 (actual=0, local cache=0, cache server=0)
		Asset DB Process Time: managed=0 ms, native=153 ms
		Asset DB Callback time: managed=163 ms, native=4 ms
		Scripting: domain reloads=0, domain reload time=0 ms, compile time=1 ms, other=0 ms
		Project Asset Count: scripts=1675, non-scripts=3266
		Asset File Changes: new=1, changed=1, moved=0, deleted=0
		Scan Filter Count: 5
	ApplyChangesToAssetFolders: 0.113ms
	Scan: 19.469ms
	OnSourceAssetsModified: 0.570ms
	ProcessAssetsWithTransientArtifactChanges: 1.035ms
	CategorizeAssets: 34.234ms
	CompileScripts: 0.575ms
	ImportOutOfDateAssets: 53.505ms (6.227ms without children)
		UnloadImportedAssets: 0.182ms
		EnsureUptoDateAssetsAreRegisteredWithGuidPM: 0.381ms
		ImportSchedulerStart: 46.675ms
	PostProcessAllAssets: 160.718ms
		PostProcessCallbackCreateDeferredMaterials 1.478ms
		XRBuildSystem.XRAssetImported 0.377ms
		MonoPostProcessAllAssets: 158.627ms
			SyncVS.PostprocessSyncProject 157.857ms
			AssetChangedListener.OnPostprocessAllAssets 0.220ms
			ShaderGraphAssetPostProcessor.OnPostprocessAllAssets 0.098ms
			RenderPipelineGlobalSettingsPostprocessor.OnPostprocessAllAssets 0.062ms
			AssetPostprocessor.OnPostprocessAllAssets 0.057ms
	PostAssetChangesProfiler: 6.207ms
	GatherAllCurrentPrimaryImportResultRevisions: 0.186ms
	PersistCurrentRevisions: 0.135ms
	Untracked: 44.402ms

[Worker5] Imported GUID: fbe4a6309f0af0b4582908257abca688 - Path: Assets/Shaders/Boiler/Includes/BoilerWaterSurfaceFunctions.hlsl.cs - Importer: PreviewImporter -> (ImportResultId: 'e62d6928cf51dc0bc5b2782fcd8827fa') in 0.0251565 seconds
Assembly for Assembly Definition File 'Assets/Tests/PlayMode/IndustrialSim.PlayMode.Tests.asmdef' will not be compiled, because it has no scripts associated with it.
UnityEngine.Debug:ExtractStackTraceNoAlloc (byte*,int,string)
UnityEngine.StackTraceUtility:ExtractStackTrace ()
UnityEngine.DebugLogHandler:Internal_Log (UnityEngine.LogType,UnityEngine.LogOption,string,UnityEngine.Object)
UnityEngine.DebugLogHandler:LogFormat (UnityEngine.LogType,UnityEngine.Object,string,object[])
UnityEngine.Logger:LogFormat (UnityEngine.LogType,string,object[])
UnityEngine.Debug:LogWarningFormat (string,object[])
UnityEditor.Scripting.ScriptCompilation.EditorCompilation:WarnIfThereAreAssembliesWithoutAnyScripts (UnityEditor.Scripting.ScriptCompilation.ScriptAssemblySettings,UnityEditor.Scripting.ScriptCompilation.ScriptAssembly[])
UnityEditor.Scripting.ScriptCompilation.EditorCompilation:CompileScriptsWithSettings (UnityEditor.Scripting.ScriptCompilation.ScriptAssemblySettings)
UnityEditor.Scripting.ScriptCompilation.EditorCompilation:CompileScripts (UnityEditor.Scripting.ScriptCompilation.EditorScriptCompilationOptions,UnityEditor.BuildTarget,int,string[])
UnityEditor.Scripting.ScriptCompilation.EditorCompilation:TickCompilationPipeline (UnityEditor.Scripting.ScriptCompilation.EditorScriptCompilationOptions,UnityEditor.BuildTarget,int,string[],bool)
UnityEditor.Scripting.ScriptCompilation.EditorCompilationInterface:TickCompilationPipeline (UnityEditor.Scripting.ScriptCompilation.EditorScriptCompilationOptions,UnityEditor.BuildTarget,int,string[],bool)

info: Microsoft.AspNetCore.Hosting.Diagnostics[1]
      Request starting HTTP/2 POST http://ilpp/UnityILPP.PostProcessing/Ping - application/grpc -
info: Microsoft.AspNetCore.Routing.EndpointMiddleware[0]
      Executing endpoint 'gRPC - /UnityILPP.PostProcessing/Ping'
info: Microsoft.AspNetCore.Routing.EndpointMiddleware[1]
      Executed endpoint 'gRPC - /UnityILPP.PostProcessing/Ping'
info: Microsoft.AspNetCore.Hosting.Diagnostics[2]
      Request finished HTTP/2 POST http://ilpp/UnityILPP.PostProcessing/Ping - 200 - application/grpc 0.1670ms
Starting: C:\Program Files\Unity\Hub\Editor\6000.5.1f1\Editor\Data\Tools\BuildPipeline\bee_backend.exe --ipc --defer-dag-verification --dagfile="Library/Bee/1900b0aE.dag" --continue-on-failure --profile="Library/Bee/backend1.traceevents" ScriptAssemblies
WorkingDir: C:/Projetos/IC_Proccess_Simulation
info: Microsoft.AspNetCore.Hosting.Diagnostics[1]
      Request starting HTTP/2 POST http://ilpp/UnityILPP.PostProcessing/ConfigurePostProcessors - application/grpc -
info: Microsoft.AspNetCore.Routing.EndpointMiddleware[0]
      Executing endpoint 'gRPC - /UnityILPP.PostProcessing/ConfigurePostProcessors'
info: Unity.ILPP.Runner.PostProcessingAssemblyLoadContext[0]
      Current configuration matches the requested one, skipping
info: Microsoft.AspNetCore.Routing.EndpointMiddleware[1]
      Executed endpoint 'gRPC - /UnityILPP.PostProcessing/ConfigurePostProcessors'
info: Microsoft.AspNetCore.Hosting.Diagnostics[2]
      Request finished HTTP/2 POST http://ilpp/UnityILPP.PostProcessing/ConfigurePostProcessors - 200 - application/grpc 0.9689ms
ExitCode: 4 Duration: 0s180ms
Rebuilding DAG because FileSignature timestamp changed: Library/Bee/1900b0aE-inputdata.json
[746/954    0s] ILPP-Configuration Library/ilpp-configuration.nevergeneratedoutput
*** Tundra requires additional run (0.16 seconds), 1 items updated, 745 evaluated
Starting: C:\Program Files\Unity\Hub\Editor\6000.5.1f1\Editor\Data\netcorerun\netcorerun.exe "C:\Program Files\Unity\Hub\Editor\6000.5.1f1\Editor\Data\Tools\BuildPipeline\ScriptCompilationBuildProgram.exe" "Library/Bee/1900b0aE.dag.json" "Library/Bee/1900b0aE-inputdata.json" "Library\Bee\buildprogram0.traceevents"
WorkingDir: C:/Projetos/IC_Proccess_Simulation
[Worker2] Imported GUID: fbe4a6309f0af0b4582908257abca688 - Path: Assets/Shaders/Boiler/Includes/BoilerWaterSurfaceFunctions.hlsl.cs - Importer: ScriptedImporter/UnityEditor.QuickSearchModule:UnityEditor.Search:ASIAI0B -> (ImportResultId: '2846d8cc8bb434c2f235e6d878b699cf') in 0.0368073 seconds
ExitCode: 0 Duration: 0s990ms
Starting: C:\Program Files\Unity\Hub\Editor\6000.5.1f1\Editor\Data\Tools\BuildPipeline\bee_backend.exe --ipc --defer-dag-verification --dagfile="Library/Bee/1900b0aE.dag" --continue-on-failure --dagfilejson="Library\Bee\1900b0aE.dag.json" --profile="Library/Bee/backend2.traceevents" ScriptAssemblies
WorkingDir: C:/Projetos/IC_Proccess_Simulation
info: Microsoft.AspNetCore.Hosting.Diagnostics[1]
      Request starting HTTP/2 POST http://ilpp/UnityILPP.PostProcessing/ConfigurePostProcessors - application/grpc -
info: Microsoft.AspNetCore.Routing.EndpointMiddleware[0]
      Executing endpoint 'gRPC - /UnityILPP.PostProcessing/ConfigurePostProcessors'
info: Unity.ILPP.Runner.PostProcessingAssemblyLoadContext[0]
      Current configuration matches the requested one, skipping
info: Microsoft.AspNetCore.Routing.EndpointMiddleware[1]
      Executed endpoint 'gRPC - /UnityILPP.PostProcessing/ConfigurePostProcessors'
info: Microsoft.AspNetCore.Hosting.Diagnostics[2]
      Request finished HTTP/2 POST http://ilpp/UnityILPP.PostProcessing/ConfigurePostProcessors - 200 - application/grpc 2.0617ms
ExitCode: 3 Duration: 1s189ms
Finished compiling graph: 985 nodes, 18969 flattened edges (16001 ToBuild, 152 ToUse), maximum node priority 1060
[539/982    0s] WriteText Library/Bee/artifacts/1900b0aE.dag/Assembly-CSharp.dll.mvfrm.rsp
[541/982    0s] WriteText Library/Bee/artifacts/1900b0aE.dag/Assembly-CSharp.rsp2
[542/982    0s] WriteText Library/Bee/artifacts/1900b0aE.dag/Assembly-CSharp.UnityAdditionalFile.txt
[543/982    0s] WriteText Library/Bee/artifacts/1900b0aE.dag/Assembly-CSharp.rsp
[544/982    0s] WriteResponseFile Library/Bee/artifacts/rsp/10678863128556690338.rsp
[751/982    0s] ILPP-Configuration Library/ilpp-configuration.nevergeneratedoutput
[959/982    0s] MovedFromExtractor Library/Bee/artifacts/mvdfrm/Unity.SurfaceCache.Runtime.ref.dll_1F80B23B2A61B75D.mvfrm
[960/982    0s] MovedFromExtractor Library/Bee/artifacts/mvdfrm/Unity.VisualScripting.Shared.Editor.ref.dll_9669F6EBFF6DFFB7.mvfrm
[961/982    0s] MovedFromExtractor Library/Bee/artifacts/mvdfrm/UnityEditor.UI.Analytics.ref.dll_3B64A5A3A726AD5D.mvfrm
[962/982    0s] MovedFromExtractor Library/Bee/artifacts/mvdfrm/Unity.InputSystem.ForUI.ref.dll_0478B67D1094CE70.mvfrm
[963/982    0s] MovedFromExtractor Library/Bee/artifacts/mvdfrm/Unity.Rider.Editor.ref.dll_9B5591808ABA37AF.mvfrm
[964/982    0s] MovedFromExtractor Library/Bee/artifacts/mvdfrm/Unity.Cinemachine.Editor.ref.dll_397E3F004AF07FAF.mvfrm
[965/982    0s] MovedFromExtractor Library/Bee/artifacts/mvdfrm/Unity.Burst.Editor.ref.dll_E2F92DAB6C167CC9.mvfrm
[966/982    0s] MovedFromExtractor Library/Bee/artifacts/mvdfrm/Unity.RenderPipelines.Core.ShaderLibrary.ref.dll_7F2C410A434F5518.mvfrm
[967/982    0s] MovedFromExtractor Library/Bee/artifacts/mvdfrm/Unity.Performance.Profile-Analyzer.Editor.ref.dll_65A192712782EB2B.mvfrm
[968/982    0s] MovedFromExtractor Library/Bee/artifacts/mvdfrm/Unity.TextMeshPro.Editor.ref.dll_159E061D77A10B86.mvfrm
[969/982    0s] MovedFromExtractor Library/Bee/artifacts/mvdfrm/Unity.VisualScripting.SettingsProvider.Editor.ref.dll_A1A44354E0B583A8.mvfrm
[970/982    0s] MovedFromExtractor Library/Bee/artifacts/mvdfrm/Unity.Multiplayer.Center.Editor.ref.dll_EB1F4B6E56116D4A.mvfrm
[971/982    0s] MovedFromExtractor Library/Bee/artifacts/mvdfrm/Unity.Collections.Editor.ref.dll_E4491E98C71DB4B4.mvfrm
[972/982    0s] MovedFromExtractor Library/Bee/artifacts/mvdfrm/Unity.TestTools.CodeCoverage.Editor.ref.dll_F09CF4826CE11CD9.mvfrm
[973/982    0s] MovedFromExtractor Library/Bee/artifacts/mvdfrm/Unity.EditorCoroutines.Editor.ref.dll_34ED10A34098B2DB.mvfrm
[974/982    0s] MovedFromExtractor Library/Bee/artifacts/mvdfrm/Unity.VisualStudio.Editor.ref.dll_3A975DBA53ABA4AD.mvfrm
[975/982    0s] MovedFromExtractor Library/Bee/artifacts/mvdfrm/Unity.Rendering.LightTransport.Editor.ref.dll_F96E2A343514CFAE.mvfrm
[976/982    0s] MovedFromExtractor Library/Bee/artifacts/mvdfrm/Unity.RenderPipelines.ShaderGraph.ShaderGraphLibrary.ref.dll_1A2083B43FB0BF18.mvfrm
[977/982    0s] MovedFromExtractor-Combine Library/Bee/artifacts/1900b0aE.dag/Assembly-CSharp.dll.mvfrm
[978/982    0s] Csc Library/Bee/artifacts/1900b0aE.dag/Assembly-CSharp.dll (+2 others)
##### CommandLine
"C:\Program Files\Unity\Hub\Editor\6000.5.1f1\Editor\Data\DotNetSdk\dotnet.exe" exec "C:/Program Files/Unity/Hub/Editor/6000.5.1f1/Editor/Data/DotNetSdk/sdk/8.0.318/Roslyn/bincore/csc.dll" /nostdlib /noconfig /shared "@Library/Bee/artifacts/1900b0aE.dag/Assembly-CSharp.rsp" "@Library/Bee/artifacts/1900b0aE.dag/Assembly-CSharp.rsp2"
##### Contents of Library\Bee\artifacts\1900b0aE.dag\Assembly-CSharp.rsp
-target:library
-out:"Library/Bee/artifacts/1900b0aE.dag/Assembly-CSharp.dll"
-refout:"Library/Bee/artifacts/1900b0aE.dag/Assembly-CSharp.ref.dll"
-define:UNITY_6000_5_1
-define:UNITY_6000_5
-define:UNITY_6000
-define:UNITY_5_3_OR_NEWER
-define:UNITY_5_4_OR_NEWER
-define:UNITY_5_5_OR_NEWER
-define:UNITY_5_6_OR_NEWER
-define:UNITY_2017_1_OR_NEWER
-define:UNITY_2017_2_OR_NEWER
-define:UNITY_2017_3_OR_NEWER
-define:UNITY_2017_4_OR_NEWER
-define:UNITY_2018_1_OR_NEWER
-define:UNITY_2018_2_OR_NEWER
-define:UNITY_2018_3_OR_NEWER
-define:UNITY_2018_4_OR_NEWER
-define:UNITY_2019_1_OR_NEWER
-define:UNITY_2019_2_OR_NEWER
-define:UNITY_2019_3_OR_NEWER
-define:UNITY_2019_4_OR_NEWER
-define:UNITY_2020_1_OR_NEWER
-define:UNITY_2020_2_OR_NEWER
-define:UNITY_2020_3_OR_NEWER
-define:UNITY_2021_1_OR_NEWER
-define:UNITY_2021_2_OR_NEWER
-define:UNITY_2021_3_OR_NEWER
-define:UNITY_2022_1_OR_NEWER
-define:UNITY_2022_2_OR_NEWER
-define:UNITY_2022_3_OR_NEWER
-define:UNITY_2023_1_OR_NEWER
-define:UNITY_2023_2_OR_NEWER
-define:UNITY_2023_3_OR_NEWER
-define:UNITY_6000_0_OR_NEWER
-define:UNITY_6000_1_OR_NEWER
-define:UNITY_6000_2_OR_NEWER
-define:UNITY_6000_3_OR_NEWER
-define:UNITY_6000_4_OR_NEWER
-define:UNITY_6000_5_OR_NEWER
-define:PLATFORM_ARCH_64
-define:UNITY_64
-define:UNITY_INCLUDE_TESTS
-define:UNITY_ENABLE_CLOUD_SERVICES_ENGINE_DIAGNOSTICS_MANAGED
-define:ENABLE_AR
-define:ENABLE_AUDIO
-define:ENABLE_AUDIO_SCRIPTABLE_PIPELINE
-define:ENABLE_CACHING
-define:ENABLE_CLOTH
-define:ENABLE_EVENT_QUEUE
-define:ENABLE_MICROPHONE
-define:ENABLE_MULTIPLE_DISPLAYS
-define:ENABLE_PHYSICS
-define:ENABLE_TEXTURE_STREAMING
-define:ENABLE_VIRTUALTEXTURING
-define:ENABLE_LZMA
-define:ENABLE_UNITYEVENTS
-define:ENABLE_VR
-define:ENABLE_WEBCAM
-define:ENABLE_UNITYWEBREQUEST
-define:ENABLE_WWW
-define:ENABLE_CLOUD_SERVICES
-define:ENABLE_CLOUD_SERVICES_ADS
-define:ENABLE_CLOUD_SERVICES_USE_WEBREQUEST
-define:ENABLE_UNITY_CONSENT
-define:ENABLE_UNITY_CLOUD_IDENTIFIERS
-define:ENABLE_CLOUD_SERVICES_CRASH_REPORTING
-define:ENABLE_CLOUD_SERVICES_NATIVE_CRASH_REPORTING
-define:ENABLE_CLOUD_SERVICES_PURCHASING
-define:ENABLE_CLOUD_SERVICES_ANALYTICS
-define:ENABLE_CLOUD_SERVICES_BUILD
-define:ENABLE_EDITOR_GAME_SERVICES
-define:ENABLE_UNITY_GAME_SERVICES_ANALYTICS_SUPPORT
-define:ENABLE_CLOUD_LICENSE
-define:ENABLE_EDITOR_HUB_LICENSE
-define:ENABLE_WEBSOCKET_CLIENT
-define:ENABLE_GENERATE_NATIVE_PLUGINS_FOR_ASSEMBLIES_API
-define:ENABLE_DIRECTOR_AUDIO
-define:ENABLE_DIRECTOR_TEXTURE
-define:ENABLE_MANAGED_JOBS
-define:ENABLE_MANAGED_TRANSFORM_JOBS
-define:ENABLE_MANAGED_ANIMATION_JOBS
-define:ENABLE_MANAGED_AUDIO_JOBS
-define:ENABLE_MANAGED_UNITYTLS
-define:INCLUDE_DYNAMIC_GI
-define:ENABLE_SCRIPTING_GC_WBARRIERS
-define:PLATFORM_SUPPORTS_MONO
-define:RENDER_SOFTWARE_CURSOR
-define:ENABLE_MARSHALLING_TESTS
-define:ENABLE_VIDEO
-define:ENABLE_NAVIGATION_OFFMESHLINK_TO_NAVMESHLINK
-define:ENABLE_ACCELERATOR_CLIENT_DEBUGGING
-define:ENABLE_ACCESSIBILITY_SCREEN_READER
-define:TEXTCORE_1_0_OR_NEWER
-define:EDITOR_ONLY_NAVMESH_BUILDER_DEPRECATED
-define:PLATFORM_STANDALONE_WIN
-define:PLATFORM_STANDALONE
-define:UNITY_STANDALONE_WIN
-define:UNITY_STANDALONE
-define:ENABLE_RUNTIME_GI
-define:ENABLE_MOVIES
-define:ENABLE_NETWORK
-define:ENABLE_NVIDIA
-define:ENABLE_AMD
-define:ENABLE_CRUNCH_TEXTURE_COMPRESSION
-define:ENABLE_CLOUD_SERVICES_ENGINE_DIAGNOSTICS
-define:ENABLE_OUT_OF_PROCESS_CRASH_HANDLER
-define:ENABLE_CLUSTER_SYNC
-define:ENABLE_CLUSTERINPUT
-define:PLATFORM_UPDATES_TIME_OUTSIDE_OF_PLAYER_LOOP
-define:GFXDEVICE_WAITFOREVENT_MESSAGEPUMP
-define:PLATFORM_USES_EXPLICIT_MEMORY_MANAGER_INITIALIZER
-define:PLATFORM_SUPPORTS_WAIT_FOR_PRESENTATION
-define:PLATFORM_SUPPORTS_SPLIT_GRAPHICS_JOBS
-define:PLATFORM_USES_VULKAN_OLD_SWAPCHAIN
-define:USE_READ_ASYNC_MANAGED_API
-define:ENABLE_MONO
-define:NET_STANDARD_2_0
-define:NET_STANDARD
-define:NET_STANDARD_2_1
-define:NETSTANDARD
-define:NETSTANDARD2_1
-define:ENABLE_PROFILER
-define:DEBUG
-define:TRACE
-define:UNITY_ASSERTIONS
-define:UNITY_EDITOR
-define:UNITY_EDITOR_64
-define:UNITY_EDITOR_WIN
-define:ENABLE_UNITY_COLLECTIONS_CHECKS
-define:ENABLE_BURST_AOT
-define:UNITY_TEAM_LICENSE
-define:UNITY_PRO_LICENSE
-define:ENABLE_CUSTOM_RENDER_TEXTURE
-define:ENABLE_DIRECTOR
-define:ENABLE_LOCALIZATION
-define:ENABLE_SPRITES
-define:ENABLE_TERRAIN
-define:ENABLE_TILEMAP
-define:ENABLE_TIMELINE
-define:ENABLE_INPUT_SYSTEM
-define:TEXTCORE_FONT_ENGINE_1_5_OR_NEWER
-define:TEXTCORE_TEXT_ENGINE_1_5_OR_NEWER
-define:TEXTCORE_FONT_ENGINE_1_6_OR_NEWER
-define:CSHARP_7_OR_LATER
-define:CSHARP_7_3_OR_NEWER
-r:"C:/Program Files/Unity/Hub/Editor/6000.5.1f1/Editor/Data/BCLExtensions/TargetingPacks/netstandard2.1/ref/Microsoft.Bcl.AsyncInterfaces.dll"
-r:"C:/Program Files/Unity/Hub/Editor/6000.5.1f1/Editor/Data/BCLExtensions/TargetingPacks/netstandard2.1/ref/Microsoft.Extensions.DependencyInjection.Abstractions.dll"
-r:"C:/Program Files/Unity/Hub/Editor/6000.5.1f1/Editor/Data/BCLExtensions/TargetingPacks/netstandard2.1/ref/Microsoft.Extensions.Logging.Abstractions.dll"
-r:"C:/Program Files/Unity/Hub/Editor/6000.5.1f1/Editor/Data/BCLExtensions/TargetingPacks/netstandard2.1/ref/System.Collections.Immutable.dll"
-r:"C:/Program Files/Unity/Hub/Editor/6000.5.1f1/Editor/Data/BCLExtensions/TargetingPacks/netstandard2.1/ref/System.Diagnostics.DiagnosticSource.dll"
-r:"C:/Program Files/Unity/Hub/Editor/6000.5.1f1/Editor/Data/BCLExtensions/TargetingPacks/netstandard2.1/ref/System.IO.Hashing.dll"
-r:"C:/Program Files/Unity/Hub/Editor/6000.5.1f1/Editor/Data/BCLExtensions/TargetingPacks/netstandard2.1/ref/System.Reflection.Metadata.dll"
-r:"C:/Program Files/Unity/Hub/Editor/6000.5.1f1/Editor/Data/BCLExtensions/TargetingPacks/netstandard2.1/ref/System.Runtime.CompilerServices.Unsafe.dll"
-r:"C:/Program Files/Unity/Hub/Editor/6000.5.1f1/Editor/Data/BCLExtensions/TargetingPacks/netstandard2.1/ref/System.Text.Encodings.Web.dll"
-r:"C:/Program Files/Unity/Hub/Editor/6000.5.1f1/Editor/Data/BCLExtensions/TargetingPacks/netstandard2.1/ref/System.Text.Json.dll"
-r:"C:/Program Files/Unity/Hub/Editor/6000.5.1f1/Editor/Data/Managed/UnityEngine/Unity.Scripting.dll"
-r:"C:/Program Files/Unity/Hub/Editor/6000.5.1f1/Editor/Data/Managed/UnityEngine/UnityEditor.AIModule.dll"
-r:"C:/Program Files/Unity/Hub/Editor/6000.5.1f1/Editor/Data/Managed/UnityEngine/UnityEditor.AccessibilityModule.dll"
-r:"C:/Program Files/Unity/Hub/Editor/6000.5.1f1/Editor/Data/Managed/UnityEngine/UnityEditor.AdaptivePerformanceModule.dll"
-r:"C:/Program Files/Unity/Hub/Editor/6000.5.1f1/Editor/Data/Managed/UnityEngine/UnityEditor.AssetComplianceModule.dll"
-r:"C:/Program Files/Unity/Hub/Editor/6000.5.1f1/Editor/Data/Managed/UnityEngine/UnityEditor.BuildProfileModule.dll"
-r:"C:/Program Files/Unity/Hub/Editor/6000.5.1f1/Editor/Data/Managed/UnityEngine/UnityEditor.ClothModule.dll"
-r:"C:/Program Files/Unity/Hub/Editor/6000.5.1f1/Editor/Data/Managed/UnityEngine/UnityEditor.ContentLoadModule.dll"
-r:"C:/Program Files/Unity/Hub/Editor/6000.5.1f1/Editor/Data/Managed/UnityEngine/UnityEditor.CoreBusinessMetricsModule.dll"
-r:"C:/Program Files/Unity/Hub/Editor/6000.5.1f1/Editor/Data/Managed/UnityEngine/UnityEditor.CoreModule.dll"
-r:"C:/Program Files/Unity/Hub/Editor/6000.5.1f1/Editor/Data/Managed/UnityEngine/UnityEditor.DeviceSimulatorModule.dll"
-r:"C:/Program Files/Unity/Hub/Editor/6000.5.1f1/Editor/Data/Managed/UnityEngine/UnityEditor.DiagnosticsModule.dll"
-r:"C:/Program Files/Unity/Hub/Editor/6000.5.1f1/Editor/Data/Managed/UnityEngine/UnityEditor.EditorToolbarModule.dll"
-r:"C:/Program Files/Unity/Hub/Editor/6000.5.1f1/Editor/Data/Managed/UnityEngine/UnityEditor.EmbreeModule.dll"
-r:"C:/Program Files/Unity/Hub/Editor/6000.5.1f1/Editor/Data/Managed/UnityEngine/UnityEditor.GIModule.dll"
-r:"C:/Program Files/Unity/Hub/Editor/6000.5.1f1/Editor/Data/Managed/UnityEngine/UnityEditor.GenericRemoteModule.dll"
-r:"C:/Program Files/Unity/Hub/Editor/6000.5.1f1/Editor/Data/Managed/UnityEngine/UnityEditor.GraphToolkitModule.dll"
-r:"C:/Program Files/Unity/Hub/Editor/6000.5.1f1/Editor/Data/Managed/UnityEngine/UnityEditor.GraphViewModule.dll"
-r:"C:/Program Files/Unity/Hub/Editor/6000.5.1f1/Editor/Data/Managed/UnityEngine/UnityEditor.GraphicsStateCollectionSerializerModule.dll"
-r:"C:/Program Files/Unity/Hub/Editor/6000.5.1f1/Editor/Data/Managed/UnityEngine/UnityEditor.GridAndSnapModule.dll"
-r:"C:/Program Files/Unity/Hub/Editor/6000.5.1f1/Editor/Data/Managed/UnityEngine/UnityEditor.GridModule.dll"
-r:"C:/Program Files/Unity/Hub/Editor/6000.5.1f1/Editor/Data/Managed/UnityEngine/UnityEditor.HierarchyModule.dll"
-r:"C:/Program Files/Unity/Hub/Editor/6000.5.1f1/Editor/Data/Managed/UnityEngine/UnityEditor.LightingModule.dll"
-r:"C:/Program Files/Unity/Hub/Editor/6000.5.1f1/Editor/Data/Managed/UnityEngine/UnityEditor.MathematicsModule.dll"
-r:"C:/Program Files/Unity/Hub/Editor/6000.5.1f1/Editor/Data/Managed/UnityEngine/UnityEditor.MediaModule.dll"
-r:"C:/Program Files/Unity/Hub/Editor/6000.5.1f1/Editor/Data/Managed/UnityEngine/UnityEditor.MultiplayerModule.dll"
-r:"C:/Program Files/Unity/Hub/Editor/6000.5.1f1/Editor/Data/Managed/UnityEngine/UnityEditor.Physics2DModule.dll"
-r:"C:/Program Files/Unity/Hub/Editor/6000.5.1f1/Editor/Data/Managed/UnityEngine/UnityEditor.PhysicsCore2DModule.dll"
-r:"C:/Program Files/Unity/Hub/Editor/6000.5.1f1/Editor/Data/Managed/UnityEngine/UnityEditor.PhysicsModule.dll"
-r:"C:/Program Files/Unity/Hub/Editor/6000.5.1f1/Editor/Data/Managed/UnityEngine/UnityEditor.PlayModeModule.dll"
-r:"C:/Program Files/Unity/Hub/Editor/6000.5.1f1/Editor/Data/Managed/UnityEngine/UnityEditor.PresetsUIModule.dll"
-r:"C:/Program Files/Unity/Hub/Editor/6000.5.1f1/Editor/Data/Managed/UnityEngine/UnityEditor.ProjectAuditorModule.dll"
-r:"C:/Program Files/Unity/Hub/Editor/6000.5.1f1/Editor/Data/Managed/UnityEngine/UnityEditor.PropertiesModule.dll"
-r:"C:/Program Files/Unity/Hub/Editor/6000.5.1f1/Editor/Data/Managed/UnityEngine/UnityEditor.QuickInstallModule.dll"
-r:"C:/Program Files/Unity/Hub/Editor/6000.5.1f1/Editor/Data/Managed/UnityEngine/UnityEditor.QuickSearchModule.dll"
-r:"C:/Program Files/Unity/Hub/Editor/6000.5.1f1/Editor/Data/Managed/UnityEngine/UnityEditor.SafeModeModule.dll"
-r:"C:/Program Files/Unity/Hub/Editor/6000.5.1f1/Editor/Data/Managed/UnityEngine/UnityEditor.SceneTemplateModule.dll"
-r:"C:/Program Files/Unity/Hub/Editor/6000.5.1f1/Editor/Data/Managed/UnityEngine/UnityEditor.SceneViewModule.dll"
-r:"C:/Program Files/Unity/Hub/Editor/6000.5.1f1/Editor/Data/Managed/UnityEngine/UnityEditor.ShaderBuildSettingsModule.dll"
-r:"C:/Program Files/Unity/Hub/Editor/6000.5.1f1/Editor/Data/Managed/UnityEngine/UnityEditor.ShaderCompilationModule.dll"
-r:"C:/Program Files/Unity/Hub/Editor/6000.5.1f1/Editor/Data/Managed/UnityEngine/UnityEditor.ShaderFoundryModule.dll"
-r:"C:/Program Files/Unity/Hub/Editor/6000.5.1f1/Editor/Data/Managed/UnityEngine/UnityEditor.SketchUpModule.dll"
-r:"C:/Program Files/Unity/Hub/Editor/6000.5.1f1/Editor/Data/Managed/UnityEngine/UnityEditor.SpriteMaskModule.dll"
-r:"C:/Program Files/Unity/Hub/Editor/6000.5.1f1/Editor/Data/Managed/UnityEngine/UnityEditor.SpriteShapeModule.dll"
-r:"C:/Program Files/Unity/Hub/Editor/6000.5.1f1/Editor/Data/Managed/UnityEngine/UnityEditor.SubstanceModule.dll"
-r:"C:/Program Files/Unity/Hub/Editor/6000.5.1f1/Editor/Data/Managed/UnityEngine/UnityEditor.TerrainModule.dll"
-r:"C:/Program Files/Unity/Hub/Editor/6000.5.1f1/Editor/Data/Managed/UnityEngine/UnityEditor.TextCoreFontEngineModule.dll"
-r:"C:/Program Files/Unity/Hub/Editor/6000.5.1f1/Editor/Data/Managed/UnityEngine/UnityEditor.TextCoreTextEngineModule.dll"
-r:"C:/Program Files/Unity/Hub/Editor/6000.5.1f1/Editor/Data/Managed/UnityEngine/UnityEditor.TextRenderingModule.dll"
-r:"C:/Program Files/Unity/Hub/Editor/6000.5.1f1/Editor/Data/Managed/UnityEngine/UnityEditor.TilemapModule.dll"
-r:"C:/Program Files/Unity/Hub/Editor/6000.5.1f1/Editor/Data/Managed/UnityEngine/UnityEditor.TreeModule.dll"
-r:"C:/Program Files/Unity/Hub/Editor/6000.5.1f1/Editor/Data/Managed/UnityEngine/UnityEditor.U2DModule.dll"
-r:"C:/Program Files/Unity/Hub/Editor/6000.5.1f1/Editor/Data/Managed/UnityEngine/UnityEditor.UIAutomationModule.dll"
-r:"C:/Program Files/Unity/Hub/Editor/6000.5.1f1/Editor/Data/Managed/UnityEngine/UnityEditor.UIBuilderModule.dll"
-r:"C:/Program Files/Unity/Hub/Editor/6000.5.1f1/Editor/Data/Managed/UnityEngine/UnityEditor.UIElementsModule.dll"
-r:"C:/Program Files/Unity/Hub/Editor/6000.5.1f1/Editor/Data/Managed/UnityEngine/UnityEditor.UIElementsSamplesModule.dll"
-r:"C:/Program Files/Unity/Hub/Editor/6000.5.1f1/Editor/Data/Managed/UnityEngine/UnityEditor.UIToolkitAuthoringModule.dll"
-r:"C:/Program Files/Unity/Hub/Editor/6000.5.1f1/Editor/Data/Managed/UnityEngine/UnityEditor.UmbraModule.dll"
-r:"C:/Program Files/Unity/Hub/Editor/6000.5.1f1/Editor/Data/Managed/UnityEngine/UnityEditor.UnityConnectModule.dll"
-r:"C:/Program Files/Unity/Hub/Editor/6000.5.1f1/Editor/Data/Managed/UnityEngine/UnityEditor.VFXModule.dll"
-r:"C:/Program Files/Unity/Hub/Editor/6000.5.1f1/Editor/Data/Managed/UnityEngine/UnityEditor.VectorGraphicsModule.dll"
-r:"C:/Program Files/Unity/Hub/Editor/6000.5.1f1/Editor/Data/Managed/UnityEngine/UnityEditor.VideoModule.dll"
-r:"C:/Program Files/Unity/Hub/Editor/6000.5.1f1/Editor/Data/Managed/UnityEngine/UnityEditor.XRModule.dll"
-r:"C:/Program Files/Unity/Hub/Editor/6000.5.1f1/Editor/Data/Managed/UnityEngine/UnityEditor.dll"
-r:"C:/Program Files/Unity/Hub/Editor/6000.5.1f1/Editor/Data/Managed/UnityEngine/UnityEngine.AIModule.dll"
-r:"C:/Program Files/Unity/Hub/Editor/6000.5.1f1/Editor/Data/Managed/UnityEngine/UnityEngine.ARModule.dll"
-r:"C:/Program Files/Unity/Hub/Editor/6000.5.1f1/Editor/Data/Managed/UnityEngine/UnityEngine.AccessibilityModule.dll"
-r:"C:/Program Files/Unity/Hub/Editor/6000.5.1f1/Editor/Data/Managed/UnityEngine/UnityEngine.AdaptivePerformanceModule.dll"
-r:"C:/Program Files/Unity/Hub/Editor/6000.5.1f1/Editor/Data/Managed/UnityEngine/UnityEngine.AndroidJNIModule.dll"
-r:"C:/Program Files/Unity/Hub/Editor/6000.5.1f1/Editor/Data/Managed/UnityEngine/UnityEngine.AnimationModule.dll"
-r:"C:/Program Files/Unity/Hub/Editor/6000.5.1f1/Editor/Data/Managed/UnityEngine/UnityEngine.AssetBundleModule.dll"
-r:"C:/Program Files/Unity/Hub/Editor/6000.5.1f1/Editor/Data/Managed/UnityEngine/UnityEngine.AudioModule.dll"
-r:"C:/Program Files/Unity/Hub/Editor/6000.5.1f1/Editor/Data/Managed/UnityEngine/UnityEngine.ClothModule.dll"
-r:"C:/Program Files/Unity/Hub/Editor/6000.5.1f1/Editor/Data/Managed/UnityEngine/UnityEngine.ClusterInputModule.dll"
-r:"C:/Program Files/Unity/Hub/Editor/6000.5.1f1/Editor/Data/Managed/UnityEngine/UnityEngine.ClusterRendererModule.dll"
-r:"C:/Program Files/Unity/Hub/Editor/6000.5.1f1/Editor/Data/Managed/UnityEngine/UnityEngine.ContentLoadModule.dll"
-r:"C:/Program Files/Unity/Hub/Editor/6000.5.1f1/Editor/Data/Managed/UnityEngine/UnityEngine.CoreModule.dll"
-r:"C:/Program Files/Unity/Hub/Editor/6000.5.1f1/Editor/Data/Managed/UnityEngine/UnityEngine.CrashReportingModule.dll"
-r:"C:/Program Files/Unity/Hub/Editor/6000.5.1f1/Editor/Data/Managed/UnityEngine/UnityEngine.DSPGraphModule.dll"
-r:"C:/Program Files/Unity/Hub/Editor/6000.5.1f1/Editor/Data/Managed/UnityEngine/UnityEngine.DirectorModule.dll"
-r:"C:/Program Files/Unity/Hub/Editor/6000.5.1f1/Editor/Data/Managed/UnityEngine/UnityEngine.GIModule.dll"
-r:"C:/Program Files/Unity/Hub/Editor/6000.5.1f1/Editor/Data/Managed/UnityEngine/UnityEngine.GameCenterModule.dll"
-r:"C:/Program Files/Unity/Hub/Editor/6000.5.1f1/Editor/Data/Managed/UnityEngine/UnityEngine.GraphicsStateCollectionSerializerModule.dll"
-r:"C:/Program Files/Unity/Hub/Editor/6000.5.1f1/Editor/Data/Managed/UnityEngine/UnityEngine.GridModule.dll"
-r:"C:/Program Files/Unity/Hub/Editor/6000.5.1f1/Editor/Data/Managed/UnityEngine/UnityEngine.HierarchyCoreModule.dll"
-r:"C:/Program Files/Unity/Hub/Editor/6000.5.1f1/Editor/Data/Managed/UnityEngine/UnityEngine.HotReloadModule.dll"
-r:"C:/Program Files/Unity/Hub/Editor/6000.5.1f1/Editor/Data/Managed/UnityEngine/UnityEngine.IMGUIModule.dll"
-r:"C:/Program Files/Unity/Hub/Editor/6000.5.1f1/Editor/Data/Managed/UnityEngine/UnityEngine.IdentifiersModule.dll"
-r:"C:/Program Files/Unity/Hub/Editor/6000.5.1f1/Editor/Data/Managed/UnityEngine/UnityEngine.ImageConversionModule.dll"
-r:"C:/Program Files/Unity/Hub/Editor/6000.5.1f1/Editor/Data/Managed/UnityEngine/UnityEngine.InputForUIModule.dll"
-r:"C:/Program Files/Unity/Hub/Editor/6000.5.1f1/Editor/Data/Managed/UnityEngine/UnityEngine.InputLegacyModule.dll"
-r:"C:/Program Files/Unity/Hub/Editor/6000.5.1f1/Editor/Data/Managed/UnityEngine/UnityEngine.InputModule.dll"
-r:"C:/Program Files/Unity/Hub/Editor/6000.5.1f1/Editor/Data/Managed/UnityEngine/UnityEngine.InsightsModule.dll"
-r:"C:/Program Files/Unity/Hub/Editor/6000.5.1f1/Editor/Data/Managed/UnityEngine/UnityEngine.JSONSerializeModule.dll"
-r:"C:/Program Files/Unity/Hub/Editor/6000.5.1f1/Editor/Data/Managed/UnityEngine/UnityEngine.LocalizationModule.dll"
-r:"C:/Program Files/Unity/Hub/Editor/6000.5.1f1/Editor/Data/Managed/UnityEngine/UnityEngine.MarshallingModule.dll"
-r:"C:/Program Files/Unity/Hub/Editor/6000.5.1f1/Editor/Data/Managed/UnityEngine/UnityEngine.MathematicsModule.dll"
-r:"C:/Program Files/Unity/Hub/Editor/6000.5.1f1/Editor/Data/Managed/UnityEngine/UnityEngine.MultiplayerModule.dll"
-r:"C:/Program Files/Unity/Hub/Editor/6000.5.1f1/Editor/Data/Managed/UnityEngine/UnityEngine.ParticleSystemModule.dll"
-r:"C:/Program Files/Unity/Hub/Editor/6000.5.1f1/Editor/Data/Managed/UnityEngine/UnityEngine.PerformanceReportingModule.dll"
-r:"C:/Program Files/Unity/Hub/Editor/6000.5.1f1/Editor/Data/Managed/UnityEngine/UnityEngine.Physics2DModule.dll"
-r:"C:/Program Files/Unity/Hub/Editor/6000.5.1f1/Editor/Data/Managed/UnityEngine/UnityEngine.PhysicsBackendPhysXModule.dll"
-r:"C:/Program Files/Unity/Hub/Editor/6000.5.1f1/Editor/Data/Managed/UnityEngine/UnityEngine.PhysicsCore2DModule.dll"
-r:"C:/Program Files/Unity/Hub/Editor/6000.5.1f1/Editor/Data/Managed/UnityEngine/UnityEngine.PhysicsModule.dll"
-r:"C:/Program Files/Unity/Hub/Editor/6000.5.1f1/Editor/Data/Managed/UnityEngine/UnityEngine.PropertiesModule.dll"
-r:"C:/Program Files/Unity/Hub/Editor/6000.5.1f1/Editor/Data/Managed/UnityEngine/UnityEngine.RenderAs2DModule.dll"
-r:"C:/Program Files/Unity/Hub/Editor/6000.5.1f1/Editor/Data/Managed/UnityEngine/UnityEngine.RuntimeInitializeOnLoadManagerInitializerModule.dll"
-r:"C:/Program Files/Unity/Hub/Editor/6000.5.1f1/Editor/Data/Managed/UnityEngine/UnityEngine.ScreenCaptureModule.dll"
-r:"C:/Program Files/Unity/Hub/Editor/6000.5.1f1/Editor/Data/Managed/UnityEngine/UnityEngine.ScriptingModule.dll"
-r:"C:/Program Files/Unity/Hub/Editor/6000.5.1f1/Editor/Data/Managed/UnityEngine/UnityEngine.ShaderVariantAnalyticsModule.dll"
-r:"C:/Program Files/Unity/Hub/Editor/6000.5.1f1/Editor/Data/Managed/UnityEngine/UnityEngine.SharedInternalsModule.dll"
-r:"C:/Program Files/Unity/Hub/Editor/6000.5.1f1/Editor/Data/Managed/UnityEngine/UnityEngine.SpriteMaskModule.dll"
-r:"C:/Program Files/Unity/Hub/Editor/6000.5.1f1/Editor/Data/Managed/UnityEngine/UnityEngine.SpriteShapeModule.dll"
-r:"C:/Program Files/Unity/Hub/Editor/6000.5.1f1/Editor/Data/Managed/UnityEngine/UnityEngine.StreamingModule.dll"
-r:"C:/Program Files/Unity/Hub/Editor/6000.5.1f1/Editor/Data/Managed/UnityEngine/UnityEngine.SubstanceModule.dll"
-r:"C:/Program Files/Unity/Hub/Editor/6000.5.1f1/Editor/Data/Managed/UnityEngine/UnityEngine.SubsystemsModule.dll"
-r:"C:/Program Files/Unity/Hub/Editor/6000.5.1f1/Editor/Data/Managed/UnityEngine/UnityEngine.TLSModule.dll"
-r:"C:/Program Files/Unity/Hub/Editor/6000.5.1f1/Editor/Data/Managed/UnityEngine/UnityEngine.TerrainModule.dll"
-r:"C:/Program Files/Unity/Hub/Editor/6000.5.1f1/Editor/Data/Managed/UnityEngine/UnityEngine.TerrainPhysicsModule.dll"
-r:"C:/Program Files/Unity/Hub/Editor/6000.5.1f1/Editor/Data/Managed/UnityEngine/UnityEngine.TextCoreFontEngineModule.dll"
-r:"C:/Program Files/Unity/Hub/Editor/6000.5.1f1/Editor/Data/Managed/UnityEngine/UnityEngine.TextCoreTextEngineModule.dll"
-r:"C:/Program Files/Unity/Hub/Editor/6000.5.1f1/Editor/Data/Managed/UnityEngine/UnityEngine.TextRenderingModule.dll"
-r:"C:/Program Files/Unity/Hub/Editor/6000.5.1f1/Editor/Data/Managed/UnityEngine/UnityEngine.TilemapModule.dll"
-r:"C:/Program Files/Unity/Hub/Editor/6000.5.1f1/Editor/Data/Managed/UnityEngine/UnityEngine.U2DRuntimeModule.dll"
-r:"C:/Program Files/Unity/Hub/Editor/6000.5.1f1/Editor/Data/Managed/UnityEngine/UnityEngine.UIElementsModule.dll"
-r:"C:/Program Files/Unity/Hub/Editor/6000.5.1f1/Editor/Data/Managed/UnityEngine/UnityEngine.UIModule.dll"
-r:"C:/Program Files/Unity/Hub/Editor/6000.5.1f1/Editor/Data/Managed/UnityEngine/UnityEngine.UmbraModule.dll"
-r:"C:/Program Files/Unity/Hub/Editor/6000.5.1f1/Editor/Data/Managed/UnityEngine/UnityEngine.UnityAnalyticsCommonModule.dll"
-r:"C:/Program Files/Unity/Hub/Editor/6000.5.1f1/Editor/Data/Managed/UnityEngine/UnityEngine.UnityAnalyticsModule.dll"
-r:"C:/Program Files/Unity/Hub/Editor/6000.5.1f1/Editor/Data/Managed/UnityEngine/UnityEngine.UnityConnectModule.dll"
-r:"C:/Program Files/Unity/Hub/Editor/6000.5.1f1/Editor/Data/Managed/UnityEngine/UnityEngine.UnityConsentModule.dll"
-r:"C:/Program Files/Unity/Hub/Editor/6000.5.1f1/Editor/Data/Managed/UnityEngine/UnityEngine.UnityCurlModule.dll"
-r:"C:/Program Files/Unity/Hub/Editor/6000.5.1f1/Editor/Data/Managed/UnityEngine/UnityEngine.UnityWebRequestAssetBundleModule.dll"
-r:"C:/Program Files/Unity/Hub/Editor/6000.5.1f1/Editor/Data/Managed/UnityEngine/UnityEngine.UnityWebRequestAudioModule.dll"
-r:"C:/Program Files/Unity/Hub/Editor/6000.5.1f1/Editor/Data/Managed/UnityEngine/UnityEngine.UnityWebRequestModule.dll"
-r:"C:/Program Files/Unity/Hub/Editor/6000.5.1f1/Editor/Data/Managed/UnityEngine/UnityEngine.UnityWebRequestTextureModule.dll"
-r:"C:/Program Files/Unity/Hub/Editor/6000.5.1f1/Editor/Data/Managed/UnityEngine/UnityEngine.UnityWebRequestWWWModule.dll"
-r:"C:/Program Files/Unity/Hub/Editor/6000.5.1f1/Editor/Data/Managed/UnityEngine/UnityEngine.VFXModule.dll"
-r:"C:/Program Files/Unity/Hub/Editor/6000.5.1f1/Editor/Data/Managed/UnityEngine/UnityEngine.VectorGraphicsModule.dll"
-r:"C:/Program Files/Unity/Hub/Editor/6000.5.1f1/Editor/Data/Managed/UnityEngine/UnityEngine.VehiclesModule.dll"
-r:"C:/Program Files/Unity/Hub/Editor/6000.5.1f1/Editor/Data/Managed/UnityEngine/UnityEngine.VideoModule.dll"
-r:"C:/Program Files/Unity/Hub/Editor/6000.5.1f1/Editor/Data/Managed/UnityEngine/UnityEngine.VirtualTexturingModule.dll"
-r:"C:/Program Files/Unity/Hub/Editor/6000.5.1f1/Editor/Data/Managed/UnityEngine/UnityEngine.WindModule.dll"
-r:"C:/Program Files/Unity/Hub/Editor/6000.5.1f1/Editor/Data/Managed/UnityEngine/UnityEngine.XRModule.dll"
-r:"C:/Program Files/Unity/Hub/Editor/6000.5.1f1/Editor/Data/Managed/UnityEngine/UnityEngine.dll"
-r:"C:/Program Files/Unity/Hub/Editor/6000.5.1f1/Editor/Data/NetStandard/Extensions/2.0.0/System.Runtime.InteropServices.WindowsRuntime.dll"
-r:"C:/Program Files/Unity/Hub/Editor/6000.5.1f1/Editor/Data/NetStandard/compat/2.1.0/shims/netfx/System.ComponentModel.Composition.dll"
-r:"C:/Program Files/Unity/Hub/Editor/6000.5.1f1/Editor/Data/NetStandard/compat/2.1.0/shims/netfx/System.Core.dll"
-r:"C:/Program Files/Unity/Hub/Editor/6000.5.1f1/Editor/Data/NetStandard/compat/2.1.0/shims/netfx/System.Data.dll"
-r:"C:/Program Files/Unity/Hub/Editor/6000.5.1f1/Editor/Data/NetStandard/compat/2.1.0/shims/netfx/System.Drawing.dll"
-r:"C:/Program Files/Unity/Hub/Editor/6000.5.1f1/Editor/Data/NetStandard/compat/2.1.0/shims/netfx/System.IO.Compression.FileSystem.dll"
-r:"C:/Program Files/Unity/Hub/Editor/6000.5.1f1/Editor/Data/NetStandard/compat/2.1.0/shims/netfx/System.Net.dll"
-r:"C:/Program Files/Unity/Hub/Editor/6000.5.1f1/Editor/Data/NetStandard/compat/2.1.0/shims/netfx/System.Numerics.dll"
-r:"C:/Program Files/Unity/Hub/Editor/6000.5.1f1/Editor/Data/NetStandard/compat/2.1.0/shims/netfx/System.Runtime.Serialization.dll"
-r:"C:/Program Files/Unity/Hub/Editor/6000.5.1f1/Editor/Data/NetStandard/compat/2.1.0/shims/netfx/System.ServiceModel.Web.dll"
-r:"C:/Program Files/Unity/Hub/Editor/6000.5.1f1/Editor/Data/NetStandard/compat/2.1.0/shims/netfx/System.Transactions.dll"
-r:"C:/Program Files/Unity/Hub/Editor/6000.5.1f1/Editor/Data/NetStandard/compat/2.1.0/shims/netfx/System.Web.dll"
-r:"C:/Program Files/Unity/Hub/Editor/6000.5.1f1/Editor/Data/NetStandard/compat/2.1.0/shims/netfx/System.Windows.dll"
-r:"C:/Program Files/Unity/Hub/Editor/6000.5.1f1/Editor/Data/NetStandard/compat/2.1.0/shims/netfx/System.Xml.Linq.dll"
-r:"C:/Program Files/Unity/Hub/Editor/6000.5.1f1/Editor/Data/NetStandard/compat/2.1.0/shims/netfx/System.Xml.Serialization.dll"
-r:"C:/Program Files/Unity/Hub/Editor/6000.5.1f1/Editor/Data/NetStandard/compat/2.1.0/shims/netfx/System.Xml.dll"
-r:"C:/Program Files/Unity/Hub/Editor/6000.5.1f1/Editor/Data/NetStandard/compat/2.1.0/shims/netfx/System.dll"
-r:"C:/Program Files/Unity/Hub/Editor/6000.5.1f1/Editor/Data/NetStandard/compat/2.1.0/shims/netfx/mscorlib.dll"
-r:"C:/Program Files/Unity/Hub/Editor/6000.5.1f1/Editor/Data/NetStandard/compat/2.1.0/shims/netstandard/Microsoft.Win32.Primitives.dll"
-r:"C:/Program Files/Unity/Hub/Editor/6000.5.1f1/Editor/Data/NetStandard/compat/2.1.0/shims/netstandard/System.AppContext.dll"
-r:"C:/Program Files/Unity/Hub/Editor/6000.5.1f1/Editor/Data/NetStandard/compat/2.1.0/shims/netstandard/System.Buffers.dll"
-r:"C:/Program Files/Unity/Hub/Editor/6000.5.1f1/Editor/Data/NetStandard/compat/2.1.0/shims/netstandard/System.Collections.Concurrent.dll"
-r:"C:/Program Files/Unity/Hub/Editor/6000.5.1f1/Editor/Data/NetStandard/compat/2.1.0/shims/netstandard/System.Collections.NonGeneric.dll"
-r:"C:/Program Files/Unity/Hub/Editor/6000.5.1f1/Editor/Data/NetStandard/compat/2.1.0/shims/netstandard/System.Collections.Specialized.dll"
-r:"C:/Program Files/Unity/Hub/Editor/6000.5.1f1/Editor/Data/NetStandard/compat/2.1.0/shims/netstandard/System.Collections.dll"
-r:"C:/Program Files/Unity/Hub/Editor/6000.5.1f1/Editor/Data/NetStandard/compat/2.1.0/shims/netstandard/System.ComponentModel.EventBasedAsync.dll"
-r:"C:/Program Files/Unity/Hub/Editor/6000.5.1f1/Editor/Data/NetStandard/compat/2.1.0/shims/netstandard/System.ComponentModel.Primitives.dll"
-r:"C:/Program Files/Unity/Hub/Editor/6000.5.1f1/Editor/Data/NetStandard/compat/2.1.0/shims/netstandard/System.ComponentModel.TypeConverter.dll"
-r:"C:/Program Files/Unity/Hub/Editor/6000.5.1f1/Editor/Data/NetStandard/compat/2.1.0/shims/netstandard/System.ComponentModel.dll"
-r:"C:/Program Files/Unity/Hub/Editor/6000.5.1f1/Editor/Data/NetStandard/compat/2.1.0/shims/netstandard/System.Console.dll"
-r:"C:/Program Files/Unity/Hub/Editor/6000.5.1f1/Editor/Data/NetStandard/compat/2.1.0/shims/netstandard/System.Data.Common.dll"
-r:"C:/Program Files/Unity/Hub/Editor/6000.5.1f1/Editor/Data/NetStandard/compat/2.1.0/shims/netstandard/System.Diagnostics.Contracts.dll"
-r:"C:/Program Files/Unity/Hub/Editor/6000.5.1f1/Editor/Data/NetStandard/compat/2.1.0/shims/netstandard/System.Diagnostics.Debug.dll"
-r:"C:/Program Files/Unity/Hub/Editor/6000.5.1f1/Editor/Data/NetStandard/compat/2.1.0/shims/netstandard/System.Diagnostics.FileVersionInfo.dll"
-r:"C:/Program Files/Unity/Hub/Editor/6000.5.1f1/Editor/Data/NetStandard/compat/2.1.0/shims/netstandard/System.Diagnostics.Process.dll"
-r:"C:/Program Files/Unity/Hub/Editor/6000.5.1f1/Editor/Data/NetStandard/compat/2.1.0/shims/netstandard/System.Diagnostics.StackTrace.dll"
-r:"C:/Program Files/Unity/Hub/Editor/6000.5.1f1/Editor/Data/NetStandard/compat/2.1.0/shims/netstandard/System.Diagnostics.TextWriterTraceListener.dll"
-r:"C:/Program Files/Unity/Hub/Editor/6000.5.1f1/Editor/Data/NetStandard/compat/2.1.0/shims/netstandard/System.Diagnostics.Tools.dll"
-r:"C:/Program Files/Unity/Hub/Editor/6000.5.1f1/Editor/Data/NetStandard/compat/2.1.0/shims/netstandard/System.Diagnostics.TraceSource.dll"
-r:"C:/Program Files/Unity/Hub/Editor/6000.5.1f1/Editor/Data/NetStandard/compat/2.1.0/shims/netstandard/System.Diagnostics.Tracing.dll"
-r:"C:/Program Files/Unity/Hub/Editor/6000.5.1f1/Editor/Data/NetStandard/compat/2.1.0/shims/netstandard/System.Drawing.Primitives.dll"
-r:"C:/Program Files/Unity/Hub/Editor/6000.5.1f1/Editor/Data/NetStandard/compat/2.1.0/shims/netstandard/System.Dynamic.Runtime.dll"
-r:"C:/Program Files/Unity/Hub/Editor/6000.5.1f1/Editor/Data/NetStandard/compat/2.1.0/shims/netstandard/System.Globalization.Calendars.dll"
-r:"C:/Program Files/Unity/Hub/Editor/6000.5.1f1/Editor/Data/NetStandard/compat/2.1.0/shims/netstandard/System.Globalization.Extensions.dll"
-r:"C:/Program Files/Unity/Hub/Editor/6000.5.1f1/Editor/Data/NetStandard/compat/2.1.0/shims/netstandard/System.Globalization.dll"
-r:"C:/Program Files/Unity/Hub/Editor/6000.5.1f1/Editor/Data/NetStandard/compat/2.1.0/shims/netstandard/System.IO.Compression.ZipFile.dll"
-r:"C:/Program Files/Unity/Hub/Editor/6000.5.1f1/Editor/Data/NetStandard/compat/2.1.0/shims/netstandard/System.IO.Compression.dll"
-r:"C:/Program Files/Unity/Hub/Editor/6000.5.1f1/Editor/Data/NetStandard/compat/2.1.0/shims/netstandard/System.IO.FileSystem.DriveInfo.dll"
-r:"C:/Program Files/Unity/Hub/Editor/6000.5.1f1/Editor/Data/NetStandard/compat/2.1.0/shims/netstandard/System.IO.FileSystem.Primitives.dll"
-r:"C:/Program Files/Unity/Hub/Editor/6000.5.1f1/Editor/Data/NetStandard/compat/2.1.0/shims/netstandard/System.IO.FileSystem.Watcher.dll"
-r:"C:/Program Files/Unity/Hub/Editor/6000.5.1f1/Editor/Data/NetStandard/compat/2.1.0/shims/netstandard/System.IO.FileSystem.dll"
-r:"C:/Program Files/Unity/Hub/Editor/6000.5.1f1/Editor/Data/NetStandard/compat/2.1.0/shims/netstandard/System.IO.IsolatedStorage.dll"
-r:"C:/Program Files/Unity/Hub/Editor/6000.5.1f1/Editor/Data/NetStandard/compat/2.1.0/shims/netstandard/System.IO.MemoryMappedFiles.dll"
-r:"C:/Program Files/Unity/Hub/Editor/6000.5.1f1/Editor/Data/NetStandard/compat/2.1.0/shims/netstandard/System.IO.Pipes.dll"
-r:"C:/Program Files/Unity/Hub/Editor/6000.5.1f1/Editor/Data/NetStandard/compat/2.1.0/shims/netstandard/System.IO.UnmanagedMemoryStream.dll"
-r:"C:/Program Files/Unity/Hub/Editor/6000.5.1f1/Editor/Data/NetStandard/compat/2.1.0/shims/netstandard/System.IO.dll"
-r:"C:/Program Files/Unity/Hub/Editor/6000.5.1f1/Editor/Data/NetStandard/compat/2.1.0/shims/netstandard/System.Linq.Expressions.dll"
-r:"C:/Program Files/Unity/Hub/Editor/6000.5.1f1/Editor/Data/NetStandard/compat/2.1.0/shims/netstandard/System.Linq.Parallel.dll"
-r:"C:/Program Files/Unity/Hub/Editor/6000.5.1f1/Editor/Data/NetStandard/compat/2.1.0/shims/netstandard/System.Linq.Queryable.dll"
-r:"C:/Program Files/Unity/Hub/Editor/6000.5.1f1/Editor/Data/NetStandard/compat/2.1.0/shims/netstandard/System.Linq.dll"
-r:"C:/Program Files/Unity/Hub/Editor/6000.5.1f1/Editor/Data/NetStandard/compat/2.1.0/shims/netstandard/System.Memory.dll"
-r:"C:/Program Files/Unity/Hub/Editor/6000.5.1f1/Editor/Data/NetStandard/compat/2.1.0/shims/netstandard/System.Net.Http.dll"
-r:"C:/Program Files/Unity/Hub/Editor/6000.5.1f1/Editor/Data/NetStandard/compat/2.1.0/shims/netstandard/System.Net.NameResolution.dll"
-r:"C:/Program Files/Unity/Hub/Editor/6000.5.1f1/Editor/Data/NetStandard/compat/2.1.0/shims/netstandard/System.Net.NetworkInformation.dll"
-r:"C:/Program Files/Unity/Hub/Editor/6000.5.1f1/Editor/Data/NetStandard/compat/2.1.0/shims/netstandard/System.Net.Ping.dll"
-r:"C:/Program Files/Unity/Hub/Editor/6000.5.1f1/Editor/Data/NetStandard/compat/2.1.0/shims/netstandard/System.Net.Primitives.dll"
-r:"C:/Program Files/Unity/Hub/Editor/6000.5.1f1/Editor/Data/NetStandard/compat/2.1.0/shims/netstandard/System.Net.Requests.dll"
-r:"C:/Program Files/Unity/Hub/Editor/6000.5.1f1/Editor/Data/NetStandard/compat/2.1.0/shims/netstandard/System.Net.Security.dll"
-r:"C:/Program Files/Unity/Hub/Editor/6000.5.1f1/Editor/Data/NetStandard/compat/2.1.0/shims/netstandard/System.Net.Sockets.dll"
-r:"C:/Program Files/Unity/Hub/Editor/6000.5.1f1/Editor/Data/NetStandard/compat/2.1.0/shims/netstandard/System.Net.WebHeaderCollection.dll"
-r:"C:/Program Files/Unity/Hub/Editor/6000.5.1f1/Editor/Data/NetStandard/compat/2.1.0/shims/netstandard/System.Net.WebSockets.Client.dll"
-r:"C:/Program Files/Unity/Hub/Editor/6000.5.1f1/Editor/Data/NetStandard/compat/2.1.0/shims/netstandard/System.Net.WebSockets.dll"
-r:"C:/Program Files/Unity/Hub/Editor/6000.5.1f1/Editor/Data/NetStandard/compat/2.1.0/shims/netstandard/System.Numerics.Vectors.dll"
-r:"C:/Program Files/Unity/Hub/Editor/6000.5.1f1/Editor/Data/NetStandard/compat/2.1.0/shims/netstandard/System.ObjectModel.dll"
-r:"C:/Program Files/Unity/Hub/Editor/6000.5.1f1/Editor/Data/NetStandard/compat/2.1.0/shims/netstandard/System.Reflection.DispatchProxy.dll"
-r:"C:/Program Files/Unity/Hub/Editor/6000.5.1f1/Editor/Data/NetStandard/compat/2.1.0/shims/netstandard/System.Reflection.Emit.ILGeneration.dll"
-r:"C:/Program Files/Unity/Hub/Editor/6000.5.1f1/Editor/Data/NetStandard/compat/2.1.0/shims/netstandard/System.Reflection.Emit.Lightweight.dll"
-r:"C:/Program Files/Unity/Hub/Editor/6000.5.1f1/Editor/Data/NetStandard/compat/2.1.0/shims/netstandard/System.Reflection.Emit.dll"
-r:"C:/Program Files/Unity/Hub/Editor/6000.5.1f1/Editor/Data/NetStandard/compat/2.1.0/shims/netstandard/System.Reflection.Extensions.dll"
-r:"C:/Program Files/Unity/Hub/Editor/6000.5.1f1/Editor/Data/NetStandard/compat/2.1.0/shims/netstandard/System.Reflection.Primitives.dll"
-r:"C:/Program Files/Unity/Hub/Editor/6000.5.1f1/Editor/Data/NetStandard/compat/2.1.0/shims/netstandard/System.Reflection.dll"
-r:"C:/Program Files/Unity/Hub/Editor/6000.5.1f1/Editor/Data/NetStandard/compat/2.1.0/shims/netstandard/System.Resources.Reader.dll"
-r:"C:/Program Files/Unity/Hub/Editor/6000.5.1f1/Editor/Data/NetStandard/compat/2.1.0/shims/netstandard/System.Resources.ResourceManager.dll"
-r:"C:/Program Files/Unity/Hub/Editor/6000.5.1f1/Editor/Data/NetStandard/compat/2.1.0/shims/netstandard/System.Resources.Writer.dll"
-r:"C:/Program Files/Unity/Hub/Editor/6000.5.1f1/Editor/Data/NetStandard/compat/2.1.0/shims/netstandard/System.Runtime.CompilerServices.VisualC.dll"
-r:"C:/Program Files/Unity/Hub/Editor/6000.5.1f1/Editor/Data/NetStandard/compat/2.1.0/shims/netstandard/System.Runtime.Extensions.dll"
-r:"C:/Program Files/Unity/Hub/Editor/6000.5.1f1/Editor/Data/NetStandard/compat/2.1.0/shims/netstandard/System.Runtime.Handles.dll"
-r:"C:/Program Files/Unity/Hub/Editor/6000.5.1f1/Editor/Data/NetStandard/compat/2.1.0/shims/netstandard/System.Runtime.InteropServices.RuntimeInformation.dll"
-r:"C:/Program Files/Unity/Hub/Editor/6000.5.1f1/Editor/Data/NetStandard/compat/2.1.0/shims/netstandard/System.Runtime.InteropServices.dll"
-r:"C:/Program Files/Unity/Hub/Editor/6000.5.1f1/Editor/Data/NetStandard/compat/2.1.0/shims/netstandard/System.Runtime.Numerics.dll"
-r:"C:/Program Files/Unity/Hub/Editor/6000.5.1f1/Editor/Data/NetStandard/compat/2.1.0/shims/netstandard/System.Runtime.Serialization.Formatters.dll"
-r:"C:/Program Files/Unity/Hub/Editor/6000.5.1f1/Editor/Data/NetStandard/compat/2.1.0/shims/netstandard/System.Runtime.Serialization.Json.dll"
-r:"C:/Program Files/Unity/Hub/Editor/6000.5.1f1/Editor/Data/NetStandard/compat/2.1.0/shims/netstandard/System.Runtime.Serialization.Primitives.dll"
-r:"C:/Program Files/Unity/Hub/Editor/6000.5.1f1/Editor/Data/NetStandard/compat/2.1.0/shims/netstandard/System.Runtime.Serialization.Xml.dll"
-r:"C:/Program Files/Unity/Hub/Editor/6000.5.1f1/Editor/Data/NetStandard/compat/2.1.0/shims/netstandard/System.Runtime.dll"
-r:"C:/Program Files/Unity/Hub/Editor/6000.5.1f1/Editor/Data/NetStandard/compat/2.1.0/shims/netstandard/System.Security.Claims.dll"
-r:"C:/Program Files/Unity/Hub/Editor/6000.5.1f1/Editor/Data/NetStandard/compat/2.1.0/shims/netstandard/System.Security.Cryptography.Algorithms.dll"
-r:"C:/Program Files/Unity/Hub/Editor/6000.5.1f1/Editor/Data/NetStandard/compat/2.1.0/shims/netstandard/System.Security.Cryptography.Csp.dll"
-r:"C:/Program Files/Unity/Hub/Editor/6000.5.1f1/Editor/Data/NetStandard/compat/2.1.0/shims/netstandard/System.Security.Cryptography.Encoding.dll"
-r:"C:/Program Files/Unity/Hub/Editor/6000.5.1f1/Editor/Data/NetStandard/compat/2.1.0/shims/netstandard/System.Security.Cryptography.Primitives.dll"
-r:"C:/Program Files/Unity/Hub/Editor/6000.5.1f1/Editor/Data/NetStandard/compat/2.1.0/shims/netstandard/System.Security.Cryptography.X509Certificates.dll"
-r:"C:/Program Files/Unity/Hub/Editor/6000.5.1f1/Editor/Data/NetStandard/compat/2.1.0/shims/netstandard/System.Security.Principal.dll"
-r:"C:/Program Files/Unity/Hub/Editor/6000.5.1f1/Editor/Data/NetStandard/compat/2.1.0/shims/netstandard/System.Security.SecureString.dll"
-r:"C:/Program Files/Unity/Hub/Editor/6000.5.1f1/Editor/Data/NetStandard/compat/2.1.0/shims/netstandard/System.Text.Encoding.Extensions.dll"
-r:"C:/Program Files/Unity/Hub/Editor/6000.5.1f1/Editor/Data/NetStandard/compat/2.1.0/shims/netstandard/System.Text.Encoding.dll"
-r:"C:/Program Files/Unity/Hub/Editor/6000.5.1f1/Editor/Data/NetStandard/compat/2.1.0/shims/netstandard/System.Text.RegularExpressions.dll"
-r:"C:/Program Files/Unity/Hub/Editor/6000.5.1f1/Editor/Data/NetStandard/compat/2.1.0/shims/netstandard/System.Threading.Overlapped.dll"
-r:"C:/Program Files/Unity/Hub/Editor/6000.5.1f1/Editor/Data/NetStandard/compat/2.1.0/shims/netstandard/System.Threading.Tasks.Extensions.dll"
-r:"C:/Program Files/Unity/Hub/Editor/6000.5.1f1/Editor/Data/NetStandard/compat/2.1.0/shims/netstandard/System.Threading.Tasks.Parallel.dll"
-r:"C:/Program Files/Unity/Hub/Editor/6000.5.1f1/Editor/Data/NetStandard/compat/2.1.0/shims/netstandard/System.Threading.Tasks.dll"
-r:"C:/Program Files/Unity/Hub/Editor/6000.5.1f1/Editor/Data/NetStandard/compat/2.1.0/shims/netstandard/System.Threading.Thread.dll"
-r:"C:/Program Files/Unity/Hub/Editor/6000.5.1f1/Editor/Data/NetStandard/compat/2.1.0/shims/netstandard/System.Threading.ThreadPool.dll"
-r:"C:/Program Files/Unity/Hub/Editor/6000.5.1f1/Editor/Data/NetStandard/compat/2.1.0/shims/netstandard/System.Threading.Timer.dll"
-r:"C:/Program Files/Unity/Hub/Editor/6000.5.1f1/Editor/Data/NetStandard/compat/2.1.0/shims/netstandard/System.Threading.dll"
-r:"C:/Program Files/Unity/Hub/Editor/6000.5.1f1/Editor/Data/NetStandard/compat/2.1.0/shims/netstandard/System.ValueTuple.dll"
-r:"C:/Program Files/Unity/Hub/Editor/6000.5.1f1/Editor/Data/NetStandard/compat/2.1.0/shims/netstandard/System.Xml.ReaderWriter.dll"
-r:"C:/Program Files/Unity/Hub/Editor/6000.5.1f1/Editor/Data/NetStandard/compat/2.1.0/shims/netstandard/System.Xml.XDocument.dll"
-r:"C:/Program Files/Unity/Hub/Editor/6000.5.1f1/Editor/Data/NetStandard/compat/2.1.0/shims/netstandard/System.Xml.XPath.XDocument.dll"
-r:"C:/Program Files/Unity/Hub/Editor/6000.5.1f1/Editor/Data/NetStandard/compat/2.1.0/shims/netstandard/System.Xml.XPath.dll"
-r:"C:/Program Files/Unity/Hub/Editor/6000.5.1f1/Editor/Data/NetStandard/compat/2.1.0/shims/netstandard/System.Xml.XmlDocument.dll"
-r:"C:/Program Files/Unity/Hub/Editor/6000.5.1f1/Editor/Data/NetStandard/compat/2.1.0/shims/netstandard/System.Xml.XmlSerializer.dll"
-r:"C:/Program Files/Unity/Hub/Editor/6000.5.1f1/Editor/Data/NetStandard/ref/2.1.0/netstandard.dll"
-r:"C:/Program Files/Unity/Hub/Editor/6000.5.1f1/Editor/Data/PlaybackEngines/MacStandaloneSupport/UnityEditor.iOS.Extensions.Xcode.dll"
-r:"Library/PackageCache/com.unity.collections@a43cabe808ca/Unity.Collections.LowLevel.ILSupport/Unity.Collections.LowLevel.ILSupport.dll"
-r:"Library/PackageCache/com.unity.ext.nunit@44f7d31723bd/net472/unity-custom/nunit.framework.dll"
-r:"Library/PackageCache/com.unity.nuget.mono-cecil@ecb9724e46ff/Mono.Cecil.dll"
-r:"Library/PackageCache/com.unity.testtools.codecoverage@19a841221620/lib/ReportGenerator/ReportGeneratorMerged.dll"
-r:"Library/PackageCache/com.unity.visualscripting@8bed5ad90189/Runtime/VisualScripting.Flow/Dependencies/NCalc/Unity.VisualScripting.Antlr3.Runtime.dll"
-r:"Library/Bee/artifacts/1900b0aE.dag/IndustrialSim.Core.ref.dll"
-r:"Library/Bee/artifacts/1900b0aE.dag/IndustrialSim.Core.Tests.ref.dll"
-r:"Library/Bee/artifacts/1900b0aE.dag/IndustrialSim.UnityRuntime.ref.dll"
-r:"Library/Bee/artifacts/1900b0aE.dag/Unity.Burst.Editor.ref.dll"
-r:"Library/Bee/artifacts/1900b0aE.dag/Unity.Burst.ref.dll"
-r:"Library/Bee/artifacts/1900b0aE.dag/Unity.Cinemachine.Editor.ref.dll"
-r:"Library/Bee/artifacts/1900b0aE.dag/Unity.Cinemachine.ref.dll"
-r:"Library/Bee/artifacts/1900b0aE.dag/Unity.Collections.Editor.ref.dll"
-r:"Library/Bee/artifacts/1900b0aE.dag/Unity.Collections.ref.dll"
-r:"Library/Bee/artifacts/1900b0aE.dag/Unity.EditorCoroutines.Editor.ref.dll"
-r:"Library/Bee/artifacts/1900b0aE.dag/Unity.InputSystem.ForUI.ref.dll"
-r:"Library/Bee/artifacts/1900b0aE.dag/Unity.InputSystem.ref.dll"
-r:"Library/Bee/artifacts/1900b0aE.dag/Unity.InternalAPIEditorBridge.ShaderGraph.Editor.ref.dll"
-r:"Library/Bee/artifacts/1900b0aE.dag/Unity.InternalAPIEngineBridge.004.ref.dll"
-r:"Library/Bee/artifacts/1900b0aE.dag/Unity.InternalAPIEngineBridge.RenderPipelines.Core.Editor.ref.dll"
-r:"Library/Bee/artifacts/1900b0aE.dag/Unity.InternalAPIEngineBridge.RenderPipelines.Core.Runtime.Shared.ref.dll"
-r:"Library/Bee/artifacts/1900b0aE.dag/Unity.Mathematics.ref.dll"
-r:"Library/Bee/artifacts/1900b0aE.dag/Unity.Multiplayer.Center.Common.ref.dll"
-r:"Library/Bee/artifacts/1900b0aE.dag/Unity.Multiplayer.Center.Editor.ref.dll"
-r:"Library/Bee/artifacts/1900b0aE.dag/Unity.PathTracing.Editor.ref.dll"
-r:"Library/Bee/artifacts/1900b0aE.dag/Unity.PathTracing.Runtime.ref.dll"
-r:"Library/Bee/artifacts/1900b0aE.dag/Unity.Performance.Profile-Analyzer.Editor.ref.dll"
-r:"Library/Bee/artifacts/1900b0aE.dag/Unity.PlasticSCM.Editor.ref.dll"
-r:"Library/Bee/artifacts/1900b0aE.dag/Unity.Rendering.LightTransport.Editor.ref.dll"
-r:"Library/Bee/artifacts/1900b0aE.dag/Unity.RenderPipelines.Core.Editor.ref.dll"
-r:"Library/Bee/artifacts/1900b0aE.dag/Unity.RenderPipelines.Core.Editor.Shared.ref.dll"
-r:"Library/Bee/artifacts/1900b0aE.dag/Unity.RenderPipelines.Core.Runtime.ref.dll"
-r:"Library/Bee/artifacts/1900b0aE.dag/Unity.RenderPipelines.Core.Runtime.Shared.ref.dll"
-r:"Library/Bee/artifacts/1900b0aE.dag/Unity.RenderPipelines.Core.ShaderLibrary.ref.dll"
-r:"Library/Bee/artifacts/1900b0aE.dag/Unity.RenderPipelines.GPUDriven.Runtime.ref.dll"
-r:"Library/Bee/artifacts/1900b0aE.dag/Unity.RenderPipelines.HighDefinition.Config.Runtime.ref.dll"
-r:"Library/Bee/artifacts/1900b0aE.dag/Unity.RenderPipelines.HighDefinition.Editor.ref.dll"
-r:"Library/Bee/artifacts/1900b0aE.dag/Unity.RenderPipelines.HighDefinition.Runtime.ref.dll"
-r:"Library/Bee/artifacts/1900b0aE.dag/Unity.RenderPipelines.ShaderGraph.ShaderGraphLibrary.ref.dll"
-r:"Library/Bee/artifacts/1900b0aE.dag/Unity.Rider.Editor.ref.dll"
-r:"Library/Bee/artifacts/1900b0aE.dag/Unity.Searcher.Editor.ref.dll"
-r:"Library/Bee/artifacts/1900b0aE.dag/Unity.Settings.Editor.ref.dll"
-r:"Library/Bee/artifacts/1900b0aE.dag/Unity.ShaderGraph.Editor.ref.dll"
-r:"Library/Bee/artifacts/1900b0aE.dag/Unity.Splines.Editor.ref.dll"
-r:"Library/Bee/artifacts/1900b0aE.dag/Unity.Splines.ref.dll"
-r:"Library/Bee/artifacts/1900b0aE.dag/Unity.SurfaceCache.Runtime.ref.dll"
-r:"Library/Bee/artifacts/1900b0aE.dag/Unity.TestTools.CodeCoverage.Editor.OpenCover.Model.ref.dll"
-r:"Library/Bee/artifacts/1900b0aE.dag/Unity.TestTools.CodeCoverage.Editor.OpenCover.Mono.Reflection.ref.dll"
-r:"Library/Bee/artifacts/1900b0aE.dag/Unity.TestTools.CodeCoverage.Editor.ref.dll"
-r:"Library/Bee/artifacts/1900b0aE.dag/Unity.TextMeshPro.Editor.ref.dll"
-r:"Library/Bee/artifacts/1900b0aE.dag/Unity.TextMeshPro.ref.dll"
-r:"Library/Bee/artifacts/1900b0aE.dag/Unity.Timeline.Editor.ref.dll"
-r:"Library/Bee/artifacts/1900b0aE.dag/Unity.Timeline.ref.dll"
-r:"Library/Bee/artifacts/1900b0aE.dag/Unity.UnifiedRayTracing.Runtime.ref.dll"
-r:"Library/Bee/artifacts/1900b0aE.dag/Unity.VisualEffectGraph.Editor.ref.dll"
-r:"Library/Bee/artifacts/1900b0aE.dag/Unity.VisualEffectGraph.Runtime.ref.dll"
-r:"Library/Bee/artifacts/1900b0aE.dag/Unity.VisualScripting.Core.Editor.ref.dll"
-r:"Library/Bee/artifacts/1900b0aE.dag/Unity.VisualScripting.Core.ref.dll"
-r:"Library/Bee/artifacts/1900b0aE.dag/Unity.VisualScripting.Flow.Editor.ref.dll"
-r:"Library/Bee/artifacts/1900b0aE.dag/Unity.VisualScripting.Flow.ref.dll"
-r:"Library/Bee/artifacts/1900b0aE.dag/Unity.VisualScripting.SettingsProvider.Editor.ref.dll"
-r:"Library/Bee/artifacts/1900b0aE.dag/Unity.VisualScripting.Shared.Editor.ref.dll"
-r:"Library/Bee/artifacts/1900b0aE.dag/Unity.VisualScripting.State.Editor.ref.dll"
-r:"Library/Bee/artifacts/1900b0aE.dag/Unity.VisualScripting.State.ref.dll"
-r:"Library/Bee/artifacts/1900b0aE.dag/Unity.VisualStudio.Editor.ref.dll"
-r:"Library/Bee/artifacts/1900b0aE.dag/UnityEditor.UI.Analytics.ref.dll"
-r:"Library/Bee/artifacts/1900b0aE.dag/UnityEditor.UI.ref.dll"
-r:"Library/Bee/artifacts/1900b0aE.dag/UnityEngine.UI.ref.dll"
-analyzer:"C:/Program Files/Unity/Hub/Editor/6000.5.1f1/Editor/Data/BCLExtensions/TargetingPacks/netstandard2.1/analyzers/dotnet/roslyn4.0/cs/Microsoft.Extensions.Logging.Generators.dll"
-analyzer:"C:/Program Files/Unity/Hub/Editor/6000.5.1f1/Editor/Data/BCLExtensions/TargetingPacks/netstandard2.1/analyzers/dotnet/roslyn4.0/cs/System.Text.Json.SourceGeneration.dll"
-analyzer:"C:/Program Files/Unity/Hub/Editor/6000.5.1f1/Editor/Data/Tools/BuildPipeline/Unity.Analyzers.Common/Unity.Analyzers.Common.dll"
-analyzer:"C:/Program Files/Unity/Hub/Editor/6000.5.1f1/Editor/Data/Tools/BuildPipeline/Unity.Analyzers.LongLiving/Unity.Analyzers.LongLiving.dll"
-analyzer:"C:/Program Files/Unity/Hub/Editor/6000.5.1f1/Editor/Data/Tools/BuildPipeline/Unity.SourceGenerators/Unity.Properties.SourceGenerator.dll"
-analyzer:"C:/Program Files/Unity/Hub/Editor/6000.5.1f1/Editor/Data/Tools/BuildPipeline/Unity.SourceGenerators/Unity.SourceGenerators.dll"
-analyzer:"C:/Program Files/Unity/Hub/Editor/6000.5.1f1/Editor/Data/Tools/BuildPipeline/Unity.SourceGenerators/Unity.UIToolkit.SourceGenerator.dll"
"Assets/Shaders/Boiler/Includes/BoilerWaterSurfaceFunctions.hlsl.cs"
-langversion:9.0
/deterministic
/optimize+
/debug:portable
/nologo
/RuntimeMetadataVersion:v4.0.30319
/nowarn:0169
/nowarn:0649
/nowarn:0282
/nowarn:1701
/nowarn:1702
/utf8output
/preferreduilang:en-US
/additionalfile:"Library/Bee/artifacts/1900b0aE.dag/Assembly-CSharp.UnityAdditionalFile.txt"
##### Custom Environment Variables
DOTNET_HOST_PATH=C:\Program Files\Unity\Hub\Editor\6000.5.1f1\Editor\Data\DotNetSdk\dotnet.exe
DOTNET_MULTILEVEL_LOOKUP=0
##### ExitCode
1
##### Output
Assets\Shaders\Boiler\Includes\BoilerWaterSurfaceFunctions.hlsl.cs(3,41): error CS1514: { expected

Assets\Shaders\Boiler\Includes\BoilerWaterSurfaceFunctions.hlsl.cs(3,41): error CS1513: } expected

Assets\Shaders\Boiler\Includes\BoilerWaterSurfaceFunctions.hlsl.cs(3,41): error CS1022: Type or namespace definition, or end-of-file expected

Assets\Shaders\Boiler\Includes\BoilerWaterSurfaceFunctions.hlsl.cs(3,42): error CS8803: Top-level statements must precede namespace and type declarations.

Assets\Shaders\Boiler\Includes\BoilerWaterSurfaceFunctions.hlsl.cs(3,62): error CS1002: ; expected
*** Tundra build failed (1.16 seconds), 26 items updated, 982 evaluated
## Script Compilation Error for: Csc Library/Bee/artifacts/1900b0aE.dag/Assembly-CSharp.dll (+2 others)
## CmdLine: "C:\Program Files\Unity\Hub\Editor\6000.5.1f1\Editor\Data\DotNetSdk\dotnet.exe" exec "C:/Program Files/Unity/Hub/Editor/6000.5.1f1/Editor/Data/DotNetSdk/sdk/8.0.318/Roslyn/bincore/csc.dll" /nostdlib /noconfig /shared "@Library/Bee/artifacts/1900b0aE.dag/Assembly-CSharp.rsp" "@Library/Bee/artifacts/1900b0aE.dag/Assembly-CSharp.rsp2"
## Output:
Assets\Shaders\Boiler\Includes\BoilerWaterSurfaceFunctions.hlsl.cs(3,41): error CS1514: { expected
Assets\Shaders\Boiler\Includes\BoilerWaterSurfaceFunctions.hlsl.cs(3,41): error CS1513: } expected
Assets\Shaders\Boiler\Includes\BoilerWaterSurfaceFunctions.hlsl.cs(3,41): error CS1022: Type or namespace definition, or end-of-file expected
Assets\Shaders\Boiler\Includes\BoilerWaterSurfaceFunctions.hlsl.cs(3,42): error CS8803: Top-level statements must precede namespace and type declarations.
Assets\Shaders\Boiler\Includes\BoilerWaterSurfaceFunctions.hlsl.cs(3,62): error CS1002: ; expected

Assets\Shaders\Boiler\Includes\BoilerWaterSurfaceFunctions.hlsl.cs(3,41): error CS1514: { expected
Assets\Shaders\Boiler\Includes\BoilerWaterSurfaceFunctions.hlsl.cs(3,41): error CS1513: } expected
Assets\Shaders\Boiler\Includes\BoilerWaterSurfaceFunctions.hlsl.cs(3,41): error CS1022: Type or namespace definition, or end-of-file expected
Assets\Shaders\Boiler\Includes\BoilerWaterSurfaceFunctions.hlsl.cs(3,42): error CS8803: Top-level statements must precede namespace and type declarations.
Assets\Shaders\Boiler\Includes\BoilerWaterSurfaceFunctions.hlsl.cs(3,62): error CS1002: ; expected
Total cache size 134027684
Total cache size after purge 134027684, took 00:00:00.2374543
[ScriptCompilation] Requested script compilation because: AssetDatabase observed changes in script compilation related files
Refreshing native plugins compatible for Editor in 2.01 ms, found 4 plugins.
Asset Pipeline Refresh (id=ca7a2b62185c6c84c8db268f0a07cada): Total: 0.226 seconds - Initiated by StopAssetImportingV2(NoUpdateAssetOptions)
Assembly for Assembly Definition File 'Assets/Tests/PlayMode/IndustrialSim.PlayMode.Tests.asmdef' will not be compiled, because it has no scripts associated with it.
UnityEngine.Debug:ExtractStackTraceNoAlloc (byte*,int,string)
UnityEngine.StackTraceUtility:ExtractStackTrace ()
UnityEngine.DebugLogHandler:Internal_Log (UnityEngine.LogType,UnityEngine.LogOption,string,UnityEngine.Object)
UnityEngine.DebugLogHandler:LogFormat (UnityEngine.LogType,UnityEngine.Object,string,object[])
UnityEngine.Logger:LogFormat (UnityEngine.LogType,string,object[])
UnityEngine.Debug:LogWarningFormat (string,object[])
UnityEditor.Scripting.ScriptCompilation.EditorCompilation:WarnIfThereAreAssembliesWithoutAnyScripts (UnityEditor.Scripting.ScriptCompilation.ScriptAssemblySettings,UnityEditor.Scripting.ScriptCompilation.ScriptAssembly[])
UnityEditor.Scripting.ScriptCompilation.EditorCompilation:CompileScriptsWithSettings (UnityEditor.Scripting.ScriptCompilation.ScriptAssemblySettings)
UnityEditor.Scripting.ScriptCompilation.EditorCompilation:CompileScripts (UnityEditor.Scripting.ScriptCompilation.EditorScriptCompilationOptions,UnityEditor.BuildTarget,int,string[])
UnityEditor.Scripting.ScriptCompilation.EditorCompilation:TickCompilationPipeline (UnityEditor.Scripting.ScriptCompilation.EditorScriptCompilationOptions,UnityEditor.BuildTarget,int,string[],bool)
UnityEditor.Scripting.ScriptCompilation.EditorCompilationInterface:TickCompilationPipeline (UnityEditor.Scripting.ScriptCompilation.EditorScriptCompilationOptions,UnityEditor.BuildTarget,int,string[],bool)

info: Microsoft.AspNetCore.Hosting.Diagnostics[1]
      Request starting HTTP/2 POST http://ilpp/UnityILPP.PostProcessing/Ping - application/grpc -
info: Microsoft.AspNetCore.Routing.EndpointMiddleware[0]
      Executing endpoint 'gRPC - /UnityILPP.PostProcessing/Ping'
info: Microsoft.AspNetCore.Routing.EndpointMiddleware[1]
      Executed endpoint 'gRPC - /UnityILPP.PostProcessing/Ping'
info: Microsoft.AspNetCore.Hosting.Diagnostics[2]
      Request finished HTTP/2 POST http://ilpp/UnityILPP.PostProcessing/Ping - 200 - application/grpc 0.1810ms
Starting: C:\Program Files\Unity\Hub\Editor\6000.5.1f1\Editor\Data\Tools\BuildPipeline\bee_backend.exe --ipc --defer-dag-verification --dagfile="Library/Bee/1900b0aE.dag" --continue-on-failure --profile="Library/Bee/backend1.traceevents" ScriptAssemblies
WorkingDir: C:/Projetos/IC_Proccess_Simulation
info: Microsoft.AspNetCore.Hosting.Diagnostics[1]
      Request starting HTTP/2 POST http://ilpp/UnityILPP.PostProcessing/ConfigurePostProcessors - application/grpc -
info: Microsoft.AspNetCore.Routing.EndpointMiddleware[0]
      Executing endpoint 'gRPC - /UnityILPP.PostProcessing/ConfigurePostProcessors'
info: Unity.ILPP.Runner.PostProcessingAssemblyLoadContext[0]
      Current configuration matches the requested one, skipping
info: Microsoft.AspNetCore.Routing.EndpointMiddleware[1]
      Executed endpoint 'gRPC - /UnityILPP.PostProcessing/ConfigurePostProcessors'
info: Microsoft.AspNetCore.Hosting.Diagnostics[2]
      Request finished HTTP/2 POST http://ilpp/UnityILPP.PostProcessing/ConfigurePostProcessors - 200 - application/grpc 1.5162ms
Starting: C:\Program Files\Unity\Hub\Editor\6000.5.1f1\Editor\Data\netcorerun\netcorerun.exe "C:\Program Files\Unity\Hub\Editor\6000.5.1f1\Editor\Data\Tools\BuildPipeline\ScriptCompilationBuildProgram.exe" "Library/Bee/1900b0aE.dag.json" "Library/Bee/1900b0aE-inputdata.json" "Library\Bee\buildprogram0.traceevents"
WorkingDir: C:/Projetos/IC_Proccess_Simulation
ExitCode: 4 Duration: 0s223ms
Rebuilding DAG because FileSignature timestamp changed: Library/Bee/1900b0aE-inputdata.json
[770/982    0s] ILPP-Configuration Library/ilpp-configuration.nevergeneratedoutput
*** Tundra requires additional run (0.20 seconds), 2 items updated, 769 evaluated
ExitCode: 0 Duration: 0s930ms
Starting: C:\Program Files\Unity\Hub\Editor\6000.5.1f1\Editor\Data\Tools\BuildPipeline\bee_backend.exe --ipc --defer-dag-verification --dagfile="Library/Bee/1900b0aE.dag" --continue-on-failure --dagfilejson="Library\Bee\1900b0aE.dag.json" --profile="Library/Bee/backend2.traceevents" ScriptAssemblies
WorkingDir: C:/Projetos/IC_Proccess_Simulation
info: Microsoft.AspNetCore.Hosting.Diagnostics[1]
      Request starting HTTP/2 POST http://ilpp/UnityILPP.PostProcessing/ConfigurePostProcessors - application/grpc -
info: Microsoft.AspNetCore.Routing.EndpointMiddleware[0]
      Executing endpoint 'gRPC - /UnityILPP.PostProcessing/ConfigurePostProcessors'
info: Unity.ILPP.Runner.PostProcessingAssemblyLoadContext[0]
      Current configuration matches the requested one, skipping
info: Microsoft.AspNetCore.Routing.EndpointMiddleware[1]
      Executed endpoint 'gRPC - /UnityILPP.PostProcessing/ConfigurePostProcessors'
info: Microsoft.AspNetCore.Hosting.Diagnostics[2]
      Request finished HTTP/2 POST http://ilpp/UnityILPP.PostProcessing/ConfigurePostProcessors - 200 - application/grpc 0.9962ms
ExitCode: 0 Duration: 0s554ms
Finished compiling graph: 957 nodes, 18253 flattened edges (15585 ToBuild, 150 ToUse), maximum node priority 1016
[           0s] Delete 24 artifact files that are no longer in use. (like Library\Bee\artifacts\rsp\10678863128556690338.rsp)
[746/954    0s] ILPP-Configuration Library/ilpp-configuration.nevergeneratedoutput
*** Tundra build success (0.53 seconds), 1 items updated, 954 evaluated
Reloading assemblies after forced synchronous recompile.
Begin MonoManager ReloadAssembly
Total cache size 134027684
Total cache size after purge 134027684, took 00:00:00.3203068
Native extension for UWP target not found
Native extension for WindowsStandalone target not found
Native extension for OSXStandalone target not found
Native extension for WebGL target not found
[MODES] ModeService[none].Initialize
[MODES] ModeService[none].LoadModes
ScheduleIndexationOnStartup MainProcess:True IndexOnStartup:True
Mono: successfully reloaded assembly
- Finished resetting the current domain, in  1.976 seconds
Domain Reload Profiling: 3118ms
	BeginReloadAssembly (904ms)
		DisableScriptedObjects (253ms)
		CreateAndSetChildDomain (396ms)
	RebuildCommonClasses (7ms)
	RebuildNativeTypeToScriptingClass (12ms)
	initialDomainReloadingComplete (53ms)
	LoadAllAssembliesAndSetupDomain (166ms)
		LoadAssemblies (111ms)
		AnalyzeDomain (20ms)
			TypeCache.Refresh (8ms)
			ResolveRequiredComponents (8ms)
	FinalizeReload (1977ms)
		SetupLoadedEditorAssemblies (0ms)
			InitializePlatformSupportModulesInManaged (11ms)
			BeforeProcessingInitializeOnLoad (158ms)
			ProcessInitializeOnLoadAttributes (345ms)
			ProcessInitializeOnLoadMethodAttributes (148ms)
			AfterProcessingInitializeOnLoad (5ms)
		AwakeInstancesAfterBackupRestoration (551ms)

Asset Pipeline Refresh (id=fc5e0ccd6a2485f49a21bcd94a13757f): Total: 4.878 seconds - Initiated by RefreshV2(ForceSynchronousImport)
	(Values over 0.05ms)
	Summary:
		Imports: total=0 (actual=0, local cache=0, cache server=0)
		Asset DB Process Time: managed=0 ms, native=2145 ms
		Asset DB Callback time: managed=30 ms, native=0 ms
		Scripting: domain reloads=1, domain reload time=1206 ms, compile time=1495 ms, other=0 ms
		Project Asset Count: scripts=1675, non-scripts=3266
		Asset File Changes: new=0, changed=0, moved=0, deleted=0
		Scan Filter Count: 0
	InvokePackagesCallback: 1.502ms
	ApplyChangesToAssetFolders: 0.407ms
	Scan: 6.216ms
	Collect global state as custom dependencies: 1.642ms
	ProcessAssetsWithTransientArtifactChanges: 0.196ms
	CategorizeAssets: 64.125ms
	CompileScripts: 1495.261ms
	ImportOutOfDateAssets: 2040.515ms (1990.826ms without children)
		CollectScriptTypesHashes: 1.524ms
		ReloadNativeAssets: 1.446ms
		UnloadImportedAssets: 0.091ms
		EnsureUptoDateAssetsAreRegisteredWithGuidPM: 0.597ms
		ImportSchedulerStart: 47.530ms
	PostProcessAllAssets: 30.104ms
		MonoPostProcessAllAssets: 30.098ms
			HDRenderPipelineGlobalSettingsPostprocessor.OnPostprocessAllAssets 9.794ms
			SyncVS.PostprocessSyncProject 7.287ms
			WindowAssetPostprocessingWatcher.OnPostprocessAllAssets 1.529ms
			SpeedTree9Postprocessor.OnPostprocessAllAssets 1.480ms
			VFXGraphPreprocessor.OnPostprocessAllAssets 1.047ms
			ShaderGraphAssetPostProcessor.OnPostprocessAllAssets 0.682ms
			RenderPipelineGlobalSettingsPostprocessor.OnPostprocessAllAssets 0.598ms
			CinemachineSettings.OnPostprocessAllAssets 0.405ms
			ShaderReflectionAssetPostProcessor.OnPostprocessAllAssets 0.280ms
			ReferencedClipsPostProcessor.OnPostprocessAllAssets 0.267ms
			InputActionAssetPostprocessor.OnPostprocessAllAssets 0.230ms
			DomainReloadProcessor.OnPostprocessAllAssets 0.210ms
			ProjectSettingsPostprocessor.OnPostprocessAllAssets 0.191ms
			AssetChangedListener.OnPostprocessAllAssets 0.135ms
			AssetDatabaseCallbacks.OnPostprocessAllAssets 0.122ms
			RetainedModeAssetPostprocessor.OnPostprocessAllAssets 0.121ms
			TerrainToolbarOverlayPostProcessor.OnPostprocessAllAssets 0.119ms
			StyleCatalogPostProcessor.OnPostprocessAllAssets 0.094ms
	GatherAllCurrentPrimaryImportResultRevisions: 0.206ms
	PersistCurrentRevisions: 0.135ms
	GenerateScriptTypeHashes: 2.695ms
	GenerateScriptTypeSerializationHashes: 4.849ms
	Untracked: 1231.751ms

[Licensing::Client] Successfully resolved entitlement details
Asset Pipeline Refresh (id=ae528c24e33062340814813ef1e5a7a1): Total: 0.004 seconds - Initiated by RefreshV2(AllowForceSynchronousImport)
[Licensing::Client] Successfully resolved entitlement details
[Licensing::Client] Successfully resolved entitlement details
Importing 'GUID: e29a080db216d7243a4c43d721164c3a - Path: Assets/Shaders/Boiler/Includes/BoilerWaterSurfaceFunctions.hlsl' with importer (ShaderIncludeImporter)
Imported 'GUID: e29a080db216d7243a4c43d721164c3a' -> (Import Result ID: 'd2cc48e2f2428c9df807e831ad299362') in 0.018 seconds [static dependencies only]. Details - ImportResultOutputID=e26ad1a3e18e72adef132796fd8c8456 DependenciesID=56b04274933a3242b1a3a11fa2c2c00f StaticDependenciesID=f40fdbb06b42047ee5ea108e1b36a080 

Asset Pipeline Refresh (id=1b60f2da58651fa42ad410434801f8a9): Total: 0.329 seconds - Initiated by StopAssetImportingV2(NoUpdateAssetOptions)
	(Values over 0.05ms)
	Summary:
		Imports: total=1 (actual=1, local cache=0, cache server=0)
		Asset DB Process Time: managed=1 ms, native=130 ms
		Asset DB Callback time: managed=194 ms, native=2 ms
		Scripting: domain reloads=0, domain reload time=0 ms, compile time=0 ms, other=0 ms
		Project Asset Count: scripts=1675, non-scripts=3267
		Asset File Changes: new=1, changed=1, moved=0, deleted=0
		Scan Filter Count: 5
	ApplyChangesToAssetFolders: 0.123ms
	Scan: 14.737ms
	Collect global state as custom dependencies: 0.054ms
	OnSourceAssetsModified: 0.797ms
	ProcessAssetsWithTransientArtifactChanges: 0.090ms
	CategorizeAssets: 31.729ms
	ImportOutOfDateAssets: 79.361ms (9.235ms without children)
		ImportManagerImport: 22.199ms (0.633ms without children)
		UnloadImportedAssets: 0.185ms
		EnsureUptoDateAssetsAreRegisteredWithGuidPM: 0.385ms
		ImportSchedulerStart: 47.310ms
	PostProcessAllAssets: 180.624ms
		XRBuildSystem.XRAssetImported 0.369ms
		MonoPostProcessAllAssets: 179.769ms
			SyncVS.PostprocessSyncProject 157.798ms
			BuilderAssetPostprocessor.OnPostprocessAllAssets 4.506ms
			AssetPostprocessor.OnPostprocessAllAssets 3.285ms
			MaterialPostprocessor.OnPostprocessAllAssets 2.571ms
			SamplePostprocessor.OnPostprocessAllAssets 2.176ms
			TextAssetPostProcessor.OnPostprocessAllAssets 2.070ms
			ShaderGraphAssetPostProcessor.OnPostprocessAllAssets 1.441ms
			VFXGraphPreprocessor.OnPostprocessAllAssets 0.917ms
			RetainedModeAssetPostprocessor.OnPostprocessAllAssets 0.841ms
			TMPro_TexturePostProcessor.OnPostprocessAllAssets 0.515ms
			ArtifactBrowserPostProcessor.OnPostprocessAllAssets 0.426ms
			UVCSAssetPostprocessor.OnPostprocessAllAssets 0.287ms
			AudioMixerPostprocessor.OnPostprocessAllAssets 0.254ms
			SampleDependencyImporterPostProcessor.OnPostprocessAllAssets 0.251ms
			AssetChangedListener.OnPostprocessAllAssets 0.243ms
			InputActionJsonNameModifierAssetProcessor.OnPostprocessAllAssets 0.225ms
			PostProcessor.OnPostprocessAllAssets 0.201ms
			StyleCatalogPostProcessor.OnPostprocessAllAssets 0.170ms
			AssetEvents.OnPostprocessAllAssets 0.168ms
			ScenarioDriftAssetsTracker.OnPostprocessAllAssets 0.133ms
			RenderPipelineGlobalSettingsPostprocessor.OnPostprocessAllAssets 0.125ms
			SpeedTreePostProcessor.OnPostprocessAllAssets 0.120ms
			ConfigAssetsTracker.OnPostprocessAllAssets 0.101ms
			InputActionAssetPostprocessor.OnPostprocessAllAssets 0.075ms
			AudioContainerPostProcessor.OnPostprocessAllAssets 0.055ms
	PostAssetChangesProfiler: 15.664ms
	GatherAllCurrentPrimaryImportResultRevisions: 0.171ms
	UnloadStreamsBegin: 1.803ms
	PersistCurrentRevisions: 0.216ms
	Untracked: 3.849ms

[Worker2] Imported GUID: e29a080db216d7243a4c43d721164c3a - Path: Assets/Shaders/Boiler/Includes/BoilerWaterSurfaceFunctions.hlsl - Importer: PreviewImporter -> (ImportResultId: '2710e69b14e239fbf22166ce26b812c7') in 0.0453332 seconds
[Worker2] Imported GUID: e29a080db216d7243a4c43d721164c3a - Path: Assets/Shaders/Boiler/Includes/BoilerWaterSurfaceFunctions.hlsl - Importer: ScriptedImporter/UnityEditor.QuickSearchModule:UnityEditor.Search:ASIAI0B -> (ImportResultId: '5c92c565eb3a2d1f32ec9545d2f5705a') in 0.0668396 seconds

Importing 'GUID: e29a080db216d7243a4c43d721164c3a - Path: Assets/Shaders/Boiler/Includes/BoilerWaterSurfaceFunctions.hlsl' with importer (ShaderIncludeImporter)
Imported 'GUID: e29a080db216d7243a4c43d721164c3a' -> (Import Result ID: '750b8164100d73d1e88c147c5db9c603') in 0.001 seconds [static dependencies only]. Details - ImportResultOutputID=e26ad1a3e18e72adef132796fd8c8456 DependenciesID=b7925bffa64149c6ce099bfaa4d56be7 StaticDependenciesID=33d4047edc63c984d45cb39d28b1fde6 
Asset Pipeline Refresh (id=d6061af7b58b76547949f7a027de8e97): Total: 0.121 seconds - Initiated by RefreshV2(AllowForceSynchronousImport)
[Worker2] Imported GUID: e29a080db216d7243a4c43d721164c3a - Path: Assets/Shaders/Boiler/Includes/BoilerWaterSurfaceFunctions.hlsl - Importer: PreviewImporter -> (ImportResultId: '758dbd0c10af07539cf6b2651a041225') in 0.0281348 seconds
[Worker2] Imported GUID: e29a080db216d7243a4c43d721164c3a - Path: Assets/Shaders/Boiler/Includes/BoilerWaterSurfaceFunctions.hlsl - Importer: ScriptedImporter/UnityEditor.QuickSearchModule:UnityEditor.Search:ASIAI0B -> (ImportResultId: 'b3e2bd50d7524f942bc276e79136b030') in 0.0259651 seconds
Importing 'GUID: 9b79316e138182449898f5a6aca946f2 - Path: Assets/Shaders/Boiler/Includes/SG_BoilerWaterVolume.shadergraph' with importer (ScriptedImporter : Unity.ShaderGraph.Editor:UnityEditor.ShaderGraph:ShaderGraphImporter)
Imported 'GUID: 9b79316e138182449898f5a6aca946f2' -> (Import Result ID: 'ca1dc3c3c8cdacdf5884d204923c0d11') in 1.972 seconds [static and dynamic dependencies]. Details - ImportResultOutputID=63b96d139d9f139453bef41812f92243 DependenciesID=9147fbc2c5e4e40c176e71e109e97a43 StaticDependenciesID=c42f42718d5a638e2a3dbffbd18ca1b0 

Asset Pipeline Refresh (id=c03f9e1fdbfda574b91868be6ea08842): Total: 2.505 seconds - Initiated by RefreshV2(NoUpdateAssetOptions)
	(Values over 0.05ms)
	Summary:
		Imports: total=1 (actual=1, local cache=0, cache server=0)
		Asset DB Process Time: managed=0 ms, native=2112 ms
		Asset DB Callback time: managed=5 ms, native=386 ms
		Scripting: domain reloads=0, domain reload time=0 ms, compile time=0 ms, other=0 ms
		Project Asset Count: scripts=1675, non-scripts=3268
		Asset File Changes: new=1, changed=1, moved=0, deleted=0
		Scan Filter Count: 0
	ApplyChangesToAssetFolders: 0.119ms
	Scan: 7.057ms
	ProcessAssetsWithTransientArtifactChanges: 0.074ms
	CategorizeAssets: 33.599ms
	ImportOutOfDateAssets: 2042.772ms (6.764ms without children)
		ImportManagerImport: 1982.529ms (5.486ms without children)
			UpdateCategorizedAssets: 0.681ms
		UnloadImportedAssets: 0.169ms
		EnsureUptoDateAssetsAreRegisteredWithGuidPM: 0.468ms
		ImportSchedulerStart: 52.799ms
	PostProcessAllAssets: 387.255ms
		ShaderAssetModifiedCallback 383.838ms
		XRBuildSystem.XRAssetImported 0.377ms
		MonoPostProcessAllAssets: 2.768ms
			ShaderGraphAssetPostProcessor.OnPostprocessAllAssets 1.414ms
			SyncVS.PostprocessSyncProject 0.864ms
			RenderPipelineGlobalSettingsPostprocessor.OnPostprocessAllAssets 0.061ms
			AssetPostprocessor.OnPostprocessAllAssets 0.058ms
	PostAssetChangesProfiler: 5.096ms
	GatherAllCurrentPrimaryImportResultRevisions: 0.190ms
	PersistCurrentRevisions: 0.189ms
	Untracked: 28.968ms

Launched and connected shader compiler UnityShaderCompiler.exe after 0.06 seconds
Launched and connected shader compiler UnityShaderCompiler.exe after 0.01 seconds
Launched and connected shader compiler UnityShaderCompiler.exe after 0.01 seconds
[Worker2] Imported GUID: 9b79316e138182449898f5a6aca946f2 - Path: Assets/Shaders/Boiler/Includes/SG_BoilerWaterVolume.shadergraph - Importer: ScriptedImporter/UnityEditor.QuickSearchModule:UnityEditor.Search:ASIAI0B -> (ImportResultId: '64410c45e12f9e07105a2b265a6526c6') in 0.3287013 seconds
Launched and connected shader compiler UnityShaderCompiler.exe after 0.01 seconds
Launched and connected shader compiler UnityShaderCompiler.exe after 0.02 seconds
Launched and connected shader compiler UnityShaderCompiler.exe after 0.02 seconds
Request Asset Garbage Collect because used heap size increased from 0.85 GB to 1.14 GB, exceeding the threshold of 256.0 MB.
Asset Pipeline Refresh (id=5ec11e63897f3bd4680adc2f205d4e72): Total: 0.019 seconds - Initiated by RefreshV2(AllowForceSynchronousImport)
Asset Pipeline Refresh (id=4a5ef9bfec4c21840aeba6fb82f37143): Total: 0.004 seconds - Initiated by RefreshV2(AllowForceSynchronousImport)
Unloading 0 Unused Serialized files (Serialized files now loaded: 0)
Unloading 2260 unused Assets / (29.1 MB). Loaded Objects now: 11359.
Memory consumption went from 1.11 GB to 1.09 GB.
Total: 26.575800 ms (FindLiveObjects: 0.777700 ms CreateObjectMapping: 2.143400 ms MarkObjects: 19.087600 ms  DeleteObjects: 4.565500 ms)

[Worker2] Imported GUID: 9b79316e138182449898f5a6aca946f2 - Path: Assets/Shaders/Boiler/Includes/SG_BoilerWaterVolume.shadergraph - Importer: PreviewImporter -> (ImportResultId: 'b9fc5c7105f5411be8bcb63767792a21') in 1.1756097 seconds
Asset Pipeline Refresh (id=bddd719f582d71a4c997a16f64375f46): Total: 0.129 seconds - Initiated by StopAssetImportingV2(NoUpdateAssetOptions)
Asset Pipeline Refresh (id=1081843f16d8ffc45abcfec4e4a24cb9): Total: 0.001 seconds - Initiated by StopAssetImportingV2(NoUpdateAssetOptions)
[Worker2] Imported GUID: 9b79316e138182449898f5a6aca946f2 - Path: Assets/Shaders/Boiler/SG_BoilerWaterVolume.shadergraph - Importer: ScriptedImporter/UnityEditor.QuickSearchModule:UnityEditor.Search:ASIAI0B -> (ImportResultId: 'e55738cc958b733e501c48abff2d40c5') in 0.0377541 seconds
Asset Pipeline Refresh (id=7070934f0d91f45409d18fec970f3f62): Total: 0.011 seconds - Initiated by RefreshV2(AllowForceSynchronousImport)
Asset Pipeline Refresh (id=990ee91cff5c8324eb751d75a3f5e489): Total: 0.005 seconds - Initiated by RefreshV2(AllowForceSynchronousImport)
Asset Pipeline Refresh (id=000c1347b5fefd84b82c5af2eee496ef): Total: 0.005 seconds - Initiated by RefreshV2(AllowForceSynchronousImport)
Asset Pipeline Refresh (id=f1ca038fab71786499c16682696987ac): Total: 0.004 seconds - Initiated by RefreshV2(AllowForceSynchronousImport)
Asset Pipeline Refresh (id=e185e006623db7648b684699b0374c3a): Total: 0.004 seconds - Initiated by RefreshV2(AllowForceSynchronousImport)
Asset Pipeline Refresh (id=20cd565c2f43a2149accb8cac3246b9a): Total: 0.003 seconds - Initiated by RefreshV2(AllowForceSynchronousImport)
Asset Pipeline Refresh (id=8476a958636823f4aa35ba07f2f60180): Total: 0.003 seconds - Initiated by RefreshV2(AllowForceSynchronousImport)
Asset Pipeline Refresh (id=5f05e3db67315af41881adbc361dfe31): Total: 0.004 seconds - Initiated by RefreshV2(AllowForceSynchronousImport)
Asset Pipeline Refresh (id=abe52fb6fbb6467419f58556f19297ed): Total: 0.004 seconds - Initiated by RefreshV2(AllowForceSynchronousImport)
Asset Pipeline Refresh (id=e4d29bd1d86fb6e489b98ca93c9aab65): Total: 0.004 seconds - Initiated by RefreshV2(AllowForceSynchronousImport)
Asset Pipeline Refresh (id=7ea0b5833bfca5b438f3dacc1c32e09e): Total: 0.003 seconds - Initiated by RefreshV2(AllowForceSynchronousImport)
Asset Pipeline Refresh (id=47766f60822c55e4fb58ae3183d513cf): Total: 0.007 seconds - Initiated by RefreshV2(AllowForceSynchronousImport)
Asset Pipeline Refresh (id=eea4cc4306c702445bbe1e3bde91bd43): Total: 0.006 seconds - Initiated by RefreshV2(AllowForceSynchronousImport)
Asset Pipeline Refresh (id=2273e5605bf020143b1292114d75a80a): Total: 0.004 seconds - Initiated by RefreshV2(AllowForceSynchronousImport)
Asset Pipeline Refresh (id=30ccd45c5e0d42f49a1907df274fe0db): Total: 0.006 seconds - Initiated by RefreshV2(AllowForceSynchronousImport)
Asset Pipeline Refresh (id=d8d5e8a9ef2cdda4f9cb98a5a0246e07): Total: 0.004 seconds - Initiated by RefreshV2(AllowForceSynchronousImport)
Asset Pipeline Refresh (id=b4a7c38f3922ae94082631880aaadee9): Total: 0.005 seconds - Initiated by RefreshV2(AllowForceSynchronousImport)
Asset Pipeline Refresh (id=38403084424608a4898494946f89d8eb): Total: 0.004 seconds - Initiated by RefreshV2(AllowForceSynchronousImport)
Asset Pipeline Refresh (id=4dbbea63e55b73d49a4d3f59f81df791): Total: 0.004 seconds - Initiated by RefreshV2(AllowForceSynchronousImport)
Asset Pipeline Refresh (id=141681b3c4f2938469b94d8ab1d8cb0f): Total: 0.006 seconds - Initiated by RefreshV2(AllowForceSynchronousImport)
Asset Pipeline Refresh (id=c4ba864ffd703ec41850c44c64309dac): Total: 0.004 seconds - Initiated by RefreshV2(AllowForceSynchronousImport)
Asset Pipeline Refresh (id=75951c85c190cb24f99750316bc311c6): Total: 0.004 seconds - Initiated by RefreshV2(AllowForceSynchronousImport)
Asset Pipeline Refresh (id=b2208a253be0f1042a812b247374cd34): Total: 0.004 seconds - Initiated by RefreshV2(AllowForceSynchronousImport)
Asset Pipeline Refresh (id=df4dc4849a1cb2d4c9cfee1a26593cd7): Total: 0.005 seconds - Initiated by RefreshV2(AllowForceSynchronousImport)
Asset Pipeline Refresh (id=eb20f46788645a5428dcc181922203a9): Total: 0.008 seconds - Initiated by RefreshV2(AllowForceSynchronousImport)
Asset Pipeline Refresh (id=ed42c8fb341bd254e93b6252f3275f42): Total: 0.004 seconds - Initiated by RefreshV2(AllowForceSynchronousImport)
Asset Pipeline Refresh (id=053035c0a69b77545b892bf46f95f5bb): Total: 0.007 seconds - Initiated by RefreshV2(AllowForceSynchronousImport)
Asset Pipeline Refresh (id=a2464f946100fb24b8d6f1fc849c4fc9): Total: 0.006 seconds - Initiated by RefreshV2(AllowForceSynchronousImport)
Asset Pipeline Refresh (id=78910d762b4e8b94994ac7832a1cdc29): Total: 0.004 seconds - Initiated by RefreshV2(AllowForceSynchronousImport)
Asset Pipeline Refresh (id=85c96688730985343a40a901d1ffc366): Total: 0.004 seconds - Initiated by RefreshV2(AllowForceSynchronousImport)
Asset Pipeline Refresh (id=0a107f21644f8e64dba4d59cc0db6686): Total: 0.004 seconds - Initiated by RefreshV2(AllowForceSynchronousImport)
Asset Pipeline Refresh (id=4f6f131fba88a784fa274446f8a69db3): Total: 0.004 seconds - Initiated by RefreshV2(AllowForceSynchronousImport)
Asset Pipeline Refresh (id=da2a9ba6c092a1a40bc35c36a9c3b7f6): Total: 0.004 seconds - Initiated by RefreshV2(AllowForceSynchronousImport)
Asset Pipeline Refresh (id=f997672bc6b9b9b488fdcf318f29ee44): Total: 0.004 seconds - Initiated by RefreshV2(AllowForceSynchronousImport)
Asset Pipeline Refresh (id=a0ea58760bec83e4fbf40e416c37ddaf): Total: 0.004 seconds - Initiated by RefreshV2(AllowForceSynchronousImport)
Asset Pipeline Refresh (id=39b37581ac37d4c41a6eb1f421578b68): Total: 0.004 seconds - Initiated by RefreshV2(AllowForceSynchronousImport)
Asset Pipeline Refresh (id=c09c47ad62d01eb4188a985320380e51): Total: 0.005 seconds - Initiated by RefreshV2(AllowForceSynchronousImport)
Asset Pipeline Refresh (id=e30696c3f78918941804085668b50a4f): Total: 0.004 seconds - Initiated by RefreshV2(AllowForceSynchronousImport)
Asset Pipeline Refresh (id=94003dfba8cbaa7469d0e98fe055cf05): Total: 0.004 seconds - Initiated by RefreshV2(AllowForceSynchronousImport)
Asset Pipeline Refresh (id=ef276625ba78ae245953ad814326fb28): Total: 0.004 seconds - Initiated by RefreshV2(AllowForceSynchronousImport)
Asset Pipeline Refresh (id=e7d25e87453c4ed43b21e0802731004d): Total: 0.004 seconds - Initiated by RefreshV2(AllowForceSynchronousImport)
Asset Pipeline Refresh (id=60579bb661bbfc34597ee323b3898a43): Total: 0.004 seconds - Initiated by RefreshV2(AllowForceSynchronousImport)
Asset Pipeline Refresh (id=bca3fed9a3236b648822a4c61d77145b): Total: 0.004 seconds - Initiated by RefreshV2(AllowForceSynchronousImport)
Asset Pipeline Refresh (id=d5e2959c79a74b748a70a9bc212c2b37): Total: 0.004 seconds - Initiated by RefreshV2(AllowForceSynchronousImport)
Asset Pipeline Refresh (id=2a4758325f2eeb54e883dd453bc4214f): Total: 0.004 seconds - Initiated by RefreshV2(AllowForceSynchronousImport)
Asset Pipeline Refresh (id=fe26377df0b05a4408e80f0c64727acc): Total: 0.004 seconds - Initiated by RefreshV2(AllowForceSynchronousImport)
Asset Pipeline Refresh (id=11891ed0d4d8e5e43bc8d685fd595949): Total: 0.004 seconds - Initiated by RefreshV2(AllowForceSynchronousImport)
Asset Pipeline Refresh (id=5127354e7dddf7a4d8ae0bd493c22bbc): Total: 0.004 seconds - Initiated by RefreshV2(AllowForceSynchronousImport)
Asset Pipeline Refresh (id=e1b0e997dd825124db27f860fd864489): Total: 0.006 seconds - Initiated by RefreshV2(AllowForceSynchronousImport)
Asset Pipeline Refresh (id=6aac610c68357d5438f705b9e3882c59): Total: 0.004 seconds - Initiated by RefreshV2(AllowForceSynchronousImport)
Asset Pipeline Refresh (id=a069054f74ae9c345a27c3bac79acec3): Total: 0.003 seconds - Initiated by RefreshV2(AllowForceSynchronousImport)
Asset Pipeline Refresh (id=f645ae2d3fdacec4b88602062d5eaa58): Total: 0.004 seconds - Initiated by RefreshV2(AllowForceSynchronousImport)
Asset Pipeline Refresh (id=1280c709b0475cf48b4160a9011282c2): Total: 0.004 seconds - Initiated by RefreshV2(AllowForceSynchronousImport)
Asset Pipeline Refresh (id=d82b6ca2c3fe9b84495623a1ef61f422): Total: 0.003 seconds - Initiated by RefreshV2(AllowForceSynchronousImport)
Asset Pipeline Refresh (id=71b5ee6d9357d534a922f560f5a6b111): Total: 0.005 seconds - Initiated by RefreshV2(AllowForceSynchronousImport)
Asset Pipeline Refresh (id=de1a95ecfd7566b4eb692506153f6954): Total: 0.004 seconds - Initiated by RefreshV2(AllowForceSynchronousImport)
Asset Pipeline Refresh (id=b53198d28356b7e409382c34676cd95f): Total: 0.006 seconds - Initiated by RefreshV2(AllowForceSynchronousImport)
Asset Pipeline Refresh (id=8d251b13f2fdbd84385b2724b29da276): Total: 0.006 seconds - Initiated by RefreshV2(AllowForceSynchronousImport)
Asset Pipeline Refresh (id=2e1e1729b2398c54384092b0558b9ad0): Total: 0.004 seconds - Initiated by RefreshV2(AllowForceSynchronousImport)
Asset Pipeline Refresh (id=064d9245be408904d827d0d19ae8487b): Total: 0.003 seconds - Initiated by RefreshV2(AllowForceSynchronousImport)
Asset Pipeline Refresh (id=b3d0ff4b7eed1d74e8358c97b45fc1b0): Total: 0.004 seconds - Initiated by RefreshV2(AllowForceSynchronousImport)
Asset Pipeline Refresh (id=547bbbb6f159c734bb5a4696a55d7171): Total: 0.004 seconds - Initiated by RefreshV2(AllowForceSynchronousImport)
Asset Pipeline Refresh (id=cfe9f1f511fc1be488a64e5fa74b4c4c): Total: 0.003 seconds - Initiated by RefreshV2(AllowForceSynchronousImport)
Asset Pipeline Refresh (id=5989c6f2a3610b7448d0d296ab656bfd): Total: 0.003 seconds - Initiated by RefreshV2(AllowForceSynchronousImport)
Asset Pipeline Refresh (id=340bf363de938cb469be087c180d5e63): Total: 0.004 seconds - Initiated by RefreshV2(AllowForceSynchronousImport)
Asset Pipeline Refresh (id=56c49221534c7b44e8c6d269ed37f558): Total: 0.003 seconds - Initiated by RefreshV2(AllowForceSynchronousImport)
Asset Pipeline Refresh (id=f7a02017b25889e4cab2ad1ab2409ae6): Total: 0.004 seconds - Initiated by RefreshV2(AllowForceSynchronousImport)
Asset Pipeline Refresh (id=7867cac494453b142a822660ea73064c): Total: 0.004 seconds - Initiated by RefreshV2(AllowForceSynchronousImport)
Asset Pipeline Refresh (id=76ebb770f2f10604e83ad1b26866ea58): Total: 0.004 seconds - Initiated by RefreshV2(AllowForceSynchronousImport)
Asset Pipeline Refresh (id=736546a6aea09d74fb4a039c5a20663d): Total: 0.005 seconds - Initiated by RefreshV2(AllowForceSynchronousImport)
Asset Pipeline Refresh (id=f0cc668f9490a8d45922466546e57017): Total: 0.004 seconds - Initiated by RefreshV2(AllowForceSynchronousImport)
[Licensing::Client] Successfully resolved entitlement details
Asset Pipeline Refresh (id=5c52160e75f67f443a02ae81ee65c149): Total: 0.004 seconds - Initiated by RefreshV2(AllowForceSynchronousImport)
Asset Pipeline Refresh (id=15727dffbdc37bc4b92ccf7cc26abda1): Total: 0.003 seconds - Initiated by RefreshV2(AllowForceSynchronousImport)
Asset Pipeline Refresh (id=ff11cd6769033624a878edd5c54d8470): Total: 0.004 seconds - Initiated by RefreshV2(AllowForceSynchronousImport)
Asset Pipeline Refresh (id=79e55a2b6ebc6c04bb4acaf65f1b0557): Total: 0.004 seconds - Initiated by RefreshV2(AllowForceSynchronousImport)
Asset Pipeline Refresh (id=cfedce9f6ddba3e44ae06603456b9c99): Total: 0.004 seconds - Initiated by RefreshV2(AllowForceSynchronousImport)
Asset Pipeline Refresh (id=7ab1a8ba971b4de438a65e9e8ba4c332): Total: 0.004 seconds - Initiated by RefreshV2(AllowForceSynchronousImport)
Asset Pipeline Refresh (id=88145ac16aa8dfd4e9d8284747e90ce6): Total: 0.004 seconds - Initiated by RefreshV2(AllowForceSynchronousImport)
Asset Pipeline Refresh (id=6b06b6979156e2a45878bc3ba6d5a339): Total: 0.004 seconds - Initiated by RefreshV2(AllowForceSynchronousImport)
Asset Pipeline Refresh (id=e71f760522295cd4d84b0282791e7397): Total: 0.004 seconds - Initiated by RefreshV2(AllowForceSynchronousImport)
Asset Pipeline Refresh (id=632bbbc742812324a8427516f64e34e3): Total: 0.006 seconds - Initiated by RefreshV2(AllowForceSynchronousImport)
Asset Pipeline Refresh (id=d7de068ae273db841b8f62ae3e7c9f8c): Total: 0.004 seconds - Initiated by RefreshV2(AllowForceSynchronousImport)
Asset Pipeline Refresh (id=911b9ed63da65bc4398e2c237f462f73): Total: 0.004 seconds - Initiated by RefreshV2(AllowForceSynchronousImport)
Asset Pipeline Refresh (id=c803a8b412bf62146a1f3a88163c8ff7): Total: 0.003 seconds - Initiated by RefreshV2(AllowForceSynchronousImport)
Asset Pipeline Refresh (id=06830f736d972a7479a6662df5065688): Total: 0.004 seconds - Initiated by RefreshV2(AllowForceSynchronousImport)
Asset Pipeline Refresh (id=6b55f0b17df47ab4390df6e65f4b8b70): Total: 0.004 seconds - Initiated by RefreshV2(AllowForceSynchronousImport)
Asset Pipeline Refresh (id=0654a92fd0fd68b4d9291eaf3a594e28): Total: 0.004 seconds - Initiated by RefreshV2(AllowForceSynchronousImport)
Asset Pipeline Refresh (id=79e533c579757514ea3c3af19081bded): Total: 0.004 seconds - Initiated by RefreshV2(AllowForceSynchronousImport)
Asset Pipeline Refresh (id=c3275dee16b9bd44681039b0a3bd402f): Total: 0.004 seconds - Initiated by RefreshV2(AllowForceSynchronousImport)
Asset Pipeline Refresh (id=347b517202015af4b937a39179366fd9): Total: 0.004 seconds - Initiated by RefreshV2(AllowForceSynchronousImport)
Asset Pipeline Refresh (id=d9ec4cd5ed30f0d4c9ffcc601bedab80): Total: 0.004 seconds - Initiated by RefreshV2(AllowForceSynchronousImport)
Asset Pipeline Refresh (id=39872e03862a8f649bc9b53b88fefd23): Total: 0.004 seconds - Initiated by RefreshV2(AllowForceSynchronousImport)
Project ID request failed, Reason: The requested URL returned error: 401 (401).
Unknown Unity Connect error (400). Please contact support at support@unity.com while processing request "https://services.unity.com/api/unity/legacy/v1/projects/4dcfb6bf-600c-4547-a78e-622efdda9f33", HTTP error code 401
.Asset Pipeline Refresh (id=d3945d000a68a1f48a5b3f2360073523): Total: 0.004 seconds - Initiated by RefreshV2(AllowForceSynchronousImport)
Project ID request failed, Reason: The requested URL returned error: 401 (401).
Unknown Unity Connect error (400). Please contact support at support@unity.com while processing request "https://services.unity.com/api/unity/legacy/v1/projects/4dcfb6bf-600c-4547-a78e-622efdda9f33", HTTP error code 401
.[Licensing::Client] Successfully updated the access token
[Licensing::Module] Successfully updated access token: "iKBm6pgG"... (expires: 2026-08-06T19:04:10Z)
UPID Received '4dcfb6bf-600c-4547-a78e-622efdda9f33'.
Asset Pipeline Refresh (id=dd0f04fa6a0065c46864f830559aa6cf): Total: 0.004 seconds - Initiated by RefreshV2(AllowForceSynchronousImport)
Asset Pipeline Refresh (id=2cc0150615aed194c80268f12086a84d): Total: 0.004 seconds - Initiated by RefreshV2(AllowForceSynchronousImport)
Asset Pipeline Refresh (id=66cf16c95759624408c13946385d4e99): Total: 0.004 seconds - Initiated by RefreshV2(AllowForceSynchronousImport)
Asset Pipeline Refresh (id=32d6d7094b3d14844bda8377e892111d): Total: 0.004 seconds - Initiated by RefreshV2(AllowForceSynchronousImport)
Asset Pipeline Refresh (id=82cb18c66d0479d44aa37d53b45c9c19): Total: 0.004 seconds - Initiated by RefreshV2(AllowForceSynchronousImport)
Asset Pipeline Refresh (id=cd151ca68bcdc7846b4f2fa2df83291b): Total: 0.004 seconds - Initiated by RefreshV2(AllowForceSynchronousImport)
Asset Pipeline Refresh (id=ea5e123207a56cf4cb2bfc8f122ea588): Total: 0.004 seconds - Initiated by RefreshV2(AllowForceSynchronousImport)
Asset Pipeline Refresh (id=ef8021fc1c6ce8240a0a77bc1841f1ea): Total: 0.004 seconds - Initiated by RefreshV2(AllowForceSynchronousImport)
Asset Pipeline Refresh (id=4a60e2e95a405c34cb844eb69451f0d3): Total: 0.004 seconds - Initiated by RefreshV2(AllowForceSynchronousImport)
Asset Pipeline Refresh (id=d4dc9abb7211c2047b832b5582a66526): Total: 0.004 seconds - Initiated by RefreshV2(AllowForceSynchronousImport)
Asset Pipeline Refresh (id=854df0ca5153a67439e84a1c24ec0421): Total: 0.004 seconds - Initiated by RefreshV2(AllowForceSynchronousImport)
Asset Pipeline Refresh (id=6e5efaed8ec98184f9d40edc5ef8feb9): Total: 0.004 seconds - Initiated by RefreshV2(AllowForceSynchronousImport)
Asset Pipeline Refresh (id=5f2a2dbaf2a8a0d448adc8e2819e3305): Total: 0.004 seconds - Initiated by RefreshV2(AllowForceSynchronousImport)
Asset Pipeline Refresh (id=1e54218bb0de8ff43a3cc40866cd9fcd): Total: 0.004 seconds - Initiated by RefreshV2(AllowForceSynchronousImport)
Asset Pipeline Refresh (id=9a71580da5fe94b4f9523703c33966f4): Total: 0.004 seconds - Initiated by RefreshV2(AllowForceSynchronousImport)
Asset Pipeline Refresh (id=6e2ae747e88324f4f9a75b04e4c1d683): Total: 0.004 seconds - Initiated by RefreshV2(AllowForceSynchronousImport)
Asset Pipeline Refresh (id=1eb5d1ce63e943d4d8f20ff235d188b8): Total: 0.004 seconds - Initiated by RefreshV2(AllowForceSynchronousImport)
Asset Pipeline Refresh (id=41bbcda8cf54f70419fa145a2a9a91fb): Total: 0.004 seconds - Initiated by RefreshV2(AllowForceSynchronousImport)
Asset Pipeline Refresh (id=c3b35762aaf91764198676c60a959cc4): Total: 0.004 seconds - Initiated by RefreshV2(AllowForceSynchronousImport)
Asset Pipeline Refresh (id=18c2793c1dd0888459e5c543972bff0d): Total: 0.004 seconds - Initiated by RefreshV2(AllowForceSynchronousImport)
Asset Pipeline Refresh (id=54c62122889cdf4428d851d644f2be45): Total: 0.004 seconds - Initiated by RefreshV2(AllowForceSynchronousImport)
Asset Pipeline Refresh (id=3d965fd836b5d8c468280b9e5dbac83d): Total: 0.004 seconds - Initiated by RefreshV2(AllowForceSynchronousImport)
Asset Pipeline Refresh (id=e6797dc91e469ea419bab3f78be24503): Total: 0.004 seconds - Initiated by RefreshV2(AllowForceSynchronousImport)
Asset Pipeline Refresh (id=24e72e54f6f636648aa7b6081aa72d23): Total: 0.003 seconds - Initiated by RefreshV2(AllowForceSynchronousImport)
Asset Pipeline Refresh (id=318153459bc25fa458c5915e26623bcf): Total: 0.004 seconds - Initiated by RefreshV2(AllowForceSynchronousImport)
Asset Pipeline Refresh (id=01d29e7dc32bded46b0c138ae3616a86): Total: 0.003 seconds - Initiated by RefreshV2(AllowForceSynchronousImport)
Asset Pipeline Refresh (id=944e7179715284245a4ee53cb81bada1): Total: 0.003 seconds - Initiated by RefreshV2(AllowForceSynchronousImport)
Asset Pipeline Refresh (id=32d24233c2f766f4f9ae6cf5aa22b3b8): Total: 0.004 seconds - Initiated by RefreshV2(AllowForceSynchronousImport)
Asset Pipeline Refresh (id=bd692ae802ceeca49944f9999aef5f65): Total: 0.004 seconds - Initiated by RefreshV2(AllowForceSynchronousImport)
Asset Pipeline Refresh (id=3921811b72ccedb4781f52117052eac8): Total: 0.004 seconds - Initiated by RefreshV2(AllowForceSynchronousImport)
Asset Pipeline Refresh (id=3c1f3df963ebce847bf03b10300fbedc): Total: 0.004 seconds - Initiated by RefreshV2(AllowForceSynchronousImport)
Asset Pipeline Refresh (id=c1794bf05cfe97f4d879dbe62d5f936c): Total: 0.004 seconds - Initiated by RefreshV2(AllowForceSynchronousImport)
Asset Pipeline Refresh (id=1aadba37ac0a6de43a84a09c9c9df0f3): Total: 0.004 seconds - Initiated by RefreshV2(AllowForceSynchronousImport)
Asset Pipeline Refresh (id=8ea1f7d6c33923242b23ea6076742094): Total: 0.004 seconds - Initiated by RefreshV2(AllowForceSynchronousImport)
Asset Pipeline Refresh (id=3cd8527d86fc6ff4b80bbf8ac46c6e34): Total: 0.004 seconds - Initiated by RefreshV2(AllowForceSynchronousImport)
Asset Pipeline Refresh (id=5f59b8ba79fc05b42ac67b57bd0e6916): Total: 0.004 seconds - Initiated by RefreshV2(AllowForceSynchronousImport)
Asset Pipeline Refresh (id=f96853943f8b454498c6b9ea59ab0ecd): Total: 0.004 seconds - Initiated by RefreshV2(AllowForceSynchronousImport)
Asset Pipeline Refresh (id=98698c9d10f1433469d378967927efe0): Total: 0.005 seconds - Initiated by RefreshV2(AllowForceSynchronousImport)
Asset Pipeline Refresh (id=061f416836830954ca4d24ca3d17cc51): Total: 0.004 seconds - Initiated by RefreshV2(AllowForceSynchronousImport)
Asset Pipeline Refresh (id=e350efc6e7341284d8395b0b45eb8cb9): Total: 0.004 seconds - Initiated by RefreshV2(AllowForceSynchronousImport)
Asset Pipeline Refresh (id=98658fd61adf85c46b4968c9e41321cb): Total: 0.004 seconds - Initiated by RefreshV2(AllowForceSynchronousImport)
Asset Pipeline Refresh (id=cad72c6c67e996d429d56a6a94846ccb): Total: 0.003 seconds - Initiated by RefreshV2(AllowForceSynchronousImport)
Asset Pipeline Refresh (id=841580d6cc546554ca8a65011e888860): Total: 0.004 seconds - Initiated by RefreshV2(AllowForceSynchronousImport)
Asset Pipeline Refresh (id=28badd47befee314aa193f834e4572b3): Total: 0.004 seconds - Initiated by RefreshV2(AllowForceSynchronousImport)
Asset Pipeline Refresh (id=6e4daa46de248bb4bae3001f2d4fc17f): Total: 0.004 seconds - Initiated by RefreshV2(AllowForceSynchronousImport)
Asset Pipeline Refresh (id=7169610f1b3c7304493ced1f95880096): Total: 0.004 seconds - Initiated by RefreshV2(AllowForceSynchronousImport)
Asset Pipeline Refresh (id=5b2a2675d137ecb44b89c2f5e8db7068): Total: 0.004 seconds - Initiated by RefreshV2(AllowForceSynchronousImport)
Asset Pipeline Refresh (id=42837fade6138c743a18f9a54a3f6e27): Total: 0.004 seconds - Initiated by RefreshV2(AllowForceSynchronousImport)
Asset Pipeline Refresh (id=4529489761600e14da725f951185034d): Total: 0.004 seconds - Initiated by RefreshV2(AllowForceSynchronousImport)
Asset Pipeline Refresh (id=109aadc017991b8489f44073282f80c2): Total: 0.004 seconds - Initiated by RefreshV2(AllowForceSynchronousImport)
Asset Pipeline Refresh (id=74292598790823947b2ac466fa7b973f): Total: 0.004 seconds - Initiated by RefreshV2(AllowForceSynchronousImport)
Asset Pipeline Refresh (id=4cb7dce4030353f44b2aaa81f8c8c538): Total: 0.004 seconds - Initiated by RefreshV2(AllowForceSynchronousImport)
Asset Pipeline Refresh (id=63e8baba656c1df49b22e905b062b26a): Total: 0.004 seconds - Initiated by RefreshV2(AllowForceSynchronousImport)
Asset Pipeline Refresh (id=7bde52209ac70fa4cbc1f446b9138c97): Total: 0.004 seconds - Initiated by RefreshV2(AllowForceSynchronousImport)
Asset Pipeline Refresh (id=4d576e5de34fb074b92ae71859e8f253): Total: 0.004 seconds - Initiated by RefreshV2(AllowForceSynchronousImport)
Asset Pipeline Refresh (id=40e0b5ae00150f44cbefd6c27f32d958): Total: 0.004 seconds - Initiated by RefreshV2(AllowForceSynchronousImport)
Asset Pipeline Refresh (id=f85a8403a67432b4c901153f32119316): Total: 0.004 seconds - Initiated by RefreshV2(AllowForceSynchronousImport)
Asset Pipeline Refresh (id=72775ac738ff0634fbb47d57780fb569): Total: 0.004 seconds - Initiated by RefreshV2(AllowForceSynchronousImport)
Asset Pipeline Refresh (id=717b6c1b68199e14eaa8a5bde1dd0b84): Total: 0.004 seconds - Initiated by RefreshV2(AllowForceSynchronousImport)
Asset Pipeline Refresh (id=bc6b535a043ecf3489df9064f5621d31): Total: 0.004 seconds - Initiated by RefreshV2(AllowForceSynchronousImport)
Asset Pipeline Refresh (id=dfb381e7d8df0d44eb3c9d482c41143d): Total: 0.003 seconds - Initiated by RefreshV2(AllowForceSynchronousImport)
Asset Pipeline Refresh (id=fca171d16417f284e9702d76f4e44e79): Total: 0.004 seconds - Initiated by RefreshV2(AllowForceSynchronousImport)
Asset Pipeline Refresh (id=cce7cad0ef5056d49959bfec7c78f776): Total: 0.004 seconds - Initiated by RefreshV2(AllowForceSynchronousImport)
Asset Pipeline Refresh (id=308e3aa8fb972094698eb6744471f5f6): Total: 0.004 seconds - Initiated by RefreshV2(AllowForceSynchronousImport)
Asset Pipeline Refresh (id=3a9c4e8044c301140b4bcb68169fef5f): Total: 0.004 seconds - Initiated by RefreshV2(AllowForceSynchronousImport)
Asset Pipeline Refresh (id=52ece396f248c9a45a1df32bf525005a): Total: 0.004 seconds - Initiated by RefreshV2(AllowForceSynchronousImport)
Asset Pipeline Refresh (id=c1ac3dfa2f68fd54996b4acf6510e823): Total: 0.004 seconds - Initiated by RefreshV2(AllowForceSynchronousImport)
Asset Pipeline Refresh (id=5cd2677b0adc5ef4abc103b7c1c837b1): Total: 0.004 seconds - Initiated by RefreshV2(AllowForceSynchronousImport)
Asset Pipeline Refresh (id=5510e854530f2434db9eeb056ece0ae4): Total: 0.005 seconds - Initiated by RefreshV2(AllowForceSynchronousImport)
Asset Pipeline Refresh (id=ae61f5f6b90073f438489347082e8822): Total: 0.004 seconds - Initiated by RefreshV2(AllowForceSynchronousImport)
Asset Pipeline Refresh (id=1a852e05fa7ba674a811d536778d12f3): Total: 0.004 seconds - Initiated by RefreshV2(AllowForceSynchronousImport)
Asset Pipeline Refresh (id=2ae030b538e17554385d0622b96e9fae): Total: 0.004 seconds - Initiated by RefreshV2(AllowForceSynchronousImport)
Asset Pipeline Refresh (id=349830f8de3838d42b5d3d1f94f98c43): Total: 0.004 seconds - Initiated by RefreshV2(AllowForceSynchronousImport)
Asset Pipeline Refresh (id=51fae55986d6d354aac4d2a5a600b23f): Total: 0.004 seconds - Initiated by RefreshV2(AllowForceSynchronousImport)
Asset Pipeline Refresh (id=154eef274e545d444a127562a68d8e60): Total: 0.004 seconds - Initiated by RefreshV2(AllowForceSynchronousImport)
Asset Pipeline Refresh (id=923f9976ad37d0c4f8c3076ec6bb05f8): Total: 0.004 seconds - Initiated by RefreshV2(AllowForceSynchronousImport)
Asset Pipeline Refresh (id=fc8c62db991bcb94b8cb8099877d6aee): Total: 0.004 seconds - Initiated by RefreshV2(AllowForceSynchronousImport)
Asset Pipeline Refresh (id=f336b13ad614b7e4ebc5b847204072ad): Total: 0.004 seconds - Initiated by RefreshV2(AllowForceSynchronousImport)
Asset Pipeline Refresh (id=d9c40adff3c38fa42893af942daf263f): Total: 0.004 seconds - Initiated by RefreshV2(AllowForceSynchronousImport)
Asset Pipeline Refresh (id=7c562c569f1cd164b8ce03d9afade3dc): Total: 0.004 seconds - Initiated by RefreshV2(AllowForceSynchronousImport)
Asset Pipeline Refresh (id=3beabce30d2bfbb4ea9567952977c0ff): Total: 0.006 seconds - Initiated by RefreshV2(AllowForceSynchronousImport)
Asset Pipeline Refresh (id=e56fe16a0dbedb642bb000e1d5875bb0): Total: 0.004 seconds - Initiated by RefreshV2(AllowForceSynchronousImport)
Asset Pipeline Refresh (id=c8a9a15269ec62741971fdaf263c7ac0): Total: 0.004 seconds - Initiated by RefreshV2(AllowForceSynchronousImport)
Asset Pipeline Refresh (id=9c067738fb36a11489c88f204f53a57e): Total: 0.004 seconds - Initiated by RefreshV2(AllowForceSynchronousImport)
Asset Pipeline Refresh (id=9164af776d2affb4a811adbcecc78777): Total: 0.004 seconds - Initiated by RefreshV2(AllowForceSynchronousImport)
Asset Pipeline Refresh (id=8acd6a4e4adf35f44af97f21ae840c56): Total: 0.004 seconds - Initiated by RefreshV2(AllowForceSynchronousImport)
Asset Pipeline Refresh (id=13ade992dec38fc4b9007384c8779d6e): Total: 0.004 seconds - Initiated by RefreshV2(AllowForceSynchronousImport)
Asset Pipeline Refresh (id=b81db73ccfb15b4419415c161dac1e55): Total: 0.004 seconds - Initiated by RefreshV2(AllowForceSynchronousImport)
Scanning for USB devices : 9.470ms
Scanning for USB devices : 6.635ms
Scanning for USB devices : 6.076ms
Scanning for USB devices : 5.779ms
Scanning for USB devices : 10.798ms
Scanning for USB devices : 6.539ms
Scanning for USB devices : 5.939ms
Scanning for USB devices : 6.091ms
Scanning for USB devices : 7.681ms
Scanning for USB devices : 6.196ms
Scanning for USB devices : 9.336ms
Scanning for USB devices : 9.713ms
Scanning for USB devices : 6.063ms
Scanning for USB devices : 206.415ms
Scanning for USB devices : 7.200ms
Scanning for USB devices : 6.401ms
Scanning for USB devices : 6.771ms
Scanning for USB devices : 6.022ms
Asset Pipeline Refresh (id=a4d44331f91c1634d8458166172e5526): Total: 0.023 seconds - Initiated by RefreshV2(AllowForceSynchronousImport)
Scanning for USB devices : 6.236ms
Scanning for USB devices : 6.006ms
Scanning for USB devices : 5.923ms
Scanning for USB devices : 6.492ms
Scanning for USB devices : 5.902ms
Scanning for USB devices : 6.080ms
Scanning for USB devices : 6.097ms
Scanning for USB devices : 6.054ms
Scanning for USB devices : 6.209ms
Scanning for USB devices : 5.942ms
Scanning for USB devices : 6.159ms
Scanning for USB devices : 6.404ms
Asset Pipeline Refresh (id=b47c9ca157f93634883f06b1d629fedd): Total: 0.004 seconds - Initiated by RefreshV2(AllowForceSynchronousImport)
Asset Pipeline Refresh (id=1955e9f4ff23d7b4caa00a6a18ba0c70): Total: 0.005 seconds - Initiated by RefreshV2(AllowForceSynchronousImport)
Asset Pipeline Refresh (id=cc37f345d37bc1c46851404d7574f987): Total: 0.004 seconds - Initiated by RefreshV2(AllowForceSynchronousImport)
Asset Pipeline Refresh (id=1da13343ad8ac1c4c9dba4ee06739ad8): Total: 0.004 seconds - Initiated by RefreshV2(AllowForceSynchronousImport)
Asset Pipeline Refresh (id=7b11166c16b9eb54cac31056bd18d22d): Total: 0.004 seconds - Initiated by RefreshV2(AllowForceSynchronousImport)
Asset Pipeline Refresh (id=30ac4236ddbd8ee4ebbb6d0246fcac90): Total: 0.004 seconds - Initiated by RefreshV2(AllowForceSynchronousImport)
Asset Pipeline Refresh (id=46354d01c055f9647aa1c392ee7db390): Total: 0.004 seconds - Initiated by RefreshV2(AllowForceSynchronousImport)
Asset Pipeline Refresh (id=e51b6e281772e5449b369387dfb7a664): Total: 0.004 seconds - Initiated by RefreshV2(AllowForceSynchronousImport)
Asset Pipeline Refresh (id=a15b3d48b46333547977dea3c20222bd): Total: 0.004 seconds - Initiated by RefreshV2(AllowForceSynchronousImport)
Asset Pipeline Refresh (id=2076e19815dbd0949ac15517f6ba8014): Total: 0.004 seconds - Initiated by RefreshV2(AllowForceSynchronousImport)
Asset Pipeline Refresh (id=98683794b7d79184184b856f9d54bd6e): Total: 0.006 seconds - Initiated by RefreshV2(AllowForceSynchronousImport)
Asset Pipeline Refresh (id=25c5f289b4f6cd042add1f6046f54552): Total: 0.005 seconds - Initiated by RefreshV2(AllowForceSynchronousImport)
Asset Pipeline Refresh (id=2b0856212ce14d24b8b05cf0a73c47c9): Total: 0.005 seconds - Initiated by RefreshV2(AllowForceSynchronousImport)
Asset Pipeline Refresh (id=7ec2d7567c4719b479e1bbcf96d7edc3): Total: 0.005 seconds - Initiated by RefreshV2(AllowForceSynchronousImport)
Asset Pipeline Refresh (id=8c5ee66f30b4be8419368d70306204f3): Total: 0.005 seconds - Initiated by RefreshV2(AllowForceSynchronousImport)
Asset Pipeline Refresh (id=8d278bb3773f6a540869f935a76fd59d): Total: 0.004 seconds - Initiated by RefreshV2(AllowForceSynchronousImport)
Asset Pipeline Refresh (id=b0ebc994b845c05478d0a747caeb1a98): Total: 0.004 seconds - Initiated by RefreshV2(AllowForceSynchronousImport)
Asset Pipeline Refresh (id=7439afebba5a56647a90cf3740d62b65): Total: 0.004 seconds - Initiated by RefreshV2(AllowForceSynchronousImport)
Asset Pipeline Refresh (id=34fd2d8025d65d64ab3f98cc1bf021a4): Total: 0.004 seconds - Initiated by RefreshV2(AllowForceSynchronousImport)
Asset Pipeline Refresh (id=c7097134dde436d47bfcef0eeaaab6a8): Total: 0.004 seconds - Initiated by RefreshV2(AllowForceSynchronousImport)
Asset Pipeline Refresh (id=5b0f9fc02080c314d83592b0be331083): Total: 0.004 seconds - Initiated by RefreshV2(AllowForceSynchronousImport)
Asset Pipeline Refresh (id=faba1078536ef3b48889963ad70428fa): Total: 0.004 seconds - Initiated by RefreshV2(AllowForceSynchronousImport)
Asset Pipeline Refresh (id=b88b2d0b6ccbbbb4fa1b4e23c2843824): Total: 0.004 seconds - Initiated by RefreshV2(AllowForceSynchronousImport)
Asset Pipeline Refresh (id=5e90cf6b5de066549b1d716ae71ba2ae): Total: 0.004 seconds - Initiated by RefreshV2(AllowForceSynchronousImport)
Asset Pipeline Refresh (id=7e975e13e44508a44b98281f8e0ce8d1): Total: 0.004 seconds - Initiated by RefreshV2(AllowForceSynchronousImport)
Asset Pipeline Refresh (id=b2e2d6d1d98ad9e479a6de5b394ffd85): Total: 0.005 seconds - Initiated by RefreshV2(AllowForceSynchronousImport)
Asset Pipeline Refresh (id=320c76539c52e344c906ae938b80b8c8): Total: 0.004 seconds - Initiated by RefreshV2(AllowForceSynchronousImport)
Asset Pipeline Refresh (id=683dfd710bb08ea4994d8e8774c560f5): Total: 0.005 seconds - Initiated by RefreshV2(AllowForceSynchronousImport)
Asset Pipeline Refresh (id=b15aedf88f009184e844dca300f84b50): Total: 0.004 seconds - Initiated by RefreshV2(AllowForceSynchronousImport)
Asset Pipeline Refresh (id=fa2a5cf7aa00b6442b4d8d6a1d7530b4): Total: 0.004 seconds - Initiated by RefreshV2(AllowForceSynchronousImport)
Asset Pipeline Refresh (id=aa8d45b83462bbc469509c32a57a5aa2): Total: 0.004 seconds - Initiated by RefreshV2(AllowForceSynchronousImport)
Asset Pipeline Refresh (id=6981f60f3a6838e45a8c8eff19726ba6): Total: 0.004 seconds - Initiated by RefreshV2(AllowForceSynchronousImport)
Asset Pipeline Refresh (id=bb6c2a9a8fea00f4eacd45dbd668f0d8): Total: 0.004 seconds - Initiated by RefreshV2(AllowForceSynchronousImport)
Asset Pipeline Refresh (id=254659b943bb9864f818925a7c5cde67): Total: 0.004 seconds - Initiated by RefreshV2(AllowForceSynchronousImport)
Asset Pipeline Refresh (id=777c795e2e89bc846bdc41febd4c3b41): Total: 0.004 seconds - Initiated by RefreshV2(AllowForceSynchronousImport)
Asset Pipeline Refresh (id=4690360f32d20fe4e8629423b922c993): Total: 0.004 seconds - Initiated by RefreshV2(AllowForceSynchronousImport)
Asset Pipeline Refresh (id=08a992b1cf5c82e4896e2a6efe9472a5): Total: 0.005 seconds - Initiated by RefreshV2(AllowForceSynchronousImport)
Asset Pipeline Refresh (id=a545c864f07eb5b44ab25875ecfa0cff): Total: 0.004 seconds - Initiated by RefreshV2(AllowForceSynchronousImport)
Asset Pipeline Refresh (id=21ef26e66e01bed42b76530884cf89d3): Total: 0.005 seconds - Initiated by RefreshV2(AllowForceSynchronousImport)
Asset Pipeline Refresh (id=d8e362b0b6c00144b91c7f3a27aafd71): Total: 0.004 seconds - Initiated by RefreshV2(AllowForceSynchronousImport)
Asset Pipeline Refresh (id=b1451c0aa0bb1ac4ca630b1bdf01bc93): Total: 0.004 seconds - Initiated by RefreshV2(AllowForceSynchronousImport)
Asset Pipeline Refresh (id=492de94144ebbf84da369d39d0ccdbc3): Total: 0.004 seconds - Initiated by RefreshV2(AllowForceSynchronousImport)
Asset Pipeline Refresh (id=f7454fd6a14993a48a6ebe32880fd3c1): Total: 0.005 seconds - Initiated by RefreshV2(AllowForceSynchronousImport)
Asset Pipeline Refresh (id=11c174f91f09e1649b7921fdaceac36b): Total: 0.005 seconds - Initiated by RefreshV2(AllowForceSynchronousImport)
Asset Pipeline Refresh (id=82a1812d0cd9ff142bbc5df2a167a0ec): Total: 0.005 seconds - Initiated by RefreshV2(AllowForceSynchronousImport)
Asset Pipeline Refresh (id=9281eb9f099a32146b18acaa6dc863fa): Total: 0.004 seconds - Initiated by RefreshV2(AllowForceSynchronousImport)
Asset Pipeline Refresh (id=c4d44510d0391164abe8421d80dece9d): Total: 0.004 seconds - Initiated by RefreshV2(AllowForceSynchronousImport)
Asset Pipeline Refresh (id=1132b96a294905945afee86f61abfa3e): Total: 0.004 seconds - Initiated by RefreshV2(AllowForceSynchronousImport)
Asset Pipeline Refresh (id=4dc5fb10b80bca14f95eb1057ff68a8b): Total: 0.004 seconds - Initiated by RefreshV2(AllowForceSynchronousImport)
Asset Pipeline Refresh (id=d6aef16696822cc4f901a89ae8a5ef8c): Total: 0.004 seconds - Initiated by RefreshV2(AllowForceSynchronousImport)
Asset Pipeline Refresh (id=06b90c276923bec42a01e02ac5f63d6b): Total: 0.004 seconds - Initiated by RefreshV2(AllowForceSynchronousImport)
Asset Pipeline Refresh (id=294660e685a0d854b9a494bbb316b122): Total: 0.004 seconds - Initiated by RefreshV2(AllowForceSynchronousImport)
Asset Pipeline Refresh (id=4485ece46811bb94a85a723c57c8c76a): Total: 0.004 seconds - Initiated by RefreshV2(AllowForceSynchronousImport)
Asset Pipeline Refresh (id=325446aeee9625f4bbaaf03925a0ea79): Total: 0.004 seconds - Initiated by RefreshV2(AllowForceSynchronousImport)
Asset Pipeline Refresh (id=3870bf00278063646bd36dbe8297739e): Total: 0.005 seconds - Initiated by RefreshV2(AllowForceSynchronousImport)
Asset Pipeline Refresh (id=d1cfd7c924aed514d88086c86fdce63a): Total: 0.004 seconds - Initiated by RefreshV2(AllowForceSynchronousImport)
Asset Pipeline Refresh (id=9236de038b6c6b04a872ad5cd33ebc2f): Total: 0.004 seconds - Initiated by RefreshV2(AllowForceSynchronousImport)
Asset Pipeline Refresh (id=a91ec8ff6c0e1c24ea07002a9306a9bd): Total: 0.004 seconds - Initiated by RefreshV2(AllowForceSynchronousImport)
Asset Pipeline Refresh (id=e901ad0be603f874ab363ae4bbc9e633): Total: 0.005 seconds - Initiated by RefreshV2(AllowForceSynchronousImport)
Asset Pipeline Refresh (id=c8a2171c5840edf41847a792b67bdf6b): Total: 0.004 seconds - Initiated by RefreshV2(AllowForceSynchronousImport)
Asset Pipeline Refresh (id=6ff62c09edd1fe2498ebaec0228c71dc): Total: 0.004 seconds - Initiated by RefreshV2(AllowForceSynchronousImport)
Asset Pipeline Refresh (id=6fa7070057df0954cbd128367aac54cc): Total: 0.005 seconds - Initiated by RefreshV2(AllowForceSynchronousImport)
Asset Pipeline Refresh (id=0ae3eede831b58e4d9a24cae46fed24b): Total: 0.004 seconds - Initiated by RefreshV2(AllowForceSynchronousImport)
Asset Pipeline Refresh (id=804c7947de4be224580d26209a48484e): Total: 0.004 seconds - Initiated by RefreshV2(AllowForceSynchronousImport)
Asset Pipeline Refresh (id=3647c5da68d541848b951f5c8ded15fa): Total: 0.004 seconds - Initiated by RefreshV2(AllowForceSynchronousImport)
Asset Pipeline Refresh (id=707cef5fd2b06c04fa3d8e63967bb5b9): Total: 0.004 seconds - Initiated by RefreshV2(AllowForceSynchronousImport)
Asset Pipeline Refresh (id=7b7c2eb3ed7e5e743b83fb572578b137): Total: 0.004 seconds - Initiated by RefreshV2(AllowForceSynchronousImport)
Asset Pipeline Refresh (id=1482ae6cdef79ac41991a7f8a65be03b): Total: 0.005 seconds - Initiated by RefreshV2(AllowForceSynchronousImport)
Asset Pipeline Refresh (id=80d031276ceef644d8a5a535eb827305): Total: 0.005 seconds - Initiated by RefreshV2(AllowForceSynchronousImport)
Asset Pipeline Refresh (id=fa912016eb1dd0749b0a09e792049ac0): Total: 0.004 seconds - Initiated by RefreshV2(AllowForceSynchronousImport)
Asset Pipeline Refresh (id=c04d86a506e013e4aa2d5898b66192fe): Total: 0.004 seconds - Initiated by RefreshV2(AllowForceSynchronousImport)
[Licensing::Client] Successfully resolved entitlement details
Asset Pipeline Refresh (id=054bbcc27effcc140b0cb891d5b01365): Total: 0.005 seconds - Initiated by RefreshV2(AllowForceSynchronousImport)
Asset Pipeline Refresh (id=f215a9f258d9eae499f9d625bc9e3bba): Total: 0.004 seconds - Initiated by RefreshV2(AllowForceSynchronousImport)
Asset Pipeline Refresh (id=39dd0648b4f5f5946b68b3de948a59ed): Total: 0.004 seconds - Initiated by RefreshV2(AllowForceSynchronousImport)
Asset Pipeline Refresh (id=3c06040bfa3673c4ca0a2e77758a34e5): Total: 0.004 seconds - Initiated by RefreshV2(AllowForceSynchronousImport)
Asset Pipeline Refresh (id=364a7830275c9dc4396d93e6c5fef01a): Total: 0.005 seconds - Initiated by RefreshV2(AllowForceSynchronousImport)
Asset Pipeline Refresh (id=004c08989ae5f1d439b00581ea11e261): Total: 0.004 seconds - Initiated by RefreshV2(AllowForceSynchronousImport)
Asset Pipeline Refresh (id=6d8de94a0b0731f4dbb02133a88e824e): Total: 0.004 seconds - Initiated by RefreshV2(AllowForceSynchronousImport)
Asset Pipeline Refresh (id=4fe081623188a8744b60fbdfa1782e1d): Total: 0.004 seconds - Initiated by RefreshV2(AllowForceSynchronousImport)
Asset Pipeline Refresh (id=e19e39d80e3d9ba40a5d81cf226f504c): Total: 0.003 seconds - Initiated by RefreshV2(AllowForceSynchronousImport)
Asset Pipeline Refresh (id=2244cb90e0676ee4fb6dd0c5b5cf0c2e): Total: 0.004 seconds - Initiated by RefreshV2(AllowForceSynchronousImport)
Asset Pipeline Refresh (id=24fdd87d57a7efb449679c66bcf3941b): Total: 0.004 seconds - Initiated by RefreshV2(AllowForceSynchronousImport)
Asset Pipeline Refresh (id=c888a2282950d6f409c305a21f96afca): Total: 0.004 seconds - Initiated by RefreshV2(AllowForceSynchronousImport)
Asset Pipeline Refresh (id=7bb89477f73e8e146ae74fe8edf47261): Total: 0.004 seconds - Initiated by RefreshV2(AllowForceSynchronousImport)
Asset Pipeline Refresh (id=1e862c75ec85c8c439465821641b73ef): Total: 0.003 seconds - Initiated by RefreshV2(AllowForceSynchronousImport)
Asset Pipeline Refresh (id=5bd6337f8512623418742f1d74d3a654): Total: 0.004 seconds - Initiated by RefreshV2(AllowForceSynchronousImport)
Asset Pipeline Refresh (id=1a3bc736e6d75f84db1c90251bf8383b): Total: 0.005 seconds - Initiated by RefreshV2(AllowForceSynchronousImport)
Asset Pipeline Refresh (id=06820ccfda80d0b48aa9a6556d1cc009): Total: 0.003 seconds - Initiated by RefreshV2(AllowForceSynchronousImport)
Asset Pipeline Refresh (id=182717943e4ab5841bf263abaf8eda42): Total: 0.004 seconds - Initiated by RefreshV2(AllowForceSynchronousImport)
Asset Pipeline Refresh (id=f838a41084baa504586923f6e8739025): Total: 0.004 seconds - Initiated by RefreshV2(AllowForceSynchronousImport)
Asset Pipeline Refresh (id=c2c6b5e9851968245b5b159c899c674c): Total: 0.004 seconds - Initiated by RefreshV2(AllowForceSynchronousImport)
Asset Pipeline Refresh (id=a445947d52924464cbee13fbdce83d93): Total: 0.004 seconds - Initiated by RefreshV2(AllowForceSynchronousImport)
Asset Pipeline Refresh (id=febc18d3111eaaf489fb0f479e2bee66): Total: 0.004 seconds - Initiated by RefreshV2(AllowForceSynchronousImport)
Asset Pipeline Refresh (id=a80b1adfafea5054fa9a9ee1b5b2c72a): Total: 0.005 seconds - Initiated by RefreshV2(AllowForceSynchronousImport)
Asset Pipeline Refresh (id=485a3a68f0455c546986ec437a16bfa2): Total: 0.003 seconds - Initiated by RefreshV2(AllowForceSynchronousImport)
Asset Pipeline Refresh (id=3ed3ff62a5ed3c84dbdc0d0747967fdf): Total: 0.005 seconds - Initiated by RefreshV2(AllowForceSynchronousImport)
Asset Pipeline Refresh (id=6f3a9e2644f17e64193e1e28bba4a732): Total: 0.005 seconds - Initiated by RefreshV2(AllowForceSynchronousImport)
Asset Pipeline Refresh (id=a9922590d218d4b41b8bc43a7ed73db1): Total: 0.004 seconds - Initiated by RefreshV2(AllowForceSynchronousImport)
Asset Pipeline Refresh (id=ad495cb6c237c4c46adf1393fc17939a): Total: 0.004 seconds - Initiated by RefreshV2(AllowForceSynchronousImport)
Asset Pipeline Refresh (id=cd2970ff7d1811843ae4abe967cf0d39): Total: 0.004 seconds - Initiated by RefreshV2(AllowForceSynchronousImport)
Asset Pipeline Refresh (id=8cf6e51f61a34c7438d7368c516e0734): Total: 0.004 seconds - Initiated by RefreshV2(AllowForceSynchronousImport)
Asset Pipeline Refresh (id=dea5fa5b2809dd2468218a20466f1c10): Total: 0.004 seconds - Initiated by RefreshV2(AllowForceSynchronousImport)
Asset Pipeline Refresh (id=10eb9482683005240ba92419c5c82e81): Total: 0.004 seconds - Initiated by RefreshV2(AllowForceSynchronousImport)
Asset Pipeline Refresh (id=d0534fa6e25058844b7e6f4371ff50c1): Total: 0.004 seconds - Initiated by RefreshV2(AllowForceSynchronousImport)
Asset Pipeline Refresh (id=086f4c5abb5731a4da3f6a4324a2e363): Total: 0.004 seconds - Initiated by RefreshV2(AllowForceSynchronousImport)
Asset Pipeline Refresh (id=c5f6bd3d5e668b74ca907e67fcd6073c): Total: 0.004 seconds - Initiated by RefreshV2(AllowForceSynchronousImport)
Asset Pipeline Refresh (id=182ab366e1194174299d50269c26d5ad): Total: 0.004 seconds - Initiated by RefreshV2(AllowForceSynchronousImport)
Importing 'GUID: 9b79316e138182449898f5a6aca946f2 - Path: Assets/Shaders/Boiler/SG_BoilerWaterVolume.shadergraph' with importer (ScriptedImporter : Unity.ShaderGraph.Editor:UnityEditor.ShaderGraph:ShaderGraphImporter)
Imported 'GUID: 9b79316e138182449898f5a6aca946f2' -> (Import Result ID: '210f2716da1d91834842f2ea5eb40e63') in 0.346 seconds [static and dynamic dependencies]. Details - ImportResultOutputID=f7427a98ea2778bccfb556e3b07aa125 DependenciesID=9da8a63baabaf74fcef39153f279f961 StaticDependenciesID=853a8642ca7febe4f9a3450e2e3700ed 

Asset Pipeline Refresh (id=d6c446ad681ba7649bff3e995745ef36): Total: 1.519 seconds - Initiated by StopAssetImportingV2(NoUpdateAssetOptions)
	(Values over 0.05ms)
	Summary:
		Imports: total=1 (actual=1, local cache=0, cache server=0)
		Asset DB Process Time: managed=0 ms, native=597 ms
		Asset DB Callback time: managed=9 ms, native=912 ms
		Scripting: domain reloads=0, domain reload time=0 ms, compile time=0 ms, other=0 ms
		Project Asset Count: scripts=1675, non-scripts=3268
		Asset File Changes: new=0, changed=1, moved=0, deleted=0
		Scan Filter Count: 4
	ApplyChangesToAssetFolders: 0.115ms
	Scan: 114.609ms
	Collect global state as custom dependencies: 0.055ms
	OnSourceAssetsModified: 0.091ms
	ProcessAssetsWithTransientArtifactChanges: 0.681ms
	CategorizeAssets: 35.093ms
	ImportOutOfDateAssets: 418.372ms (8.216ms without children)
		ImportManagerImport: 356.268ms (1.787ms without children)
			UpdateCategorizedAssets: 0.485ms
		UnloadImportedAssets: 3.204ms
		ReloadImportedAssets: 4.221ms
		EnsureUptoDateAssetsAreRegisteredWithGuidPM: 0.441ms
		ImportSchedulerStart: 50.172ms
	PostProcessAllAssets: 767.533ms
		ShaderAssetModifiedCallback 757.418ms
		XRBuildSystem.XRAssetImported 0.420ms
		PostprocessAssetsUpdateCachedIcon 0.071ms
		MonoPostProcessAllAssets: 9.381ms
			ShaderGraphAssetPostProcessor.OnPostprocessAllAssets 3.828ms
			SyncVS.PostprocessSyncProject 3.295ms
			AssetChangedListener.OnPostprocessAllAssets 1.016ms
			AssetPostprocessor.OnPostprocessAllAssets 0.200ms
			RenderPipelineGlobalSettingsPostprocessor.OnPostprocessAllAssets 0.105ms
			ShaderReflectionAssetPostProcessor.OnPostprocessAllAssets 0.063ms
	PostAssetChangesProfiler: 153.930ms
	GatherAllCurrentPrimaryImportResultRevisions: 0.188ms
	PersistCurrentRevisions: 0.376ms
	Untracked: 28.066ms

[Worker5] Imported GUID: 9b79316e138182449898f5a6aca946f2 - Path: Assets/Shaders/Boiler/SG_BoilerWaterVolume.shadergraph - Importer: ScriptedImporter/UnityEditor.QuickSearchModule:UnityEditor.Search:ASIAI0B -> (ImportResultId: '5ea6aeaee9e671b597779529bb0c6dca') in 0.4154281 seconds
[Worker2] Imported GUID: 9b79316e138182449898f5a6aca946f2 - Path: Assets/Shaders/Boiler/SG_BoilerWaterVolume.shadergraph - Importer: PreviewImporter -> (ImportResultId: '4e2ef71e50ce8fad67d0e3d6b633f14e') in 7.4327567 seconds
Unloading 0 Unused Serialized files (Serialized files now loaded: 0)
Unloading 28 unused Assets / (166.8 KB). Loaded Objects now: 11457.
Memory consumption went from 1.10 GB to 1.10 GB.
Total: 85.083100 ms (FindLiveObjects: 0.630700 ms CreateObjectMapping: 1.510100 ms MarkObjects: 64.343300 ms  DeleteObjects: 18.593100 ms)

Asset Pipeline Refresh (id=e663d82ea13d9144f9de1c6d8438ee2c): Total: 0.012 seconds - Initiated by RefreshV2(AllowForceSynchronousImport)
Importing 'GUID: b7ad54f727dbaea4a877d4977e9cc97b - Path: Assets/Materials/Boiler/New Material.mat' with importer (NativeFormatImporter)
Imported 'GUID: b7ad54f727dbaea4a877d4977e9cc97b' -> (Import Result ID: '53a0d371ac94ed73a1930a8c43173dea') in 0.003 seconds [static dependencies only]. Details - ImportResultOutputID=a973383cb61ec7d741d5667f77fd91ac DependenciesID=c73ebbc9419f0a6f4ca0ffb62dac2925 StaticDependenciesID=44f9b79f2b45a0b42cca4c6316c5e4a6 
Refreshing native plugins compatible for Editor in 3.10 ms, found 4 plugins.
Asset Pipeline Refresh (id=056d2a731656677439ee4a3035961434): Total: 0.204 seconds - Initiated by StopAssetImportingV2(NoUpdateAssetOptions)
Importing 'GUID: b7ad54f727dbaea4a877d4977e9cc97b - Path: Assets/Materials/Boiler/New Material.mat' with importer (NativeFormatImporter)
Imported 'GUID: b7ad54f727dbaea4a877d4977e9cc97b' -> (Import Result ID: 'ab09ab8f5f0e6db5f18553aebd6116ba') in 0.002 seconds [static dependencies only]. Details - ImportResultOutputID=a973383cb61ec7d741d5667f77fd91ac DependenciesID=23dc8c59775d001ddc39818710604083 StaticDependenciesID=2b884319323f3135aab8cd3fb814c0b7 
Refreshing native plugins compatible for Editor in 2.73 ms, found 4 plugins.
Asset Pipeline Refresh (id=aec15e6f4214928448f1220d7ef5165c): Total: 0.162 seconds - Initiated by StopAssetImportingV2(NoUpdateAssetOptions)
[Worker2] Imported GUID: b7ad54f727dbaea4a877d4977e9cc97b - Path: Assets/Materials/Boiler/New Material.mat - Importer: ScriptedImporter/UnityEditor.QuickSearchModule:UnityEditor.Search:ASIAI0B -> (ImportResultId: '9bedfea55b4a292ff95c1a56a5a552ef') in 0.1481825 seconds
Asset Pipeline Refresh (id=0154ac5be5540ee46841949071f43e34): Total: 0.011 seconds - Initiated by RefreshV2(AllowForceSynchronousImport)
Importing 'GUID: b7ad54f727dbaea4a877d4977e9cc97b - Path: Assets/Materials/Boiler/M_BoilerWaterDrum.mat' with importer (NativeFormatImporter)
Imported 'GUID: b7ad54f727dbaea4a877d4977e9cc97b' -> (Import Result ID: 'd766b24f07acaa7ebcdaa0bb6da0eff4') in 0.001 seconds [static dependencies only]. Details - ImportResultOutputID=a973383cb61ec7d741d5667f77fd91ac DependenciesID=fa1de76e83f5a555264b919eb8b359b8 StaticDependenciesID=85334633227fd24aecd32bff5489970c 
Refreshing native plugins compatible for Editor in 2.93 ms, found 4 plugins.
Asset Pipeline Refresh (id=37a228e956379d6429ec726a79269dce): Total: 0.124 seconds - Initiated by StopAssetImportingV2(NoUpdateAssetOptions)
[Worker2] Imported GUID: b7ad54f727dbaea4a877d4977e9cc97b - Path: Assets/Materials/Boiler/M_BoilerWaterDrum.mat - Importer: ScriptedImporter/UnityEditor.QuickSearchModule:UnityEditor.Search:ASIAI0B -> (ImportResultId: 'e91da6b80a67c1c5d4b7dd42afbbd4c9') in 0.0373907 seconds
Asset Pipeline Refresh (id=25f26b45254c1a24ba9f0eb7f9a6c3aa): Total: 0.010 seconds - Initiated by RefreshV2(AllowForceSynchronousImport)
Launched and connected shader compiler UnityShaderCompiler.exe after 0.04 seconds
Launched and connected shader compiler UnityShaderCompiler.exe after 0.01 seconds
Asset Pipeline Refresh (id=9453cc9ec5f2a514492ad294fe93b127): Total: 0.005 seconds - Initiated by RefreshV2(AllowForceSynchronousImport)
Asset Pipeline Refresh (id=fedba2c5e7693f049a38c5df50ae6962): Total: 0.004 seconds - Initiated by RefreshV2(AllowForceSynchronousImport)
Asset Pipeline Refresh (id=0391ebd0730437444abcdacb91de9aa9): Total: 0.004 seconds - Initiated by RefreshV2(AllowForceSynchronousImport)
Asset Pipeline Refresh (id=6581eaafb8333d846b369ecfff1aa32d): Total: 0.004 seconds - Initiated by RefreshV2(AllowForceSynchronousImport)
Asset Pipeline Refresh (id=27527b5c6dda4424db1de1d328494767): Total: 0.004 seconds - Initiated by RefreshV2(AllowForceSynchronousImport)
Asset Pipeline Refresh (id=c158e9267b4939148bfe19741f39db67): Total: 0.004 seconds - Initiated by RefreshV2(AllowForceSynchronousImport)
Asset Pipeline Refresh (id=891a1c949354a434e883d4689608dd1c): Total: 0.004 seconds - Initiated by RefreshV2(AllowForceSynchronousImport)
Asset Pipeline Refresh (id=784d84c64c7d1854db6b4c6316040600): Total: 0.004 seconds - Initiated by RefreshV2(AllowForceSynchronousImport)
Asset Pipeline Refresh (id=c211a6eb68e765c4bacc863c5442dd27): Total: 0.004 seconds - Initiated by RefreshV2(AllowForceSynchronousImport)
Asset Pipeline Refresh (id=b5db66f1a065b604ca43fcc891dd7d0c): Total: 0.004 seconds - Initiated by RefreshV2(AllowForceSynchronousImport)
Asset Pipeline Refresh (id=5ebbabb9444bbb94bbfbf7ffa17c4ba1): Total: 0.004 seconds - Initiated by RefreshV2(AllowForceSynchronousImport)
Asset Pipeline Refresh (id=908bfd6ff200b1949bd0a80134994a93): Total: 0.004 seconds - Initiated by RefreshV2(AllowForceSynchronousImport)
Asset Pipeline Refresh (id=34f91b696b980e44d992be7d2018b7de): Total: 0.004 seconds - Initiated by RefreshV2(AllowForceSynchronousImport)
Launched and connected shader compiler UnityShaderCompiler.exe after 0.01 seconds
Asset Pipeline Refresh (id=f3ca618f17c252b418f18f7e498230e1): Total: 0.004 seconds - Initiated by RefreshV2(AllowForceSynchronousImport)
Asset Pipeline Refresh (id=ce5ef2286011ea448bf0818e7b01f88c): Total: 0.004 seconds - Initiated by RefreshV2(AllowForceSynchronousImport)
Asset Pipeline Refresh (id=2632207404ad5374583653c291bf4e90): Total: 0.004 seconds - Initiated by RefreshV2(AllowForceSynchronousImport)
Asset Pipeline Refresh (id=815613e365109164d971715a2c5acd48): Total: 0.006 seconds - Initiated by RefreshV2(AllowForceSynchronousImport)
Reloading assemblies for play mode.
Reloading assemblies after forced synchronous recompile.
[Licensing::Client] Successfully resolved entitlement details
Begin MonoManager ReloadAssembly
Native extension for UWP target not found
Native extension for WindowsStandalone target not found
Native extension for OSXStandalone target not found
Native extension for WebGL target not found
ScheduleIndexationOnStartup MainProcess:True IndexOnStartup:True
[MODES] ModeService[none].Initialize
[MODES] ModeService[none].LoadModes
Mono: successfully reloaded assembly
- Finished resetting the current domain, in  2.268 seconds
Domain Reload Profiling: 4135ms
	BeginReloadAssembly (979ms)
		DisableScriptedObjects (142ms)
		CreateAndSetChildDomain (595ms)
	RebuildCommonClasses (8ms)
	RebuildNativeTypeToScriptingClass (11ms)
	initialDomainReloadingComplete (178ms)
	LoadAllAssembliesAndSetupDomain (690ms)
		LoadAssemblies (634ms)
		AnalyzeDomain (25ms)
			TypeCache.Refresh (9ms)
			ResolveRequiredComponents (11ms)
	FinalizeReload (2269ms)
		SetupLoadedEditorAssemblies (0ms)
			InitializePlatformSupportModulesInManaged (9ms)
			BeforeProcessingInitializeOnLoad (96ms)
			ProcessInitializeOnLoadAttributes (387ms)
			ProcessInitializeOnLoadMethodAttributes (138ms)
			AfterProcessingInitializeOnLoad (5ms)
		AwakeInstancesAfterBackupRestoration (654ms)

Asset Pipeline Refresh (id=76dd6982dab9c294485370a3f46ac951): Total: 18.282 seconds - Initiated by StopAssetImportingV2(ForceSynchronousImport | ForceDomainReload)
	(Values over 0.05ms)
	Summary:
		Imports: total=0 (actual=0, local cache=0, cache server=0)
		Asset DB Process Time: managed=0 ms, native=2456 ms
		Asset DB Callback time: managed=30 ms, native=0 ms
		Scripting: domain reloads=1, domain reload time=15792 ms, compile time=1 ms, other=0 ms
		Project Asset Count: scripts=1675, non-scripts=3269
		Asset File Changes: new=0, changed=0, moved=0, deleted=0
		Scan Filter Count: 0
	InvokePackagesCallback: 1.308ms
	ApplyChangesToAssetFolders: 0.331ms
	Collect global state as custom dependencies: 2.634ms
	ProcessAssetsWithTransientArtifactChanges: 0.283ms
	CategorizeAssets: 75.849ms
	CompileScripts: 1.341ms
	ImportOutOfDateAssets: 2332.615ms (2281.531ms without children)
		CollectScriptTypesHashes: 1.608ms
		ReloadNativeAssets: 1.578ms
		UnloadImportedAssets: 0.254ms
		EnsureUptoDateAssetsAreRegisteredWithGuidPM: 0.584ms
		ImportSchedulerStart: 48.620ms
	PostProcessAllAssets: 30.630ms
		MonoPostProcessAllAssets: 30.625ms
			HDRenderPipelineGlobalSettingsPostprocessor.OnPostprocessAllAssets 9.957ms
			SyncVS.PostprocessSyncProject 7.187ms
			SpeedTree9Postprocessor.OnPostprocessAllAssets 1.590ms
			WindowAssetPostprocessingWatcher.OnPostprocessAllAssets 1.504ms
			RenderPipelineGlobalSettingsPostprocessor.OnPostprocessAllAssets 0.617ms
			CinemachineSettings.OnPostprocessAllAssets 0.385ms
			MaterialPostprocessor.OnPostprocessAllAssets 0.364ms
			ShaderReflectionAssetPostProcessor.OnPostprocessAllAssets 0.314ms
			ReferencedClipsPostProcessor.OnPostprocessAllAssets 0.274ms
			InputActionAssetPostprocessor.OnPostprocessAllAssets 0.239ms
			DomainReloadProcessor.OnPostprocessAllAssets 0.197ms
			ProjectSettingsPostprocessor.OnPostprocessAllAssets 0.170ms
			TerrainToolbarOverlayPostProcessor.OnPostprocessAllAssets 0.128ms
			AssetDatabaseCallbacks.OnPostprocessAllAssets 0.117ms
			ShaderGraphAssetPostProcessor.OnPostprocessAllAssets 0.083ms
			AssetPostprocessor.OnPostprocessAllAssets 0.062ms
			AssetChangedListener.OnPostprocessAllAssets 0.056ms
	GatherAllCurrentPrimaryImportResultRevisions: 0.173ms
	PersistCurrentRevisions: 0.132ms
	GenerateScriptTypeHashes: 2.743ms
	GenerateScriptTypeSerializationHashes: 5.011ms
	Untracked: 15830.516ms

Loaded scene 'Temp/__Backupscenes/0.backup'
	Deserialize:            7.039 ms
	Integration:            251.319 ms
	Integration of assets:  0.007 ms
	Thread Wait Time:       0.003 ms
	Total Operation Time:   258.368 ms
[Licensing::Client] Successfully resolved entitlement details
[Licensing::Client] Successfully resolved entitlement details
[Licensing::Client] Successfully resolved entitlement details
Unloading 3 Unused Serialized files (Serialized files now loaded: 0)
Loaded scene 'Temp/__Backupscenes/0.backup'
	Deserialize:            3.416 ms
	Integration:            185.100 ms
	Integration of assets:  0.002 ms
	Thread Wait Time:       0.009 ms
	Total Operation Time:   188.528 ms
Unloading 338 unused Assets / (189.2 MB). Loaded Objects now: 10954.
Memory consumption went from 1.11 GB to 0.93 GB.
Total: 42.860000 ms (FindLiveObjects: 0.609100 ms CreateObjectMapping: 1.523000 ms MarkObjects: 11.218200 ms  DeleteObjects: 29.508200 ms)

[Licensing::Client] Successfully resolved entitlement details

Asset Pipeline Refresh (id=9c275f7511388b343ba689eeea573b50): Total: 0.412 seconds - Initiated by RefreshV2(AllowForceSynchronousImport)
	(Values over 0.05ms)
	Summary:
		Imports: total=0 (actual=0, local cache=0, cache server=0)
		Asset DB Process Time: managed=0 ms, native=221 ms
		Asset DB Callback time: managed=0 ms, native=189 ms
		Scripting: domain reloads=0, domain reload time=0 ms, compile time=0 ms, other=0 ms
		Project Asset Count: scripts=1675, non-scripts=3269
		Asset File Changes: new=0, changed=0, moved=0, deleted=0
		Scan Filter Count: 0
	InvokePackagesCallback: 190.370ms
	ApplyChangesToAssetFolders: 0.257ms
	Scan: 212.948ms
	Collect global state as custom dependencies: 0.067ms
	GatherAllCurrentPrimaryImportResultRevisions: 0.666ms
	UnloadStreamsBegin: 0.117ms
	UnloadStreamsEnd: 0.100ms
	Untracked: 4.701ms

Asset Pipeline Refresh (id=8068ae7aad2839e4c83ceef0d5eab6a7): Total: 0.004 seconds - Initiated by RefreshV2(AllowForceSynchronousImport)
Request Asset Garbage Collect because used heap size increased from 0.93 GB to 1.19 GB, exceeding the threshold of 256.0 MB.
Unloading 690 Unused Serialized files (Serialized files now loaded: 0)
Unloading 1822 unused Assets / (1.0 MB). Loaded Objects now: 11608.
Memory consumption went from 1.18 GB to 1.18 GB.
Total: 31.279200 ms (FindLiveObjects: 0.842400 ms CreateObjectMapping: 2.280700 ms MarkObjects: 26.579800 ms  DeleteObjects: 1.575000 ms)


Asset Pipeline Refresh (id=3fe8793fbab52294096334209f3abcab): Total: 8.608 seconds - Initiated by RefreshV2(AllowForceSynchronousImport)
	(Values over 0.05ms)
	Summary:
		Imports: total=0 (actual=0, local cache=0, cache server=0)
		Asset DB Process Time: managed=0 ms, native=8608 ms
		Asset DB Callback time: managed=0 ms, native=0 ms
		Scripting: domain reloads=0, domain reload time=0 ms, compile time=0 ms, other=0 ms
		Project Asset Count: scripts=1675, non-scripts=3269
		Asset File Changes: new=0, changed=0, moved=0, deleted=0
		Scan Filter Count: 0
	InvokePackagesCallback: 4.331ms
	ApplyChangesToAssetFolders: 0.801ms
	Collect global state as custom dependencies: 0.098ms
	GatherAllCurrentPrimaryImportResultRevisions: 1.204ms
	UnloadStreamsBegin: 0.299ms
	Untracked: 8599.243ms

Asset Pipeline Refresh (id=094b345f244bd264b86713e9fe7b7a44): Total: 0.004 seconds - Initiated by RefreshV2(AllowForceSynchronousImport)
Scanning for USB devices : 6.511ms
Scanning for USB devices : 5.947ms
Scanning for USB devices : 5.992ms
Scanning for USB devices : 6.442ms
Scanning for USB devices : 6.418ms
Scanning for USB devices : 6.042ms
Scanning for USB devices : 5.999ms
Scanning for USB devices : 6.424ms
Scanning for USB devices : 5.992ms
Scanning for USB devices : 5.851ms
Scanning for USB devices : 6.477ms
Scanning for USB devices : 6.521ms
Scanning for USB devices : 6.860ms
Scanning for USB devices : 6.234ms
Scanning for USB devices : 6.256ms
Scanning for USB devices : 6.027ms
Scanning for USB devices : 5.968ms
Scanning for USB devices : 6.584ms
Importing 'GUID: 9b79316e138182449898f5a6aca946f2 - Path: Assets/Shaders/Boiler/SG_BoilerWaterVolume.shadergraph' with importer (ScriptedImporter : Unity.ShaderGraph.Editor:UnityEditor.ShaderGraph:ShaderGraphImporter)
Imported 'GUID: 9b79316e138182449898f5a6aca946f2' -> (Import Result ID: 'ccf7f1a16979e63257c84b95a5ccbec7') in 1.207 seconds [static and dynamic dependencies]. Details - ImportResultOutputID=f7427a98ea2778bccfb556e3b07aa125 DependenciesID=2acb8a7b6721315f5a625e1c08e61ec6 StaticDependenciesID=71a6d66eca8fbb91ca70bbed78fa077d 
Refreshing native plugins compatible for Editor in 3.19 ms, found 4 plugins.

Asset Pipeline Refresh (id=ae875b936e9210043b2c1f3a303dc1a6): Total: 9.263 seconds - Initiated by StopAssetImportingV2(NoUpdateAssetOptions)
	(Values over 0.05ms)
	Summary:
		Imports: total=1 (actual=1, local cache=0, cache server=0)
		Asset DB Process Time: managed=1 ms, native=5288 ms
		Asset DB Callback time: managed=371 ms, native=3602 ms
		Scripting: domain reloads=0, domain reload time=0 ms, compile time=0 ms, other=0 ms
		Project Asset Count: scripts=1675, non-scripts=3269
		Asset File Changes: new=0, changed=1, moved=0, deleted=0
		Scan Filter Count: 4
	ApplyChangesToAssetFolders: 0.147ms
	Scan: 12.087ms
	Collect global state as custom dependencies: 0.062ms
	OnSourceAssetsModified: 0.826ms
	ProcessAssetsWithTransientArtifactChanges: 0.165ms
	CategorizeAssets: 36.272ms
	ImportOutOfDateAssets: 5233.023ms (6.799ms without children)
		ImportManagerImport: 4746.649ms (6.420ms without children)
			UpdateCategorizedAssets: 1.121ms
		UnloadImportedAssets: 0.813ms
		ReloadImportedAssets: 2859.989ms
		EnsureUptoDateAssetsAreRegisteredWithGuidPM: 0.527ms
		ImportSchedulerStart: 478.180ms
	PostProcessAllAssets: 3967.295ms
		ShaderAssetModifiedCallback 3594.063ms
		XRBuildSystem.XRAssetImported 2.267ms
		MonoPostProcessAllAssets: 370.413ms
			SyncVS.PostprocessSyncProject 342.286ms
			AssetChangedListener.OnPostprocessAllAssets 5.531ms
			BuilderAssetPostprocessor.OnPostprocessAllAssets 4.838ms
			ShaderGraphAssetPostProcessor.OnPostprocessAllAssets 4.748ms
			AssetPostprocessor.OnPostprocessAllAssets 3.443ms
			MaterialPostprocessor.OnPostprocessAllAssets 2.914ms
			VFXGraphPreprocessor.OnPostprocessAllAssets 0.957ms
			RetainedModeAssetPostprocessor.OnPostprocessAllAssets 0.894ms
			TMPro_TexturePostProcessor.OnPostprocessAllAssets 0.548ms
			ArtifactBrowserPostProcessor.OnPostprocessAllAssets 0.451ms
			TextAssetPostProcessor.OnPostprocessAllAssets 0.324ms
			UVCSAssetPostprocessor.OnPostprocessAllAssets 0.323ms
			SampleDependencyImporterPostProcessor.OnPostprocessAllAssets 0.304ms
			AudioMixerPostprocessor.OnPostprocessAllAssets 0.265ms
			InputActionJsonNameModifierAssetProcessor.OnPostprocessAllAssets 0.224ms
			PostProcessor.OnPostprocessAllAssets 0.217ms
			StyleCatalogPostProcessor.OnPostprocessAllAssets 0.178ms
			AssetEvents.OnPostprocessAllAssets 0.172ms
			SpeedTreePostProcessor.OnPostprocessAllAssets 0.139ms
			ShaderReflectionAssetPostProcessor.OnPostprocessAllAssets 0.116ms
			ScenarioDriftAssetsTracker.OnPostprocessAllAssets 0.112ms
			SamplePostprocessor.OnPostprocessAllAssets 0.111ms
			RenderPipelineGlobalSettingsPostprocessor.OnPostprocessAllAssets 0.111ms
			ConfigAssetsTracker.OnPostprocessAllAssets 0.108ms
			InputActionAssetPostprocessor.OnPostprocessAllAssets 0.072ms
			AudioContainerPostProcessor.OnPostprocessAllAssets 0.067ms
	PostAssetChangesProfiler: 5.321ms
	GatherAllCurrentPrimaryImportResultRevisions: 0.380ms
	PersistCurrentRevisions: 0.182ms
	Untracked: 7.358ms

Unloading 0 Unused Serialized files (Serialized files now loaded: 0)
Scanning for USB devices : 6.860ms
Scanning for USB devices : 6.191ms
Scanning for USB devices : 5.876ms
Scanning for USB devices : 6.058ms
Unloading 26 unused Assets / (12.2 KB). Loaded Objects now: 11513.
Memory consumption went from 1.16 GB to 1.16 GB.
Total: 25.587000 ms (FindLiveObjects: 0.621900 ms CreateObjectMapping: 1.392700 ms MarkObjects: 23.411200 ms  DeleteObjects: 0.158900 ms)

Scanning for USB devices : 6.405ms
Scanning for USB devices : 6.383ms
Scanning for USB devices : 6.705ms
Scanning for USB devices : 6.484ms
Scanning for USB devices : 6.476ms
Scanning for USB devices : 6.790ms
Scanning for USB devices : 6.229ms
Scanning for USB devices : 5.968ms
Asset Pipeline Refresh (id=2ff0bc4ddada6b3499951c35a993b6d5): Total: 0.011 seconds - Initiated by RefreshV2(AllowForceSynchronousImport)
Importing 'GUID: b7ad54f727dbaea4a877d4977e9cc97b - Path: Assets/Materials/Boiler/M_BoilerWaterDrum.mat' with importer (NativeFormatImporter)
Imported 'GUID: b7ad54f727dbaea4a877d4977e9cc97b' -> (Import Result ID: '122a07e6a1496c8bfa0843392c0d117e') in 0.002 seconds [static dependencies only]. Details - ImportResultOutputID=a973383cb61ec7d741d5667f77fd91ac DependenciesID=25e93a7d96d67bbd64e4ed6d08270bcd StaticDependenciesID=47537961119b83f1353173301c549716 

Asset Pipeline Refresh (id=500654f890808374ab0911e7782d8d51): Total: 3.731 seconds - Initiated by StopAssetImportingV2(NoUpdateAssetOptions)
	(Values over 0.05ms)
	Summary:
		Imports: total=1 (actual=1, local cache=0, cache server=0)
		Asset DB Process Time: managed=0 ms, native=3486 ms
		Asset DB Callback time: managed=238 ms, native=7 ms
		Scripting: domain reloads=0, domain reload time=0 ms, compile time=0 ms, other=0 ms
		Project Asset Count: scripts=1675, non-scripts=3269
		Asset File Changes: new=0, changed=1, moved=0, deleted=0
		Scan Filter Count: 4
	ApplyChangesToAssetFolders: 0.115ms
	Scan: 6.401ms
	Collect global state as custom dependencies: 0.055ms
	ProcessAssetsWithTransientArtifactChanges: 0.120ms
	CategorizeAssets: 31.869ms
	ImportOutOfDateAssets: 3443.947ms (9.505ms without children)
		ImportManagerImport: 535.995ms (89.608ms without children)
		UnloadImportedAssets: 0.164ms
		EnsureUptoDateAssetsAreRegisteredWithGuidPM: 0.453ms
		ImportSchedulerStart: 2897.781ms
	PostProcessAllAssets: 243.358ms
		XRBuildSystem.XRAssetImported 5.245ms
		MonoPostProcessAllAssets: 238.001ms
			MaterialPostprocessor.OnPostprocessAllAssets 235.432ms
			SyncVS.PostprocessSyncProject 0.778ms
			AssetChangedListener.OnPostprocessAllAssets 0.133ms
			ShaderGraphAssetPostProcessor.OnPostprocessAllAssets 0.080ms
			RenderPipelineGlobalSettingsPostprocessor.OnPostprocessAllAssets 0.076ms
			AssetPostprocessor.OnPostprocessAllAssets 0.056ms
	PostAssetChangesProfiler: 1.858ms
	GatherAllCurrentPrimaryImportResultRevisions: 0.245ms
	PersistCurrentRevisions: 0.180ms
	Untracked: 3.213ms

Importing 'GUID: 460413cec7ffcbc40a1e44a530fb670a - Path: Assets/Scenes/MathTest.unity' with importer (DefaultImporter)
Imported 'GUID: 460413cec7ffcbc40a1e44a530fb670a' -> (Import Result ID: 'e81071b25dedd0dd9a471e0afdd0c064') in 0.002 seconds [static dependencies only]. Details - ImportResultOutputID=680d2e664be8deb15235647ac656d403 DependenciesID=64d7a1fd33afe6b5045f552566b71967 StaticDependenciesID=3ab25f64ec5e8e95a1a7c008085946f6 

Asset Pipeline Refresh (id=8b50f147245e778419208ad8939f9e9e): Total: 0.513 seconds - Initiated by StopAssetImportingV2(NoUpdateAssetOptions)
	(Values over 0.05ms)
	Summary:
		Imports: total=1 (actual=1, local cache=0, cache server=0)
		Asset DB Process Time: managed=0 ms, native=509 ms
		Asset DB Callback time: managed=1 ms, native=2 ms
		Scripting: domain reloads=0, domain reload time=0 ms, compile time=0 ms, other=0 ms
		Project Asset Count: scripts=1675, non-scripts=3269
		Asset File Changes: new=0, changed=1, moved=0, deleted=0
		Scan Filter Count: 3
	ApplyChangesToAssetFolders: 0.253ms
	Scan: 7.960ms
	ProcessAssetsWithTransientArtifactChanges: 0.067ms
	CategorizeAssets: 31.625ms
	ImportOutOfDateAssets: 464.691ms (7.262ms without children)
		ImportManagerImport: 408.038ms (1.331ms without children)
			UpdateCategorizedAssets: 0.092ms
		UnloadImportedAssets: 0.165ms
		EnsureUptoDateAssetsAreRegisteredWithGuidPM: 1.188ms
		ImportSchedulerStart: 47.989ms
	PostProcessAllAssets: 1.741ms
		XRBuildSystem.XRAssetImported 0.360ms
		MonoPostProcessAllAssets: 1.253ms
			SyncVS.PostprocessSyncProject 0.730ms
			ShaderGraphAssetPostProcessor.OnPostprocessAllAssets 0.075ms
			RenderPipelineGlobalSettingsPostprocessor.OnPostprocessAllAssets 0.058ms
			AssetPostprocessor.OnPostprocessAllAssets 0.055ms
	PostAssetChangesProfiler: 1.832ms
	GatherAllCurrentPrimaryImportResultRevisions: 0.370ms
	UnloadStreamsBegin: 0.066ms
	PersistCurrentRevisions: 0.181ms
	Untracked: 3.781ms

MonoPathRemapper: Attempts to remap: 316078; Successful remaps: 145662
Serialized file version minimum: 23, current 23
[LAYOUT] About to save layout C:\Projetos\IC_Proccess_Simulation\UserSettings\Layouts\default-6000.dwlt
[LAYOUT] About to save layout C:/Users/saulo/AppData/Roaming/Unity/Editor-5.x/Preferences\Layouts\current\default-6000.dwlt
Input System module state changed to: ShutdownInProgress.
Input Polling Thread exited.
Input System module state changed to: Shutdown.
[Physics::Module] Cleanup current backend.
[Physics::Module] Id: 0xf2b8ea05
[Licensing::IpcConnector] LicenseClient-saulo-6000.5.1-notifications channel disconnected successfully.
[Licensing::IpcConnector] LicenseClient-saulo-6000.5.1 channel disconnected successfully.
AcceleratorClientConnectionCallback - disconnected - :0
Shut down.
Cleanup mono
CodeReloadManager destroyed
